user_id,signup_date,channel,campaign,subscription_start_date,plan,revenue_first_90_days
500001,2025-01-01,paid_social,prospecting_video,,,0
500002,2025-01-01,organic,,,,0
500003,2025-01-01,affiliate,finance_blogs,,,0
500004,2025-01-01,paid_social,prospecting_video,,,0
500005,2025-01-01,referral,,,,0
500006,2025-01-01,paid_social,retargeting,,,0
500007,2025-01-01,paid_search,brand_search,2025-01-01,monthly,29.97
500008,2025-01-01,paid_social,prospecting_video,,,0
500009,2025-01-01,paid_social,prospecting_video,,,0
500010,2025-01-01,organic,,,,0
500011,2025-01-01,paid_social,prospecting_video,,,0
500012,2025-01-01,referral,,2025-01-03,monthly,29.97
500013,2025-01-01,paid_social,prospecting_video,,,0
500014,2025-01-01,paid_social,retargeting,,,0
500015,2025-01-01,paid_search,generic_search,,,0
500016,2025-01-01,paid_social,retargeting,,,0
500017,2025-01-01,paid_social,prospecting_video,,,0
500018,2025-01-01,referral,,,,0
500019,2025-01-01,paid_search,brand_search,,,0
500020,2025-01-01,affiliate,finance_blogs,,,0
500021,2025-01-01,paid_social,prospecting_video,,,0
500022,2025-01-01,paid_social,prospecting_video,2025-01-03,monthly,19.98
500023,2025-01-01,paid_social,prospecting_video,,,0
500024,2025-01-01,paid_search,brand_search,,,0
500025,2025-01-01,paid_social,prospecting_video,,,0
500026,2025-01-01,paid_social,retargeting,,,0
500027,2025-01-01,organic,,,,0
500028,2025-01-01,paid_social,retargeting,,,0
500029,2025-01-01,organic,,,,0
500030,2025-01-01,paid_social,prospecting_video,,,0
500031,2025-01-01,paid_search,generic_search,,,0
500032,2025-01-01,paid_social,prospecting_video,,,0
500033,2025-01-01,organic,,,,0
500034,2025-01-01,referral,,,,0
500035,2025-01-01,paid_search,brand_search,,,0
500036,2025-01-01,paid_social,prospecting_video,,,0
500037,2025-01-01,display,display_network,,,0
500038,2025-01-01,paid_social,prospecting_video,,,0
500039,2025-01-01,paid_social,prospecting_video,,,0
500040,2025-01-01,paid_search,generic_search,,,0
500041,2025-01-01,paid_social,prospecting_video,,,0
500042,2025-01-01,paid_social,prospecting_video,,,0
500043,2025-01-01,paid_search,brand_search,,,0
500044,2025-01-01,display,display_network,,,0
500045,2025-01-01,paid_social,prospecting_video,,,0
500046,2025-01-01,paid_social,prospecting_video,,,0
500047,2025-01-01,paid_social,retargeting,,,0
500048,2025-01-01,paid_search,brand_search,,,0
500049,2025-01-01,organic,,,,0
500050,2025-01-01,paid_social,retargeting,2025-01-05,annual,79.99
500051,2025-01-01,paid_search,brand_search,,,0
500052,2025-01-01,display,display_network,,,0
500053,2025-01-01,referral,,2025-01-01,annual,79.99
500054,2025-01-01,display,display_network,,,0
500055,2025-01-01,affiliate,finance_blogs,2025-01-03,monthly,19.98
500056,2025-01-01,affiliate,finance_blogs,,,0
500057,2025-01-01,paid_social,retargeting,,,0
500058,2025-01-01,paid_social,retargeting,,,0
500059,2025-01-01,affiliate,finance_blogs,,,0
500060,2025-01-01,paid_social,prospecting_video,,,0
500061,2025-01-01,paid_search,brand_search,,,0
500062,2025-01-01,paid_social,prospecting_video,,,0
500063,2025-01-01,paid_social,retargeting,,,0
500064,2025-01-01,paid_social,prospecting_video,,,0
500065,2025-01-01,paid_social,retargeting,,,0
500066,2025-01-01,paid_social,prospecting_video,,,0
500067,2025-01-01,paid_search,brand_search,,,0
500068,2025-01-01,paid_social,prospecting_video,,,0
500069,2025-01-01,paid_social,prospecting_video,,,0
500070,2025-01-01,paid_social,prospecting_video,,,0
500071,2025-01-01,paid_social,prospecting_video,,,0
500072,2025-01-01,paid_social,prospecting_video,,,0
500073,2025-01-01,paid_social,retargeting,,,0
500074,2025-01-01,paid_social,prospecting_video,,,0
500075,2025-01-01,paid_social,prospecting_video,,,0
500076,2025-01-01,paid_social,retargeting,2025-01-02,monthly,29.97
500077,2025-01-01,paid_social,prospecting_video,,,0
500078,2025-01-01,paid_search,brand_search,,,0
500079,2025-01-01,paid_social,prospecting_video,,,0
500080,2025-01-01,paid_social,retargeting,,,0
500081,2025-01-01,paid_social,retargeting,2025-01-01,annual,79.99
500082,2025-01-01,organic,,2025-01-01,monthly,9.99
500083,2025-01-01,paid_social,prospecting_video,,,0
500084,2025-01-01,paid_social,prospecting_video,,,0
500085,2025-01-01,paid_social,prospecting_video,,,0
500086,2025-01-01,organic,,,,0
500087,2025-01-01,paid_search,brand_search,,,0
500088,2025-01-01,organic,,,,0
500089,2025-01-01,paid_social,retargeting,,,0
500090,2025-01-01,paid_search,brand_search,,,0
500091,2025-01-01,paid_social,prospecting_video,,,0
500092,2025-01-01,paid_social,retargeting,,,0
500093,2025-01-01,paid_search,brand_search,,,0
500094,2025-01-01,paid_social,prospecting_video,,,0
500095,2025-01-01,paid_search,brand_search,,,0
500096,2025-01-01,paid_social,prospecting_video,,,0
500097,2025-01-01,paid_social,prospecting_video,,,0
500098,2025-01-02,paid_social,prospecting_video,,,0
500099,2025-01-02,organic,,,,0
500100,2025-01-02,paid_social,retargeting,2025-01-05,monthly,29.97
500101,2025-01-02,paid_social,prospecting_video,,,0
500102,2025-01-02,paid_social,retargeting,,,0
500103,2025-01-02,paid_social,retargeting,,,0
500104,2025-01-02,paid_social,prospecting_video,,,0
500105,2025-01-02,paid_social,prospecting_video,,,0
500106,2025-01-02,organic,,,,0
500107,2025-01-02,paid_social,retargeting,,,0
500108,2025-01-02,paid_social,prospecting_video,,,0
500109,2025-01-02,paid_search,generic_search,,,0
500110,2025-01-02,display,display_network,,,0
500111,2025-01-02,referral,,,,0
500112,2025-01-02,paid_search,brand_search,2025-01-11,monthly,19.98
500113,2025-01-02,paid_social,retargeting,2025-01-15,annual,79.99
500114,2025-01-02,paid_social,prospecting_video,,,0
500115,2025-01-02,paid_search,brand_search,,,0
500116,2025-01-02,affiliate,finance_blogs,,,0
500117,2025-01-02,organic,,,,0
500118,2025-01-02,paid_social,prospecting_video,,,0
500119,2025-01-02,organic,,2025-01-12,monthly,29.97
500120,2025-01-02,paid_search,generic_search,2025-01-09,monthly,29.97
500121,2025-01-02,paid_social,prospecting_video,,,0
500122,2025-01-02,paid_search,brand_search,,,0
500123,2025-01-02,paid_social,retargeting,,,0
500124,2025-01-02,paid_search,generic_search,,,0
500125,2025-01-02,display,display_network,,,0
500126,2025-01-02,paid_social,prospecting_video,,,0
500127,2025-01-02,paid_search,generic_search,2025-01-02,annual,79.99
500128,2025-01-02,organic,,,,0
500129,2025-01-02,affiliate,finance_blogs,,,0
500130,2025-01-02,paid_search,generic_search,,,0
500131,2025-01-02,affiliate,finance_blogs,,,0
500132,2025-01-02,paid_search,generic_search,,,0
500133,2025-01-02,paid_social,prospecting_video,,,0
500134,2025-01-02,paid_social,prospecting_video,,,0
500135,2025-01-02,display,display_network,,,0
500136,2025-01-02,organic,,,,0
500137,2025-01-02,paid_social,prospecting_video,,,0
500138,2025-01-02,paid_search,generic_search,,,0
500139,2025-01-02,paid_social,retargeting,,,0
500140,2025-01-02,referral,,2025-01-03,annual,79.99
500141,2025-01-02,affiliate,finance_blogs,,,0
500142,2025-01-02,paid_social,prospecting_video,,,0
500143,2025-01-02,paid_search,brand_search,2025-01-05,annual,79.99
500144,2025-01-02,affiliate,finance_blogs,,,0
500145,2025-01-02,organic,,,,0
500146,2025-01-02,referral,,,,0
500147,2025-01-02,paid_social,retargeting,,,0
500148,2025-01-02,paid_social,prospecting_video,,,0
500149,2025-01-02,paid_search,brand_search,,,0
500150,2025-01-02,organic,,2025-01-06,monthly,29.97
500151,2025-01-02,paid_social,prospecting_video,,,0
500152,2025-01-02,paid_social,retargeting,2025-01-05,monthly,29.97
500153,2025-01-02,organic,,,,0
500154,2025-01-02,paid_search,generic_search,,,0
500155,2025-01-02,paid_social,retargeting,,,0
500156,2025-01-02,affiliate,finance_blogs,,,0
500157,2025-01-02,paid_search,brand_search,,,0
500158,2025-01-02,paid_social,prospecting_video,,,0
500159,2025-01-02,paid_social,prospecting_video,,,0
500160,2025-01-02,paid_social,prospecting_video,,,0
500161,2025-01-02,paid_search,brand_search,,,0
500162,2025-01-02,paid_social,prospecting_video,,,0
500163,2025-01-02,paid_social,prospecting_video,,,0
500164,2025-01-02,display,display_network,,,0
500165,2025-01-02,organic,,,,0
500166,2025-01-02,paid_social,prospecting_video,,,0
500167,2025-01-02,paid_social,prospecting_video,,,0
500168,2025-01-02,organic,,,,0
500169,2025-01-02,organic,,,,0
500170,2025-01-02,paid_search,brand_search,,,0
500171,2025-01-02,paid_search,brand_search,,,0
500172,2025-01-02,referral,,2025-01-02,monthly,29.97
500173,2025-01-02,organic,,,,0
500174,2025-01-02,paid_social,retargeting,2025-01-08,annual,79.99
500175,2025-01-02,paid_social,prospecting_video,,,0
500176,2025-01-02,paid_social,prospecting_video,,,0
500177,2025-01-02,paid_search,generic_search,,,0
500178,2025-01-02,organic,,2025-01-04,monthly,29.97
500179,2025-01-02,paid_search,generic_search,,,0
500180,2025-01-02,organic,,,,0
500181,2025-01-02,referral,,,,0
500182,2025-01-02,paid_search,generic_search,,,0
500183,2025-01-02,paid_social,prospecting_video,,,0
500184,2025-01-02,paid_social,prospecting_video,,,0
500185,2025-01-02,paid_search,generic_search,,,0
500186,2025-01-02,paid_social,prospecting_video,,,0
500187,2025-01-02,affiliate,finance_blogs,,,0
500188,2025-01-02,paid_social,prospecting_video,,,0
500189,2025-01-02,organic,,,,0
500190,2025-01-02,paid_social,retargeting,,,0
500191,2025-01-02,paid_social,prospecting_video,,,0
500192,2025-01-02,paid_search,brand_search,,,0
500193,2025-01-02,organic,,,,0
500194,2025-01-02,paid_search,brand_search,,,0
500195,2025-01-02,organic,,,,0
500196,2025-01-02,paid_social,prospecting_video,,,0
500197,2025-01-02,paid_social,prospecting_video,,,0
500198,2025-01-02,paid_social,prospecting_video,,,0
500199,2025-01-02,paid_search,brand_search,2025-01-02,annual,79.99
500200,2025-01-02,paid_social,prospecting_video,,,0
500201,2025-01-02,paid_social,prospecting_video,,,0
500202,2025-01-02,organic,,,,0
500203,2025-01-02,affiliate,finance_blogs,,,0
500204,2025-01-02,paid_search,brand_search,,,0
500205,2025-01-02,paid_social,retargeting,,,0
500206,2025-01-03,display,display_network,,,0
500207,2025-01-03,paid_social,prospecting_video,,,0
500208,2025-01-03,paid_social,retargeting,,,0
500209,2025-01-03,paid_social,prospecting_video,,,0
500210,2025-01-03,paid_social,prospecting_video,,,0
500211,2025-01-03,paid_social,retargeting,,,0
500212,2025-01-03,organic,,,,0
500213,2025-01-03,organic,,,,0
500214,2025-01-03,paid_social,prospecting_video,,,0
500215,2025-01-03,paid_search,generic_search,,,0
500216,2025-01-03,organic,,,,0
500217,2025-01-03,paid_search,generic_search,,,0
500218,2025-01-03,organic,,,,0
500219,2025-01-03,paid_social,prospecting_video,,,0
500220,2025-01-03,paid_social,retargeting,,,0
500221,2025-01-03,referral,,,,0
500222,2025-01-03,paid_social,retargeting,,,0
500223,2025-01-03,paid_social,prospecting_video,,,0
500224,2025-01-03,paid_search,brand_search,,,0
500225,2025-01-03,paid_social,prospecting_video,,,0
500226,2025-01-03,paid_social,retargeting,,,0
500227,2025-01-03,paid_social,prospecting_video,,,0
500228,2025-01-03,organic,,2025-01-09,monthly,29.97
500229,2025-01-03,referral,,2025-01-05,monthly,29.97
500230,2025-01-03,paid_social,prospecting_video,,,0
500231,2025-01-03,paid_social,prospecting_video,,,0
500232,2025-01-03,paid_social,retargeting,,,0
500233,2025-01-03,paid_search,brand_search,,,0
500234,2025-01-03,organic,,,,0
500235,2025-01-03,paid_social,prospecting_video,,,0
500236,2025-01-03,paid_social,prospecting_video,,,0
500237,2025-01-03,paid_social,prospecting_video,,,0
500238,2025-01-03,paid_search,generic_search,,,0
500239,2025-01-03,paid_social,prospecting_video,,,0
500240,2025-01-03,referral,,,,0
500241,2025-01-03,paid_social,prospecting_video,,,0
500242,2025-01-03,paid_social,prospecting_video,,,0
500243,2025-01-03,paid_social,prospecting_video,,,0
500244,2025-01-03,paid_social,prospecting_video,,,0
500245,2025-01-03,paid_search,brand_search,,,0
500246,2025-01-03,paid_social,prospecting_video,,,0
500247,2025-01-03,paid_search,generic_search,,,0
500248,2025-01-03,paid_social,prospecting_video,,,0
500249,2025-01-03,paid_search,generic_search,2025-01-03,monthly,29.97
500250,2025-01-03,paid_social,prospecting_video,,,0
500251,2025-01-03,paid_search,generic_search,2025-01-06,monthly,29.97
500252,2025-01-03,paid_search,brand_search,,,0
500253,2025-01-03,paid_search,generic_search,2025-01-08,monthly,29.97
500254,2025-01-03,paid_social,prospecting_video,,,0
500255,2025-01-03,paid_social,prospecting_video,,,0
500256,2025-01-03,paid_search,brand_search,,,0
500257,2025-01-03,paid_social,prospecting_video,,,0
500258,2025-01-03,paid_social,retargeting,,,0
500259,2025-01-03,paid_social,prospecting_video,,,0
500260,2025-01-03,paid_search,generic_search,,,0
500261,2025-01-03,paid_search,brand_search,,,0
500262,2025-01-03,paid_social,prospecting_video,,,0
500263,2025-01-03,affiliate,finance_blogs,,,0
500264,2025-01-03,paid_social,prospecting_video,,,0
500265,2025-01-03,paid_search,generic_search,,,0
500266,2025-01-03,organic,,,,0
500267,2025-01-03,referral,,,,0
500268,2025-01-03,paid_search,generic_search,,,0
500269,2025-01-03,paid_search,generic_search,,,0
500270,2025-01-03,paid_social,prospecting_video,,,0
500271,2025-01-03,paid_social,prospecting_video,,,0
500272,2025-01-03,paid_social,prospecting_video,,,0
500273,2025-01-03,paid_search,brand_search,2025-01-07,annual,79.99
500274,2025-01-03,organic,,,,0
500275,2025-01-03,organic,,,,0
500276,2025-01-03,paid_social,retargeting,,,0
500277,2025-01-03,referral,,,,0
500278,2025-01-03,paid_search,generic_search,,,0
500279,2025-01-03,paid_social,prospecting_video,,,0
500280,2025-01-03,paid_social,retargeting,,,0
500281,2025-01-03,organic,,,,0
500282,2025-01-03,paid_search,brand_search,,,0
500283,2025-01-03,paid_social,retargeting,2025-01-12,monthly,29.97
500284,2025-01-03,paid_social,retargeting,,,0
500285,2025-01-03,paid_search,brand_search,,,0
500286,2025-01-03,affiliate,finance_blogs,,,0
500287,2025-01-03,paid_search,brand_search,,,0
500288,2025-01-03,paid_social,retargeting,,,0
500289,2025-01-03,referral,,,,0
500290,2025-01-04,referral,,,,0
500291,2025-01-04,paid_search,brand_search,,,0
500292,2025-01-04,organic,,,,0
500293,2025-01-04,organic,,,,0
500294,2025-01-04,paid_social,prospecting_video,,,0
500295,2025-01-04,organic,,,,0
500296,2025-01-04,affiliate,finance_blogs,,,0
500297,2025-01-04,paid_search,brand_search,,,0
500298,2025-01-04,affiliate,finance_blogs,,,0
500299,2025-01-04,referral,,,,0
500300,2025-01-04,paid_social,prospecting_video,,,0
500301,2025-01-04,organic,,,,0
500302,2025-01-04,paid_social,retargeting,,,0
500303,2025-01-04,paid_social,prospecting_video,,,0
500304,2025-01-04,paid_social,prospecting_video,,,0
500305,2025-01-04,display,display_network,,,0
500306,2025-01-04,organic,,,,0
500307,2025-01-04,paid_search,brand_search,,,0
500308,2025-01-04,paid_social,retargeting,,,0
500309,2025-01-04,paid_social,retargeting,,,0
500310,2025-01-04,organic,,,,0
500311,2025-01-04,paid_social,prospecting_video,,,0
500312,2025-01-04,organic,,,,0
500313,2025-01-04,paid_social,retargeting,,,0
500314,2025-01-04,paid_social,retargeting,,,0
500315,2025-01-04,paid_social,prospecting_video,,,0
500316,2025-01-04,paid_social,prospecting_video,,,0
500317,2025-01-04,organic,,,,0
500318,2025-01-04,paid_search,brand_search,,,0
500319,2025-01-04,organic,,,,0
500320,2025-01-04,paid_search,generic_search,2025-01-04,monthly,29.97
500321,2025-01-04,paid_social,prospecting_video,,,0
500322,2025-01-04,paid_search,generic_search,,,0
500323,2025-01-04,organic,,,,0
500324,2025-01-04,paid_search,brand_search,,,0
500325,2025-01-04,paid_social,retargeting,,,0
500326,2025-01-04,organic,,2025-01-17,monthly,19.98
500327,2025-01-04,paid_social,retargeting,,,0
500328,2025-01-04,organic,,,,0
500329,2025-01-04,referral,,,,0
500330,2025-01-04,paid_social,retargeting,,,0
500331,2025-01-04,referral,,,,0
500332,2025-01-04,paid_social,prospecting_video,,,0
500333,2025-01-04,paid_social,prospecting_video,,,0
500334,2025-01-04,paid_social,retargeting,,,0
500335,2025-01-04,paid_search,brand_search,2025-01-06,monthly,29.97
500336,2025-01-04,referral,,,,0
500337,2025-01-04,organic,,,,0
500338,2025-01-04,organic,,2025-01-04,annual,79.99
500339,2025-01-04,paid_search,brand_search,,,0
500340,2025-01-04,paid_social,prospecting_video,,,0
500341,2025-01-04,paid_search,brand_search,,,0
500342,2025-01-04,paid_search,brand_search,,,0
500343,2025-01-04,paid_search,brand_search,2025-01-06,monthly,29.97
500344,2025-01-04,paid_social,prospecting_video,,,0
500345,2025-01-04,paid_social,prospecting_video,,,0
500346,2025-01-04,paid_search,brand_search,,,0
500347,2025-01-04,affiliate,finance_blogs,,,0
500348,2025-01-04,organic,,,,0
500349,2025-01-04,organic,,,,0
500350,2025-01-04,paid_social,prospecting_video,,,0
500351,2025-01-04,paid_social,prospecting_video,,,0
500352,2025-01-04,paid_social,prospecting_video,,,0
500353,2025-01-04,organic,,,,0
500354,2025-01-04,paid_social,prospecting_video,,,0
500355,2025-01-04,paid_social,prospecting_video,,,0
500356,2025-01-04,referral,,,,0
500357,2025-01-04,paid_social,prospecting_video,,,0
500358,2025-01-04,paid_social,retargeting,,,0
500359,2025-01-04,paid_search,brand_search,,,0
500360,2025-01-04,affiliate,finance_blogs,,,0
500361,2025-01-04,organic,,2025-01-07,monthly,29.97
500362,2025-01-04,paid_social,retargeting,,,0
500363,2025-01-04,paid_social,prospecting_video,,,0
500364,2025-01-04,paid_social,retargeting,2025-01-09,monthly,9.99
500365,2025-01-04,display,display_network,,,0
500366,2025-01-04,organic,,,,0
500367,2025-01-04,paid_social,prospecting_video,,,0
500368,2025-01-04,organic,,,,0
500369,2025-01-04,paid_social,prospecting_video,,,0
500370,2025-01-04,paid_search,generic_search,2025-01-04,monthly,29.97
500371,2025-01-04,paid_social,retargeting,,,0
500372,2025-01-04,paid_social,prospecting_video,,,0
500373,2025-01-04,paid_search,generic_search,,,0
500374,2025-01-04,organic,,,,0
500375,2025-01-04,paid_social,prospecting_video,,,0
500376,2025-01-04,paid_social,prospecting_video,,,0
500377,2025-01-04,organic,,,,0
500378,2025-01-04,paid_social,prospecting_video,,,0
500379,2025-01-04,paid_social,prospecting_video,,,0
500380,2025-01-04,organic,,,,0
500381,2025-01-04,organic,,,,0
500382,2025-01-04,paid_social,prospecting_video,,,0
500383,2025-01-05,referral,,,,0
500384,2025-01-05,paid_social,prospecting_video,,,0
500385,2025-01-05,paid_social,prospecting_video,,,0
500386,2025-01-05,paid_social,prospecting_video,,,0
500387,2025-01-05,organic,,,,0
500388,2025-01-05,organic,,,,0
500389,2025-01-05,paid_social,prospecting_video,,,0
500390,2025-01-05,paid_search,generic_search,,,0
500391,2025-01-05,paid_social,prospecting_video,,,0
500392,2025-01-05,paid_social,prospecting_video,,,0
500393,2025-01-05,paid_search,generic_search,,,0
500394,2025-01-05,paid_search,generic_search,,,0
500395,2025-01-05,paid_social,prospecting_video,,,0
500396,2025-01-05,paid_search,generic_search,,,0
500397,2025-01-05,paid_social,prospecting_video,,,0
500398,2025-01-05,paid_social,prospecting_video,,,0
500399,2025-01-05,paid_search,generic_search,,,0
500400,2025-01-05,paid_search,brand_search,,,0
500401,2025-01-05,paid_social,prospecting_video,,,0
500402,2025-01-05,referral,,,,0
500403,2025-01-05,paid_search,generic_search,,,0
500404,2025-01-05,referral,,,,0
500405,2025-01-05,paid_social,prospecting_video,,,0
500406,2025-01-05,paid_social,retargeting,,,0
500407,2025-01-05,paid_search,brand_search,,,0
500408,2025-01-05,paid_search,brand_search,2025-01-06,monthly,29.97
500409,2025-01-05,paid_social,prospecting_video,,,0
500410,2025-01-05,referral,,,,0
500411,2025-01-05,organic,,,,0
500412,2025-01-05,organic,,,,0
500413,2025-01-05,paid_social,retargeting,,,0
500414,2025-01-05,organic,,,,0
500415,2025-01-05,paid_social,retargeting,,,0
500416,2025-01-05,referral,,,,0
500417,2025-01-05,paid_search,brand_search,,,0
500418,2025-01-05,paid_social,prospecting_video,,,0
500419,2025-01-05,referral,,2025-01-09,monthly,19.98
500420,2025-01-05,paid_social,prospecting_video,,,0
500421,2025-01-05,paid_social,prospecting_video,,,0
500422,2025-01-05,paid_social,prospecting_video,,,0
500423,2025-01-05,organic,,,,0
500424,2025-01-05,paid_social,prospecting_video,,,0
500425,2025-01-05,paid_search,generic_search,,,0
500426,2025-01-05,affiliate,finance_blogs,,,0
500427,2025-01-05,organic,,2025-01-07,monthly,29.97
500428,2025-01-05,paid_social,prospecting_video,,,0
500429,2025-01-05,organic,,,,0
500430,2025-01-05,paid_social,prospecting_video,,,0
500431,2025-01-05,paid_social,retargeting,,,0
500432,2025-01-05,organic,,,,0
500433,2025-01-05,paid_social,retargeting,2025-01-05,annual,79.99
500434,2025-01-05,paid_search,generic_search,,,0
500435,2025-01-05,referral,,,,0
500436,2025-01-05,paid_social,prospecting_video,,,0
500437,2025-01-05,organic,,,,0
500438,2025-01-05,paid_search,generic_search,,,0
500439,2025-01-05,paid_social,prospecting_video,2025-01-07,monthly,29.97
500440,2025-01-05,paid_search,brand_search,,,0
500441,2025-01-05,organic,,,,0
500442,2025-01-05,paid_social,prospecting_video,,,0
500443,2025-01-05,paid_search,generic_search,,,0
500444,2025-01-05,organic,,,,0
500445,2025-01-05,paid_social,prospecting_video,,,0
500446,2025-01-05,paid_social,retargeting,2025-01-08,monthly,9.99
500447,2025-01-05,paid_search,generic_search,,,0
500448,2025-01-05,paid_search,brand_search,,,0
500449,2025-01-05,paid_social,prospecting_video,,,0
500450,2025-01-05,referral,,,,0
500451,2025-01-05,paid_social,prospecting_video,,,0
500452,2025-01-05,paid_social,prospecting_video,,,0
500453,2025-01-05,referral,,,,0
500454,2025-01-05,organic,,,,0
500455,2025-01-05,affiliate,finance_blogs,,,0
500456,2025-01-05,paid_social,prospecting_video,,,0
500457,2025-01-05,affiliate,finance_blogs,,,0
500458,2025-01-05,paid_search,brand_search,,,0
500459,2025-01-05,referral,,,,0
500460,2025-01-05,paid_search,generic_search,,,0
500461,2025-01-05,paid_social,prospecting_video,,,0
500462,2025-01-05,paid_social,prospecting_video,,,0
500463,2025-01-05,paid_search,brand_search,,,0
500464,2025-01-05,paid_social,prospecting_video,,,0
500465,2025-01-05,paid_search,brand_search,,,0
500466,2025-01-06,organic,,,,0
500467,2025-01-06,paid_social,retargeting,,,0
500468,2025-01-06,paid_search,brand_search,,,0
500469,2025-01-06,display,display_network,,,0
500470,2025-01-06,organic,,,,0
500471,2025-01-06,paid_social,retargeting,,,0
500472,2025-01-06,paid_social,retargeting,,,0
500473,2025-01-06,referral,,,,0
500474,2025-01-06,organic,,,,0
500475,2025-01-06,paid_search,brand_search,,,0
500476,2025-01-06,paid_social,prospecting_video,,,0
500477,2025-01-06,paid_search,brand_search,,,0
500478,2025-01-06,paid_search,generic_search,,,0
500479,2025-01-06,paid_search,generic_search,2025-01-08,annual,79.99
500480,2025-01-06,paid_social,prospecting_video,,,0
500481,2025-01-06,affiliate,finance_blogs,,,0
500482,2025-01-06,organic,,,,0
500483,2025-01-06,paid_social,prospecting_video,,,0
500484,2025-01-06,paid_search,generic_search,,,0
500485,2025-01-06,paid_social,prospecting_video,,,0
500486,2025-01-06,paid_search,generic_search,,,0
500487,2025-01-06,paid_search,generic_search,,,0
500488,2025-01-06,paid_search,brand_search,2025-01-19,monthly,29.97
500489,2025-01-06,paid_social,prospecting_video,,,0
500490,2025-01-06,affiliate,finance_blogs,,,0
500491,2025-01-06,paid_search,generic_search,2025-01-08,monthly,29.97
500492,2025-01-06,organic,,,,0
500493,2025-01-06,paid_social,retargeting,,,0
500494,2025-01-06,referral,,,,0
500495,2025-01-06,organic,,,,0
500496,2025-01-06,organic,,,,0
500497,2025-01-06,paid_social,prospecting_video,,,0
500498,2025-01-06,organic,,,,0
500499,2025-01-06,paid_social,retargeting,2025-01-07,monthly,29.97
500500,2025-01-06,referral,,,,0
500501,2025-01-06,organic,,,,0
500502,2025-01-06,paid_social,prospecting_video,,,0
500503,2025-01-06,paid_search,generic_search,,,0
500504,2025-01-06,paid_social,retargeting,2025-01-07,annual,79.99
500505,2025-01-06,paid_social,prospecting_video,,,0
500506,2025-01-06,paid_social,retargeting,,,0
500507,2025-01-06,paid_search,generic_search,,,0
500508,2025-01-06,organic,,,,0
500509,2025-01-06,paid_social,prospecting_video,,,0
500510,2025-01-06,paid_social,retargeting,,,0
500511,2025-01-06,paid_search,generic_search,,,0
500512,2025-01-06,paid_search,generic_search,,,0
500513,2025-01-06,affiliate,finance_blogs,,,0
500514,2025-01-06,display,display_network,,,0
500515,2025-01-06,paid_search,generic_search,,,0
500516,2025-01-06,paid_social,prospecting_video,,,0
500517,2025-01-06,paid_search,generic_search,,,0
500518,2025-01-06,paid_social,prospecting_video,,,0
500519,2025-01-06,paid_search,generic_search,,,0
500520,2025-01-06,paid_search,generic_search,,,0
500521,2025-01-06,paid_social,prospecting_video,,,0
500522,2025-01-06,paid_search,brand_search,2025-01-08,monthly,29.97
500523,2025-01-06,paid_social,retargeting,,,0
500524,2025-01-06,paid_social,prospecting_video,,,0
500525,2025-01-06,organic,,,,0
500526,2025-01-06,paid_search,generic_search,,,0
500527,2025-01-06,referral,,,,0
500528,2025-01-06,paid_search,brand_search,,,0
500529,2025-01-06,organic,,,,0
500530,2025-01-06,paid_search,brand_search,,,0
500531,2025-01-06,paid_search,brand_search,,,0
500532,2025-01-06,paid_social,retargeting,,,0
500533,2025-01-06,paid_social,prospecting_video,,,0
500534,2025-01-06,paid_search,brand_search,2025-01-10,annual,79.99
500535,2025-01-06,paid_social,retargeting,,,0
500536,2025-01-06,affiliate,finance_blogs,,,0
500537,2025-01-06,paid_search,brand_search,,,0
500538,2025-01-06,paid_social,prospecting_video,,,0
500539,2025-01-06,paid_social,prospecting_video,,,0
500540,2025-01-06,paid_search,generic_search,,,0
500541,2025-01-06,organic,,,,0
500542,2025-01-06,paid_search,brand_search,,,0
500543,2025-01-06,organic,,,,0
500544,2025-01-06,paid_social,prospecting_video,,,0
500545,2025-01-06,paid_social,prospecting_video,,,0
500546,2025-01-06,organic,,,,0
500547,2025-01-06,paid_social,prospecting_video,,,0
500548,2025-01-06,paid_search,generic_search,,,0
500549,2025-01-06,paid_search,brand_search,,,0
500550,2025-01-06,organic,,,,0
500551,2025-01-06,paid_social,retargeting,2025-01-06,annual,79.99
500552,2025-01-06,organic,,,,0
500553,2025-01-06,organic,,,,0
500554,2025-01-06,paid_search,brand_search,,,0
500555,2025-01-06,referral,,,,0
500556,2025-01-06,display,display_network,,,0
500557,2025-01-06,paid_search,generic_search,,,0
500558,2025-01-06,organic,,,,0
500559,2025-01-06,paid_social,prospecting_video,,,0
500560,2025-01-06,organic,,,,0
500561,2025-01-06,organic,,,,0
500562,2025-01-06,paid_social,prospecting_video,2025-01-06,monthly,29.97
500563,2025-01-06,paid_social,prospecting_video,,,0
500564,2025-01-06,paid_social,prospecting_video,,,0
500565,2025-01-06,paid_search,generic_search,,,0
500566,2025-01-06,organic,,,,0
500567,2025-01-06,organic,,,,0
500568,2025-01-06,affiliate,finance_blogs,,,0
500569,2025-01-06,paid_social,prospecting_video,,,0
500570,2025-01-06,paid_social,prospecting_video,,,0
500571,2025-01-06,referral,,,,0
500572,2025-01-07,paid_social,prospecting_video,,,0
500573,2025-01-07,organic,,,,0
500574,2025-01-07,organic,,,,0
500575,2025-01-07,paid_social,prospecting_video,,,0
500576,2025-01-07,paid_search,brand_search,,,0
500577,2025-01-07,referral,,,,0
500578,2025-01-07,organic,,2025-01-07,annual,79.99
500579,2025-01-07,paid_social,retargeting,,,0
500580,2025-01-07,organic,,2025-01-07,monthly,29.97
500581,2025-01-07,paid_social,prospecting_video,,,0
500582,2025-01-07,paid_social,prospecting_video,,,0
500583,2025-01-07,affiliate,finance_blogs,,,0
500584,2025-01-07,paid_search,generic_search,,,0
500585,2025-01-07,paid_social,prospecting_video,,,0
500586,2025-01-07,paid_search,generic_search,,,0
500587,2025-01-07,paid_search,generic_search,2025-01-07,annual,79.99
500588,2025-01-07,organic,,,,0
500589,2025-01-07,paid_social,prospecting_video,,,0
500590,2025-01-07,paid_social,retargeting,2025-01-11,monthly,29.97
500591,2025-01-07,paid_search,brand_search,,,0
500592,2025-01-07,affiliate,finance_blogs,,,0
500593,2025-01-07,referral,,,,0
500594,2025-01-07,organic,,,,0
500595,2025-01-07,paid_social,prospecting_video,,,0
500596,2025-01-07,paid_social,retargeting,,,0
500597,2025-01-07,paid_social,prospecting_video,,,0
500598,2025-01-07,paid_social,retargeting,,,0
500599,2025-01-07,organic,,,,0
500600,2025-01-07,paid_search,generic_search,,,0
500601,2025-01-07,paid_social,prospecting_video,,,0
500602,2025-01-07,paid_search,generic_search,,,0
500603,2025-01-07,paid_social,prospecting_video,,,0
500604,2025-01-07,paid_search,brand_search,2025-01-09,annual,79.99
500605,2025-01-07,paid_search,brand_search,,,0
500606,2025-01-07,paid_social,retargeting,,,0
500607,2025-01-07,paid_social,prospecting_video,2025-01-11,monthly,29.97
500608,2025-01-07,referral,,2025-01-07,monthly,29.97
500609,2025-01-07,paid_social,prospecting_video,,,0
500610,2025-01-07,paid_social,retargeting,2025-01-09,monthly,29.97
500611,2025-01-07,paid_social,prospecting_video,,,0
500612,2025-01-07,paid_search,brand_search,,,0
500613,2025-01-07,paid_social,retargeting,,,0
500614,2025-01-07,paid_social,prospecting_video,,,0
500615,2025-01-07,organic,,,,0
500616,2025-01-07,paid_search,brand_search,,,0
500617,2025-01-07,paid_search,brand_search,2025-01-09,monthly,29.97
500618,2025-01-07,organic,,,,0
500619,2025-01-07,organic,,,,0
500620,2025-01-07,paid_search,brand_search,,,0
500621,2025-01-07,referral,,,,0
500622,2025-01-07,affiliate,finance_blogs,2025-01-08,monthly,29.97
500623,2025-01-07,organic,,,,0
500624,2025-01-07,paid_social,prospecting_video,,,0
500625,2025-01-07,paid_search,brand_search,,,0
500626,2025-01-07,paid_search,generic_search,,,0
500627,2025-01-07,paid_social,retargeting,2025-01-07,annual,79.99
500628,2025-01-07,organic,,,,0
500629,2025-01-07,paid_social,prospecting_video,,,0
500630,2025-01-07,paid_search,brand_search,,,0
500631,2025-01-07,affiliate,finance_blogs,,,0
500632,2025-01-07,paid_search,brand_search,,,0
500633,2025-01-07,paid_social,prospecting_video,,,0
500634,2025-01-07,paid_social,retargeting,,,0
500635,2025-01-07,organic,,,,0
500636,2025-01-07,paid_social,retargeting,,,0
500637,2025-01-07,organic,,2025-01-11,annual,79.99
500638,2025-01-07,organic,,,,0
500639,2025-01-07,organic,,,,0
500640,2025-01-07,display,display_network,,,0
500641,2025-01-07,paid_search,generic_search,,,0
500642,2025-01-07,paid_social,prospecting_video,,,0
500643,2025-01-07,paid_social,retargeting,,,0
500644,2025-01-07,paid_social,retargeting,,,0
500645,2025-01-07,paid_social,retargeting,,,0
500646,2025-01-07,paid_search,brand_search,2025-01-18,monthly,19.98
500647,2025-01-07,paid_social,prospecting_video,,,0
500648,2025-01-07,referral,,,,0
500649,2025-01-07,organic,,,,0
500650,2025-01-07,paid_search,brand_search,,,0
500651,2025-01-07,paid_social,prospecting_video,,,0
500652,2025-01-07,paid_social,retargeting,,,0
500653,2025-01-07,paid_social,prospecting_video,,,0
500654,2025-01-07,paid_search,brand_search,,,0
500655,2025-01-07,paid_search,generic_search,2025-01-08,monthly,29.97
500656,2025-01-07,paid_social,prospecting_video,,,0
500657,2025-01-07,paid_social,retargeting,2025-01-08,monthly,29.97
500658,2025-01-07,referral,,,,0
500659,2025-01-07,paid_search,brand_search,,,0
500660,2025-01-07,paid_social,prospecting_video,,,0
500661,2025-01-07,paid_social,retargeting,,,0
500662,2025-01-07,organic,,,,0
500663,2025-01-07,paid_search,generic_search,,,0
500664,2025-01-07,paid_search,brand_search,,,0
500665,2025-01-07,affiliate,finance_blogs,2025-01-08,monthly,29.97
500666,2025-01-07,paid_search,generic_search,,,0
500667,2025-01-07,affiliate,finance_blogs,,,0
500668,2025-01-07,paid_search,generic_search,,,0
500669,2025-01-07,referral,,,,0
500670,2025-01-08,paid_search,brand_search,,,0
500671,2025-01-08,referral,,,,0
500672,2025-01-08,paid_search,brand_search,,,0
500673,2025-01-08,paid_search,generic_search,,,0
500674,2025-01-08,paid_search,generic_search,,,0
500675,2025-01-08,paid_search,brand_search,,,0
500676,2025-01-08,referral,,2025-01-12,annual,79.99
500677,2025-01-08,paid_search,brand_search,,,0
500678,2025-01-08,affiliate,finance_blogs,,,0
500679,2025-01-08,paid_social,retargeting,,,0
500680,2025-01-08,paid_social,prospecting_video,,,0
500681,2025-01-08,paid_social,retargeting,,,0
500682,2025-01-08,paid_social,prospecting_video,,,0
500683,2025-01-08,paid_social,prospecting_video,,,0
500684,2025-01-08,organic,,2025-01-08,annual,79.99
500685,2025-01-08,referral,,,,0
500686,2025-01-08,paid_social,prospecting_video,,,0
500687,2025-01-08,organic,,,,0
500688,2025-01-08,organic,,,,0
500689,2025-01-08,paid_social,prospecting_video,,,0
500690,2025-01-08,paid_search,generic_search,,,0
500691,2025-01-08,paid_social,prospecting_video,,,0
500692,2025-01-08,paid_search,generic_search,,,0
500693,2025-01-08,paid_search,brand_search,,,0
500694,2025-01-08,paid_search,brand_search,,,0
500695,2025-01-08,paid_social,prospecting_video,,,0
500696,2025-01-08,paid_social,retargeting,,,0
500697,2025-01-08,paid_social,prospecting_video,,,0
500698,2025-01-08,paid_social,prospecting_video,,,0
500699,2025-01-08,paid_social,retargeting,,,0
500700,2025-01-08,paid_social,retargeting,2025-01-11,monthly,29.97
500701,2025-01-08,paid_search,brand_search,,,0
500702,2025-01-08,organic,,,,0
500703,2025-01-08,paid_social,prospecting_video,,,0
500704,2025-01-08,paid_social,prospecting_video,,,0
500705,2025-01-08,paid_social,retargeting,,,0
500706,2025-01-08,organic,,,,0
500707,2025-01-08,paid_social,retargeting,,,0
500708,2025-01-08,organic,,,,0
500709,2025-01-08,paid_search,generic_search,,,0
500710,2025-01-08,paid_search,generic_search,,,0
500711,2025-01-08,paid_social,prospecting_video,,,0
500712,2025-01-08,paid_search,generic_search,,,0
500713,2025-01-08,paid_social,prospecting_video,,,0
500714,2025-01-08,paid_search,brand_search,,,0
500715,2025-01-08,organic,,,,0
500716,2025-01-08,paid_search,brand_search,,,0
500717,2025-01-08,paid_social,retargeting,,,0
500718,2025-01-08,paid_search,generic_search,2025-01-15,monthly,29.97
500719,2025-01-08,referral,,,,0
500720,2025-01-08,paid_social,prospecting_video,,,0
500721,2025-01-08,paid_social,prospecting_video,,,0
500722,2025-01-08,affiliate,finance_blogs,,,0
500723,2025-01-08,paid_social,prospecting_video,,,0
500724,2025-01-08,paid_social,prospecting_video,,,0
500725,2025-01-08,organic,,,,0
500726,2025-01-08,paid_search,generic_search,,,0
500727,2025-01-08,paid_social,retargeting,2025-01-13,monthly,29.97
500728,2025-01-08,paid_search,generic_search,2025-01-11,annual,79.99
500729,2025-01-08,paid_social,prospecting_video,,,0
500730,2025-01-08,paid_social,prospecting_video,,,0
500731,2025-01-08,organic,,2025-01-08,monthly,29.97
500732,2025-01-08,paid_search,generic_search,,,0
500733,2025-01-08,paid_social,prospecting_video,,,0
500734,2025-01-08,paid_social,prospecting_video,,,0
500735,2025-01-08,paid_social,prospecting_video,,,0
500736,2025-01-08,paid_social,prospecting_video,,,0
500737,2025-01-08,affiliate,finance_blogs,,,0
500738,2025-01-08,paid_social,prospecting_video,,,0
500739,2025-01-08,paid_search,generic_search,,,0
500740,2025-01-08,paid_social,retargeting,2025-01-14,monthly,29.97
500741,2025-01-08,paid_social,prospecting_video,,,0
500742,2025-01-08,paid_search,generic_search,2025-01-11,monthly,29.97
500743,2025-01-08,organic,,,,0
500744,2025-01-08,organic,,,,0
500745,2025-01-08,paid_social,prospecting_video,,,0
500746,2025-01-08,paid_social,retargeting,,,0
500747,2025-01-08,organic,,2025-01-10,monthly,29.97
500748,2025-01-08,paid_search,generic_search,,,0
500749,2025-01-08,organic,,,,0
500750,2025-01-08,paid_social,prospecting_video,,,0
500751,2025-01-08,paid_social,retargeting,,,0
500752,2025-01-08,paid_social,prospecting_video,,,0
500753,2025-01-08,paid_social,prospecting_video,,,0
500754,2025-01-08,paid_social,retargeting,,,0
500755,2025-01-08,paid_social,prospecting_video,,,0
500756,2025-01-08,paid_search,brand_search,,,0
500757,2025-01-08,paid_social,prospecting_video,,,0
500758,2025-01-08,referral,,,,0
500759,2025-01-08,organic,,,,0
500760,2025-01-08,organic,,,,0
500761,2025-01-09,paid_social,retargeting,2025-01-22,monthly,29.97
500762,2025-01-09,paid_social,prospecting_video,,,0
500763,2025-01-09,organic,,,,0
500764,2025-01-09,paid_search,generic_search,,,0
500765,2025-01-09,referral,,,,0
500766,2025-01-09,organic,,,,0
500767,2025-01-09,paid_social,prospecting_video,,,0
500768,2025-01-09,paid_social,prospecting_video,,,0
500769,2025-01-09,paid_social,prospecting_video,,,0
500770,2025-01-09,organic,,,,0
500771,2025-01-09,paid_social,prospecting_video,,,0
500772,2025-01-09,paid_social,retargeting,,,0
500773,2025-01-09,paid_social,prospecting_video,,,0
500774,2025-01-09,paid_social,retargeting,,,0
500775,2025-01-09,paid_social,prospecting_video,,,0
500776,2025-01-09,paid_social,prospecting_video,,,0
500777,2025-01-09,paid_search,generic_search,,,0
500778,2025-01-09,paid_search,brand_search,,,0
500779,2025-01-09,display,display_network,,,0
500780,2025-01-09,paid_search,generic_search,2025-01-11,monthly,29.97
500781,2025-01-09,paid_social,prospecting_video,,,0
500782,2025-01-09,paid_social,retargeting,,,0
500783,2025-01-09,referral,,,,0
500784,2025-01-09,display,display_network,,,0
500785,2025-01-09,paid_social,prospecting_video,,,0
500786,2025-01-09,paid_social,prospecting_video,,,0
500787,2025-01-09,affiliate,finance_blogs,,,0
500788,2025-01-09,paid_social,prospecting_video,,,0
500789,2025-01-09,paid_social,prospecting_video,,,0
500790,2025-01-09,paid_social,prospecting_video,,,0
500791,2025-01-09,paid_social,retargeting,,,0
500792,2025-01-09,paid_search,generic_search,,,0
500793,2025-01-09,paid_search,brand_search,,,0
500794,2025-01-09,paid_search,generic_search,,,0
500795,2025-01-09,paid_social,prospecting_video,,,0
500796,2025-01-09,referral,,2025-01-14,annual,79.99
500797,2025-01-09,paid_search,generic_search,,,0
500798,2025-01-09,paid_search,brand_search,2025-01-16,annual,79.99
500799,2025-01-09,organic,,,,0
500800,2025-01-09,paid_search,brand_search,2025-01-09,monthly,29.97
500801,2025-01-09,organic,,,,0
500802,2025-01-09,paid_social,prospecting_video,,,0
500803,2025-01-09,paid_social,retargeting,,,0
500804,2025-01-09,display,display_network,,,0
500805,2025-01-09,paid_search,brand_search,,,0
500806,2025-01-09,organic,,,,0
500807,2025-01-09,paid_search,generic_search,,,0
500808,2025-01-09,paid_search,brand_search,,,0
500809,2025-01-09,paid_search,generic_search,,,0
500810,2025-01-09,paid_social,retargeting,,,0
500811,2025-01-09,paid_social,prospecting_video,,,0
500812,2025-01-09,paid_search,brand_search,,,0
500813,2025-01-09,affiliate,finance_blogs,2025-01-14,monthly,29.97
500814,2025-01-09,display,display_network,,,0
500815,2025-01-09,paid_search,generic_search,,,0
500816,2025-01-09,paid_social,prospecting_video,,,0
500817,2025-01-09,paid_search,generic_search,,,0
500818,2025-01-09,affiliate,finance_blogs,,,0
500819,2025-01-09,organic,,,,0
500820,2025-01-09,paid_search,generic_search,,,0
500821,2025-01-09,paid_social,prospecting_video,,,0
500822,2025-01-09,paid_social,prospecting_video,,,0
500823,2025-01-09,organic,,,,0
500824,2025-01-09,paid_social,prospecting_video,,,0
500825,2025-01-09,paid_social,retargeting,,,0
500826,2025-01-09,paid_social,prospecting_video,,,0
500827,2025-01-09,paid_social,prospecting_video,,,0
500828,2025-01-09,paid_social,prospecting_video,,,0
500829,2025-01-09,paid_search,brand_search,,,0
500830,2025-01-09,paid_social,prospecting_video,,,0
500831,2025-01-09,paid_social,prospecting_video,,,0
500832,2025-01-09,paid_search,brand_search,,,0
500833,2025-01-09,paid_search,brand_search,2025-01-09,monthly,29.97
500834,2025-01-09,paid_social,prospecting_video,,,0
500835,2025-01-09,paid_social,prospecting_video,,,0
500836,2025-01-09,paid_social,prospecting_video,,,0
500837,2025-01-09,organic,,,,0
500838,2025-01-09,paid_social,retargeting,,,0
500839,2025-01-09,paid_social,prospecting_video,,,0
500840,2025-01-09,paid_social,prospecting_video,,,0
500841,2025-01-09,paid_social,prospecting_video,,,0
500842,2025-01-09,paid_social,prospecting_video,,,0
500843,2025-01-09,paid_social,retargeting,,,0
500844,2025-01-09,paid_search,generic_search,,,0
500845,2025-01-09,paid_social,retargeting,,,0
500846,2025-01-09,organic,,,,0
500847,2025-01-09,paid_social,prospecting_video,,,0
500848,2025-01-09,paid_search,brand_search,,,0
500849,2025-01-09,organic,,,,0
500850,2025-01-09,paid_search,generic_search,,,0
500851,2025-01-09,display,display_network,,,0
500852,2025-01-09,organic,,,,0
500853,2025-01-09,paid_social,prospecting_video,,,0
500854,2025-01-09,paid_social,prospecting_video,,,0
500855,2025-01-09,affiliate,finance_blogs,,,0
500856,2025-01-09,referral,,,,0
500857,2025-01-09,paid_social,prospecting_video,,,0
500858,2025-01-09,paid_social,prospecting_video,,,0
500859,2025-01-09,paid_social,prospecting_video,,,0
500860,2025-01-09,paid_social,prospecting_video,,,0
500861,2025-01-09,organic,,,,0
500862,2025-01-09,affiliate,finance_blogs,2025-01-10,monthly,29.97
500863,2025-01-09,paid_search,generic_search,,,0
500864,2025-01-09,paid_social,retargeting,2025-01-09,monthly,29.97
500865,2025-01-09,paid_social,prospecting_video,,,0
500866,2025-01-09,paid_search,generic_search,2025-01-10,monthly,29.97
500867,2025-01-09,paid_search,brand_search,,,0
500868,2025-01-09,affiliate,finance_blogs,,,0
500869,2025-01-09,organic,,,,0
500870,2025-01-09,referral,,,,0
500871,2025-01-09,paid_social,prospecting_video,,,0
500872,2025-01-09,organic,,,,0
500873,2025-01-09,paid_search,generic_search,,,0
500874,2025-01-10,paid_social,retargeting,,,0
500875,2025-01-10,referral,,,,0
500876,2025-01-10,organic,,,,0
500877,2025-01-10,referral,,,,0
500878,2025-01-10,paid_social,retargeting,,,0
500879,2025-01-10,paid_social,prospecting_video,,,0
500880,2025-01-10,paid_search,generic_search,,,0
500881,2025-01-10,paid_social,retargeting,,,0
500882,2025-01-10,paid_social,prospecting_video,,,0
500883,2025-01-10,paid_search,generic_search,2025-01-11,monthly,29.97
500884,2025-01-10,paid_social,prospecting_video,,,0
500885,2025-01-10,paid_search,brand_search,2025-01-10,monthly,29.97
500886,2025-01-10,paid_social,prospecting_video,2025-01-12,monthly,29.97
500887,2025-01-10,paid_search,brand_search,,,0
500888,2025-01-10,organic,,,,0
500889,2025-01-10,paid_social,prospecting_video,,,0
500890,2025-01-10,paid_search,brand_search,,,0
500891,2025-01-10,paid_social,prospecting_video,,,0
500892,2025-01-10,referral,,2025-01-13,monthly,9.99
500893,2025-01-10,paid_search,generic_search,,,0
500894,2025-01-10,paid_social,prospecting_video,,,0
500895,2025-01-10,paid_social,retargeting,,,0
500896,2025-01-10,affiliate,finance_blogs,,,0
500897,2025-01-10,paid_search,generic_search,2025-01-11,monthly,9.99
500898,2025-01-10,paid_social,prospecting_video,,,0
500899,2025-01-10,paid_social,prospecting_video,2025-01-22,monthly,29.97
500900,2025-01-10,paid_social,prospecting_video,,,0
500901,2025-01-10,referral,,,,0
500902,2025-01-10,paid_search,brand_search,2025-01-14,monthly,29.97
500903,2025-01-10,paid_social,prospecting_video,,,0
500904,2025-01-10,affiliate,finance_blogs,,,0
500905,2025-01-10,organic,,,,0
500906,2025-01-10,paid_search,generic_search,,,0
500907,2025-01-10,affiliate,finance_blogs,,,0
500908,2025-01-10,organic,,,,0
500909,2025-01-10,affiliate,finance_blogs,,,0
500910,2025-01-10,organic,,,,0
500911,2025-01-10,paid_social,prospecting_video,,,0
500912,2025-01-10,paid_search,brand_search,,,0
500913,2025-01-10,paid_social,prospecting_video,,,0
500914,2025-01-10,paid_search,generic_search,,,0
500915,2025-01-10,paid_search,generic_search,2025-01-10,monthly,29.97
500916,2025-01-10,paid_social,retargeting,,,0
500917,2025-01-10,paid_social,retargeting,2025-01-16,monthly,29.97
500918,2025-01-10,paid_social,prospecting_video,,,0
500919,2025-01-10,paid_social,prospecting_video,,,0
500920,2025-01-10,organic,,,,0
500921,2025-01-10,referral,,,,0
500922,2025-01-10,paid_search,generic_search,,,0
500923,2025-01-10,paid_social,prospecting_video,,,0
500924,2025-01-10,organic,,,,0
500925,2025-01-10,paid_social,prospecting_video,,,0
500926,2025-01-10,paid_social,prospecting_video,,,0
500927,2025-01-10,paid_social,prospecting_video,,,0
500928,2025-01-10,paid_search,brand_search,,,0
500929,2025-01-10,organic,,,,0
500930,2025-01-10,paid_social,prospecting_video,,,0
500931,2025-01-10,paid_search,brand_search,,,0
500932,2025-01-10,paid_social,prospecting_video,,,0
500933,2025-01-10,paid_social,prospecting_video,,,0
500934,2025-01-10,referral,,,,0
500935,2025-01-10,paid_social,prospecting_video,,,0
500936,2025-01-10,paid_social,prospecting_video,,,0
500937,2025-01-10,paid_social,retargeting,2025-01-11,annual,79.99
500938,2025-01-10,paid_search,brand_search,,,0
500939,2025-01-10,paid_social,prospecting_video,,,0
500940,2025-01-10,organic,,,,0
500941,2025-01-10,paid_social,retargeting,,,0
500942,2025-01-10,organic,,,,0
500943,2025-01-10,paid_social,prospecting_video,,,0
500944,2025-01-10,paid_search,generic_search,,,0
500945,2025-01-10,paid_social,prospecting_video,,,0
500946,2025-01-10,paid_search,generic_search,,,0
500947,2025-01-10,paid_search,generic_search,2025-01-11,monthly,29.97
500948,2025-01-10,paid_search,brand_search,,,0
500949,2025-01-10,affiliate,finance_blogs,,,0
500950,2025-01-10,paid_social,prospecting_video,,,0
500951,2025-01-10,paid_social,prospecting_video,,,0
500952,2025-01-10,paid_social,prospecting_video,,,0
500953,2025-01-10,organic,,,,0
500954,2025-01-10,paid_social,prospecting_video,,,0
500955,2025-01-10,paid_social,prospecting_video,,,0
500956,2025-01-10,paid_social,retargeting,,,0
500957,2025-01-10,paid_social,retargeting,2025-01-16,monthly,9.99
500958,2025-01-10,organic,,,,0
500959,2025-01-10,paid_search,brand_search,,,0
500960,2025-01-10,paid_search,generic_search,,,0
500961,2025-01-10,paid_social,retargeting,,,0
500962,2025-01-10,paid_social,prospecting_video,,,0
500963,2025-01-10,paid_search,generic_search,2025-01-12,annual,79.99
500964,2025-01-10,paid_social,prospecting_video,,,0
500965,2025-01-10,paid_search,generic_search,,,0
500966,2025-01-10,paid_search,brand_search,,,0
500967,2025-01-11,paid_social,prospecting_video,,,0
500968,2025-01-11,organic,,,,0
500969,2025-01-11,paid_social,retargeting,,,0
500970,2025-01-11,paid_social,retargeting,,,0
500971,2025-01-11,organic,,,,0
500972,2025-01-11,paid_social,prospecting_video,,,0
500973,2025-01-11,paid_social,prospecting_video,,,0
500974,2025-01-11,organic,,,,0
500975,2025-01-11,paid_social,prospecting_video,,,0
500976,2025-01-11,paid_social,prospecting_video,2025-01-11,monthly,29.97
500977,2025-01-11,paid_social,prospecting_video,,,0
500978,2025-01-11,paid_social,prospecting_video,,,0
500979,2025-01-11,affiliate,finance_blogs,2025-01-21,monthly,29.97
500980,2025-01-11,paid_social,prospecting_video,,,0
500981,2025-01-11,paid_social,retargeting,2025-01-12,monthly,29.97
500982,2025-01-11,organic,,,,0
500983,2025-01-11,paid_search,brand_search,,,0
500984,2025-01-11,organic,,,,0
500985,2025-01-11,organic,,2025-01-15,monthly,29.97
500986,2025-01-11,paid_social,retargeting,,,0
500987,2025-01-11,referral,,,,0
500988,2025-01-11,paid_social,prospecting_video,,,0
500989,2025-01-11,organic,,,,0
500990,2025-01-11,organic,,,,0
500991,2025-01-11,organic,,,,0
500992,2025-01-11,paid_social,prospecting_video,,,0
500993,2025-01-11,paid_search,generic_search,,,0
500994,2025-01-11,paid_social,retargeting,,,0
500995,2025-01-11,paid_search,brand_search,,,0
500996,2025-01-11,organic,,,,0
500997,2025-01-11,paid_social,retargeting,,,0
500998,2025-01-11,paid_search,generic_search,,,0
500999,2025-01-11,organic,,,,0
501000,2025-01-11,paid_search,brand_search,,,0
501001,2025-01-11,paid_social,prospecting_video,,,0
501002,2025-01-11,referral,,,,0
501003,2025-01-11,organic,,,,0
501004,2025-01-11,organic,,,,0
501005,2025-01-11,referral,,,,0
501006,2025-01-11,paid_social,retargeting,,,0
501007,2025-01-11,organic,,,,0
501008,2025-01-11,paid_search,generic_search,,,0
501009,2025-01-11,paid_search,brand_search,,,0
501010,2025-01-11,organic,,,,0
501011,2025-01-11,paid_social,prospecting_video,,,0
501012,2025-01-11,paid_social,prospecting_video,,,0
501013,2025-01-11,organic,,,,0
501014,2025-01-11,paid_social,retargeting,2025-01-18,annual,79.99
501015,2025-01-11,referral,,,,0
501016,2025-01-11,organic,,,,0
501017,2025-01-11,paid_social,prospecting_video,,,0
501018,2025-01-11,paid_social,prospecting_video,,,0
501019,2025-01-11,referral,,,,0
501020,2025-01-11,referral,,2025-01-12,monthly,29.97
501021,2025-01-11,paid_social,prospecting_video,,,0
501022,2025-01-11,paid_social,prospecting_video,,,0
501023,2025-01-11,paid_search,generic_search,,,0
501024,2025-01-11,paid_social,prospecting_video,,,0
501025,2025-01-11,paid_social,prospecting_video,,,0
501026,2025-01-11,paid_search,brand_search,2025-01-13,monthly,29.97
501027,2025-01-11,paid_social,retargeting,,,0
501028,2025-01-11,paid_social,retargeting,,,0
501029,2025-01-11,organic,,,,0
501030,2025-01-11,paid_search,brand_search,2025-01-13,monthly,29.97
501031,2025-01-11,paid_social,prospecting_video,,,0
501032,2025-01-11,paid_search,brand_search,,,0
501033,2025-01-11,paid_social,prospecting_video,,,0
501034,2025-01-11,paid_social,retargeting,,,0
501035,2025-01-11,paid_search,brand_search,,,0
501036,2025-01-11,paid_search,generic_search,,,0
501037,2025-01-11,affiliate,finance_blogs,,,0
501038,2025-01-11,paid_social,retargeting,,,0
501039,2025-01-11,organic,,,,0
501040,2025-01-11,paid_social,retargeting,,,0
501041,2025-01-11,display,display_network,2025-01-15,annual,79.99
501042,2025-01-11,paid_social,prospecting_video,2025-01-17,monthly,9.99
501043,2025-01-11,paid_social,retargeting,2025-01-12,monthly,29.97
501044,2025-01-11,paid_search,brand_search,,,0
501045,2025-01-11,paid_social,retargeting,,,0
501046,2025-01-11,paid_social,retargeting,,,0
501047,2025-01-11,referral,,2025-01-13,monthly,19.98
501048,2025-01-11,organic,,,,0
501049,2025-01-11,organic,,,,0
501050,2025-01-11,paid_social,prospecting_video,,,0
501051,2025-01-11,paid_social,prospecting_video,,,0
501052,2025-01-11,affiliate,finance_blogs,,,0
501053,2025-01-11,paid_search,brand_search,2025-01-14,monthly,29.97
501054,2025-01-11,paid_search,generic_search,,,0
501055,2025-01-11,paid_social,prospecting_video,,,0
501056,2025-01-11,paid_social,prospecting_video,,,0
501057,2025-01-11,paid_social,prospecting_video,,,0
501058,2025-01-11,paid_social,prospecting_video,,,0
501059,2025-01-11,organic,,2025-01-16,monthly,29.97
501060,2025-01-11,paid_social,prospecting_video,,,0
501061,2025-01-11,affiliate,finance_blogs,,,0
501062,2025-01-11,paid_social,prospecting_video,,,0
501063,2025-01-11,paid_social,prospecting_video,,,0
501064,2025-01-11,paid_search,generic_search,,,0
501065,2025-01-11,paid_search,generic_search,,,0
501066,2025-01-11,paid_search,brand_search,,,0
501067,2025-01-11,organic,,,,0
501068,2025-01-12,organic,,,,0
501069,2025-01-12,paid_search,brand_search,,,0
501070,2025-01-12,paid_social,prospecting_video,,,0
501071,2025-01-12,organic,,2025-01-21,monthly,29.97
501072,2025-01-12,paid_search,generic_search,,,0
501073,2025-01-12,affiliate,finance_blogs,,,0
501074,2025-01-12,paid_social,prospecting_video,,,0
501075,2025-01-12,affiliate,finance_blogs,,,0
501076,2025-01-12,paid_social,prospecting_video,,,0
501077,2025-01-12,paid_search,brand_search,,,0
501078,2025-01-12,organic,,,,0
501079,2025-01-12,paid_social,prospecting_video,,,0
501080,2025-01-12,display,display_network,,,0
501081,2025-01-12,paid_search,brand_search,,,0
501082,2025-01-12,paid_search,generic_search,2025-01-13,monthly,29.97
501083,2025-01-12,paid_social,prospecting_video,,,0
501084,2025-01-12,paid_social,prospecting_video,,,0
501085,2025-01-12,paid_social,retargeting,,,0
501086,2025-01-12,paid_social,retargeting,,,0
501087,2025-01-12,paid_search,generic_search,2025-01-22,monthly,29.97
501088,2025-01-12,organic,,,,0
501089,2025-01-12,paid_search,generic_search,,,0
501090,2025-01-12,paid_social,prospecting_video,,,0
501091,2025-01-12,paid_social,prospecting_video,,,0
501092,2025-01-12,paid_social,retargeting,,,0
501093,2025-01-12,paid_social,prospecting_video,,,0
501094,2025-01-12,organic,,,,0
501095,2025-01-12,organic,,,,0
501096,2025-01-12,paid_search,generic_search,2025-01-15,monthly,29.97
501097,2025-01-12,paid_social,prospecting_video,,,0
501098,2025-01-12,paid_search,brand_search,,,0
501099,2025-01-12,organic,,,,0
501100,2025-01-12,paid_search,brand_search,,,0
501101,2025-01-12,paid_search,generic_search,,,0
501102,2025-01-12,paid_social,prospecting_video,,,0
501103,2025-01-12,affiliate,finance_blogs,,,0
501104,2025-01-12,paid_search,brand_search,2025-01-17,annual,79.99
501105,2025-01-12,organic,,,,0
501106,2025-01-12,organic,,,,0
501107,2025-01-12,referral,,2025-01-12,monthly,29.97
501108,2025-01-12,organic,,,,0
501109,2025-01-12,paid_social,retargeting,2025-01-18,monthly,29.97
501110,2025-01-12,paid_social,prospecting_video,,,0
501111,2025-01-12,paid_social,prospecting_video,,,0
501112,2025-01-12,paid_social,prospecting_video,,,0
501113,2025-01-12,affiliate,finance_blogs,,,0
501114,2025-01-12,paid_social,prospecting_video,,,0
501115,2025-01-12,referral,,,,0
501116,2025-01-12,referral,,,,0
501117,2025-01-12,paid_social,prospecting_video,,,0
501118,2025-01-12,organic,,,,0
501119,2025-01-12,organic,,2025-01-12,monthly,29.97
501120,2025-01-12,paid_social,prospecting_video,,,0
501121,2025-01-12,organic,,2025-01-13,monthly,29.97
501122,2025-01-12,organic,,,,0
501123,2025-01-12,paid_social,retargeting,,,0
501124,2025-01-12,paid_search,brand_search,,,0
501125,2025-01-12,paid_search,brand_search,,,0
501126,2025-01-12,organic,,,,0
501127,2025-01-12,display,display_network,,,0
501128,2025-01-12,paid_social,retargeting,,,0
501129,2025-01-12,paid_social,retargeting,,,0
501130,2025-01-12,paid_search,generic_search,2025-01-12,annual,79.99
501131,2025-01-12,paid_social,prospecting_video,,,0
501132,2025-01-12,organic,,,,0
501133,2025-01-12,paid_search,generic_search,,,0
501134,2025-01-12,paid_social,retargeting,,,0
501135,2025-01-12,paid_social,prospecting_video,,,0
501136,2025-01-12,organic,,,,0
501137,2025-01-12,paid_social,prospecting_video,,,0
501138,2025-01-12,organic,,,,0
501139,2025-01-12,paid_search,generic_search,,,0
501140,2025-01-12,paid_search,brand_search,2025-01-12,annual,79.99
501141,2025-01-12,paid_social,retargeting,,,0
501142,2025-01-12,organic,,,,0
501143,2025-01-12,paid_search,brand_search,,,0
501144,2025-01-12,organic,,,,0
501145,2025-01-12,paid_social,retargeting,2025-01-13,monthly,29.97
501146,2025-01-12,paid_search,brand_search,,,0
501147,2025-01-12,paid_search,brand_search,2025-01-19,monthly,19.98
501148,2025-01-12,organic,,,,0
501149,2025-01-12,paid_social,prospecting_video,,,0
501150,2025-01-12,paid_social,retargeting,,,0
501151,2025-01-12,organic,,2025-01-12,monthly,19.98
501152,2025-01-12,paid_social,prospecting_video,,,0
501153,2025-01-13,paid_social,retargeting,2025-01-14,monthly,19.98
501154,2025-01-13,organic,,,,0
501155,2025-01-13,paid_social,prospecting_video,,,0
501156,2025-01-13,paid_social,prospecting_video,,,0
501157,2025-01-13,paid_social,prospecting_video,,,0
501158,2025-01-13,paid_social,prospecting_video,,,0
501159,2025-01-13,paid_social,prospecting_video,,,0
501160,2025-01-13,paid_search,brand_search,2025-01-18,annual,79.99
501161,2025-01-13,organic,,,,0
501162,2025-01-13,referral,,,,0
501163,2025-01-13,paid_social,retargeting,,,0
501164,2025-01-13,paid_search,brand_search,,,0
501165,2025-01-13,paid_search,generic_search,,,0
501166,2025-01-13,paid_social,prospecting_video,,,0
501167,2025-01-13,paid_social,prospecting_video,,,0
501168,2025-01-13,paid_search,generic_search,,,0
501169,2025-01-13,paid_social,prospecting_video,,,0
501170,2025-01-13,paid_social,prospecting_video,,,0
501171,2025-01-13,paid_social,retargeting,2025-01-14,monthly,19.98
501172,2025-01-13,paid_search,brand_search,,,0
501173,2025-01-13,paid_search,brand_search,2025-01-18,monthly,19.98
501174,2025-01-13,paid_social,prospecting_video,,,0
501175,2025-01-13,paid_search,generic_search,2025-01-17,annual,79.99
501176,2025-01-13,paid_social,prospecting_video,,,0
501177,2025-01-13,paid_search,generic_search,,,0
501178,2025-01-13,paid_search,brand_search,,,0
501179,2025-01-13,paid_social,prospecting_video,,,0
501180,2025-01-13,paid_social,prospecting_video,,,0
501181,2025-01-13,paid_search,generic_search,2025-01-20,monthly,9.99
501182,2025-01-13,paid_social,prospecting_video,,,0
501183,2025-01-13,paid_search,brand_search,,,0
501184,2025-01-13,paid_social,prospecting_video,,,0
501185,2025-01-13,affiliate,finance_blogs,,,0
501186,2025-01-13,paid_social,prospecting_video,,,0
501187,2025-01-13,paid_social,prospecting_video,,,0
501188,2025-01-13,paid_social,prospecting_video,,,0
501189,2025-01-13,referral,,,,0
501190,2025-01-13,paid_social,prospecting_video,,,0
501191,2025-01-13,paid_social,prospecting_video,,,0
501192,2025-01-13,paid_social,retargeting,,,0
501193,2025-01-13,paid_social,retargeting,,,0
501194,2025-01-13,paid_social,prospecting_video,,,0
501195,2025-01-13,organic,,2025-01-14,annual,79.99
501196,2025-01-13,affiliate,finance_blogs,,,0
501197,2025-01-13,paid_social,prospecting_video,,,0
501198,2025-01-13,affiliate,finance_blogs,,,0
501199,2025-01-13,paid_search,brand_search,2025-01-15,annual,79.99
501200,2025-01-13,paid_social,prospecting_video,,,0
501201,2025-01-13,paid_social,prospecting_video,,,0
501202,2025-01-13,paid_social,prospecting_video,,,0
501203,2025-01-13,paid_social,prospecting_video,,,0
501204,2025-01-13,paid_social,retargeting,,,0
501205,2025-01-13,paid_search,generic_search,,,0
501206,2025-01-13,affiliate,finance_blogs,,,0
501207,2025-01-13,organic,,,,0
501208,2025-01-13,paid_social,prospecting_video,,,0
501209,2025-01-13,paid_search,brand_search,,,0
501210,2025-01-13,paid_search,generic_search,,,0
501211,2025-01-13,organic,,,,0
501212,2025-01-13,paid_social,prospecting_video,,,0
501213,2025-01-13,paid_social,prospecting_video,,,0
501214,2025-01-13,paid_social,prospecting_video,,,0
501215,2025-01-13,organic,,,,0
501216,2025-01-13,paid_social,prospecting_video,,,0
501217,2025-01-13,organic,,,,0
501218,2025-01-13,organic,,,,0
501219,2025-01-13,paid_search,generic_search,,,0
501220,2025-01-13,paid_social,prospecting_video,,,0
501221,2025-01-13,referral,,,,0
501222,2025-01-13,paid_social,retargeting,,,0
501223,2025-01-13,paid_social,prospecting_video,,,0
501224,2025-01-13,display,display_network,,,0
501225,2025-01-13,paid_search,generic_search,2025-01-13,monthly,29.97
501226,2025-01-13,organic,,2025-01-16,monthly,29.97
501227,2025-01-13,referral,,,,0
501228,2025-01-13,affiliate,finance_blogs,,,0
501229,2025-01-13,paid_social,prospecting_video,,,0
501230,2025-01-13,paid_search,generic_search,,,0
501231,2025-01-13,paid_social,prospecting_video,,,0
501232,2025-01-13,organic,,,,0
501233,2025-01-13,referral,,,,0
501234,2025-01-13,paid_search,brand_search,,,0
501235,2025-01-13,paid_social,prospecting_video,,,0
501236,2025-01-13,organic,,,,0
501237,2025-01-13,paid_search,brand_search,2025-01-17,monthly,29.97
501238,2025-01-13,paid_search,brand_search,,,0
501239,2025-01-13,paid_social,prospecting_video,,,0
501240,2025-01-13,paid_social,prospecting_video,,,0
501241,2025-01-13,referral,,,,0
501242,2025-01-13,paid_social,retargeting,,,0
501243,2025-01-13,paid_social,prospecting_video,,,0
501244,2025-01-13,paid_social,prospecting_video,,,0
501245,2025-01-13,paid_social,prospecting_video,,,0
501246,2025-01-13,paid_social,prospecting_video,,,0
501247,2025-01-13,paid_search,generic_search,2025-01-22,monthly,29.97
501248,2025-01-13,paid_social,prospecting_video,,,0
501249,2025-01-13,paid_social,prospecting_video,,,0
501250,2025-01-13,paid_social,prospecting_video,,,0
501251,2025-01-13,referral,,,,0
501252,2025-01-13,paid_social,retargeting,,,0
501253,2025-01-13,paid_social,prospecting_video,,,0
501254,2025-01-13,paid_social,prospecting_video,,,0
501255,2025-01-13,paid_search,brand_search,,,0
501256,2025-01-13,paid_social,retargeting,,,0
501257,2025-01-13,organic,,,,0
501258,2025-01-13,referral,,,,0
501259,2025-01-13,paid_social,prospecting_video,,,0
501260,2025-01-13,organic,,2025-01-15,annual,79.99
501261,2025-01-13,paid_social,prospecting_video,,,0
501262,2025-01-13,paid_social,prospecting_video,,,0
501263,2025-01-13,paid_social,prospecting_video,,,0
501264,2025-01-13,paid_social,prospecting_video,,,0
501265,2025-01-13,paid_social,prospecting_video,,,0
501266,2025-01-13,paid_social,prospecting_video,,,0
501267,2025-01-13,paid_social,prospecting_video,,,0
501268,2025-01-13,paid_social,prospecting_video,,,0
501269,2025-01-13,paid_social,retargeting,,,0
501270,2025-01-13,paid_search,brand_search,,,0
501271,2025-01-13,paid_social,prospecting_video,,,0
501272,2025-01-13,display,display_network,,,0
501273,2025-01-13,paid_social,prospecting_video,,,0
501274,2025-01-13,paid_social,prospecting_video,,,0
501275,2025-01-13,paid_social,retargeting,,,0
501276,2025-01-13,paid_social,prospecting_video,,,0
501277,2025-01-13,organic,,,,0
501278,2025-01-13,paid_social,retargeting,,,0
501279,2025-01-13,paid_social,prospecting_video,,,0
501280,2025-01-13,paid_social,retargeting,,,0
501281,2025-01-13,paid_social,retargeting,,,0
501282,2025-01-14,paid_social,prospecting_video,,,0
501283,2025-01-14,paid_social,prospecting_video,,,0
501284,2025-01-14,paid_social,prospecting_video,,,0
501285,2025-01-14,paid_social,prospecting_video,,,0
501286,2025-01-14,organic,,,,0
501287,2025-01-14,display,display_network,,,0
501288,2025-01-14,paid_search,brand_search,,,0
501289,2025-01-14,referral,,,,0
501290,2025-01-14,organic,,,,0
501291,2025-01-14,paid_social,retargeting,,,0
501292,2025-01-14,paid_social,prospecting_video,,,0
501293,2025-01-14,paid_social,prospecting_video,,,0
501294,2025-01-14,organic,,,,0
501295,2025-01-14,organic,,,,0
501296,2025-01-14,paid_search,generic_search,,,0
501297,2025-01-14,affiliate,finance_blogs,,,0
501298,2025-01-14,organic,,2025-01-17,monthly,29.97
501299,2025-01-14,paid_social,retargeting,,,0
501300,2025-01-14,paid_search,generic_search,,,0
501301,2025-01-14,paid_social,retargeting,,,0
501302,2025-01-14,paid_social,prospecting_video,,,0
501303,2025-01-14,paid_social,prospecting_video,,,0
501304,2025-01-14,paid_social,prospecting_video,,,0
501305,2025-01-14,paid_social,retargeting,,,0
501306,2025-01-14,affiliate,finance_blogs,,,0
501307,2025-01-14,organic,,,,0
501308,2025-01-14,paid_social,prospecting_video,,,0
501309,2025-01-14,paid_search,brand_search,,,0
501310,2025-01-14,paid_search,brand_search,,,0
501311,2025-01-14,paid_search,brand_search,,,0
501312,2025-01-14,paid_search,generic_search,,,0
501313,2025-01-14,paid_social,prospecting_video,,,0
501314,2025-01-14,organic,,,,0
501315,2025-01-14,display,display_network,,,0
501316,2025-01-14,affiliate,finance_blogs,,,0
501317,2025-01-14,paid_social,retargeting,,,0
501318,2025-01-14,organic,,,,0
501319,2025-01-14,paid_search,brand_search,,,0
501320,2025-01-14,paid_search,generic_search,,,0
501321,2025-01-14,paid_search,generic_search,2025-01-17,annual,79.99
501322,2025-01-14,display,display_network,,,0
501323,2025-01-14,organic,,,,0
501324,2025-01-14,paid_social,retargeting,,,0
501325,2025-01-14,paid_social,retargeting,,,0
501326,2025-01-14,paid_social,retargeting,,,0
501327,2025-01-14,paid_search,brand_search,,,0
501328,2025-01-14,paid_social,prospecting_video,,,0
501329,2025-01-14,referral,,2025-01-14,monthly,29.97
501330,2025-01-14,paid_social,prospecting_video,,,0
501331,2025-01-14,paid_search,generic_search,,,0
501332,2025-01-14,paid_social,prospecting_video,,,0
501333,2025-01-14,organic,,,,0
501334,2025-01-14,paid_social,retargeting,,,0
501335,2025-01-14,paid_social,prospecting_video,,,0
501336,2025-01-14,paid_social,prospecting_video,,,0
501337,2025-01-14,organic,,,,0
501338,2025-01-14,paid_social,prospecting_video,,,0
501339,2025-01-14,paid_search,generic_search,,,0
501340,2025-01-14,paid_search,generic_search,2025-01-16,monthly,29.97
501341,2025-01-14,organic,,,,0
501342,2025-01-14,paid_social,prospecting_video,,,0
501343,2025-01-14,paid_social,prospecting_video,,,0
501344,2025-01-14,paid_search,generic_search,2025-01-15,monthly,19.98
501345,2025-01-14,paid_search,brand_search,,,0
501346,2025-01-14,paid_social,prospecting_video,,,0
501347,2025-01-14,paid_search,generic_search,,,0
501348,2025-01-14,paid_social,prospecting_video,,,0
501349,2025-01-14,paid_social,retargeting,2025-01-17,monthly,9.99
501350,2025-01-14,paid_search,generic_search,,,0
501351,2025-01-14,organic,,,,0
501352,2025-01-14,paid_social,prospecting_video,,,0
501353,2025-01-14,paid_social,prospecting_video,,,0
501354,2025-01-14,paid_social,prospecting_video,,,0
501355,2025-01-14,referral,,,,0
501356,2025-01-14,paid_social,retargeting,,,0
501357,2025-01-14,paid_social,prospecting_video,,,0
501358,2025-01-14,paid_search,generic_search,,,0
501359,2025-01-14,paid_search,brand_search,,,0
501360,2025-01-14,paid_social,retargeting,,,0
501361,2025-01-14,organic,,,,0
501362,2025-01-14,display,display_network,,,0
501363,2025-01-14,referral,,,,0
501364,2025-01-14,paid_social,prospecting_video,,,0
501365,2025-01-14,paid_search,brand_search,,,0
501366,2025-01-14,paid_search,generic_search,,,0
501367,2025-01-14,organic,,,,0
501368,2025-01-14,paid_social,prospecting_video,,,0
501369,2025-01-14,organic,,,,0
501370,2025-01-14,paid_search,brand_search,,,0
501371,2025-01-14,paid_social,prospecting_video,,,0
501372,2025-01-14,paid_social,retargeting,,,0
501373,2025-01-14,paid_social,retargeting,,,0
501374,2025-01-14,paid_social,prospecting_video,,,0
501375,2025-01-14,paid_social,prospecting_video,,,0
501376,2025-01-14,paid_social,prospecting_video,,,0
501377,2025-01-14,paid_social,retargeting,,,0
501378,2025-01-14,paid_social,retargeting,,,0
501379,2025-01-14,paid_social,prospecting_video,,,0
501380,2025-01-14,paid_social,prospecting_video,,,0
501381,2025-01-14,paid_social,prospecting_video,,,0
501382,2025-01-14,paid_search,brand_search,,,0
501383,2025-01-14,paid_search,generic_search,,,0
501384,2025-01-14,paid_search,brand_search,,,0
501385,2025-01-14,paid_social,prospecting_video,,,0
501386,2025-01-14,paid_social,prospecting_video,,,0
501387,2025-01-14,organic,,,,0
501388,2025-01-14,paid_social,prospecting_video,,,0
501389,2025-01-14,paid_search,brand_search,,,0
501390,2025-01-14,display,display_network,,,0
501391,2025-01-14,paid_social,retargeting,2025-01-22,annual,79.99
501392,2025-01-14,paid_social,prospecting_video,,,0
501393,2025-01-14,organic,,2025-01-20,monthly,19.98
501394,2025-01-15,paid_social,retargeting,2025-01-18,monthly,29.97
501395,2025-01-15,affiliate,finance_blogs,2025-01-17,monthly,29.97
501396,2025-01-15,paid_social,prospecting_video,,,0
501397,2025-01-15,paid_social,prospecting_video,,,0
501398,2025-01-15,paid_social,retargeting,,,0
501399,2025-01-15,organic,,,,0
501400,2025-01-15,paid_search,brand_search,,,0
501401,2025-01-15,paid_search,brand_search,,,0
501402,2025-01-15,paid_search,brand_search,,,0
501403,2025-01-15,organic,,,,0
501404,2025-01-15,paid_social,retargeting,,,0
501405,2025-01-15,paid_search,generic_search,,,0
501406,2025-01-15,paid_search,generic_search,,,0
501407,2025-01-15,paid_social,retargeting,,,0
501408,2025-01-15,paid_social,prospecting_video,,,0
501409,2025-01-15,paid_social,retargeting,,,0
501410,2025-01-15,paid_social,prospecting_video,,,0
501411,2025-01-15,organic,,,,0
501412,2025-01-15,organic,,,,0
501413,2025-01-15,paid_social,prospecting_video,,,0
501414,2025-01-15,paid_social,prospecting_video,,,0
501415,2025-01-15,display,display_network,,,0
501416,2025-01-15,paid_social,prospecting_video,,,0
501417,2025-01-15,paid_search,generic_search,2025-01-19,monthly,29.97
501418,2025-01-15,paid_social,retargeting,,,0
501419,2025-01-15,paid_social,prospecting_video,,,0
501420,2025-01-15,affiliate,finance_blogs,2025-01-18,monthly,29.97
501421,2025-01-15,affiliate,finance_blogs,,,0
501422,2025-01-15,display,display_network,,,0
501423,2025-01-15,paid_social,retargeting,,,0
501424,2025-01-15,paid_search,generic_search,,,0
501425,2025-01-15,affiliate,finance_blogs,2025-01-16,annual,79.99
501426,2025-01-15,paid_social,retargeting,,,0
501427,2025-01-15,paid_social,retargeting,,,0
501428,2025-01-15,organic,,,,0
501429,2025-01-15,paid_search,brand_search,2025-01-28,monthly,29.97
501430,2025-01-15,paid_social,prospecting_video,,,0
501431,2025-01-15,paid_social,retargeting,,,0
501432,2025-01-15,paid_social,prospecting_video,,,0
501433,2025-01-15,paid_social,prospecting_video,,,0
501434,2025-01-15,organic,,,,0
501435,2025-01-15,organic,,,,0
501436,2025-01-15,paid_search,generic_search,2025-01-17,monthly,29.97
501437,2025-01-15,paid_social,prospecting_video,,,0
501438,2025-01-15,organic,,,,0
501439,2025-01-15,paid_search,generic_search,2025-01-15,monthly,29.97
501440,2025-01-15,organic,,,,0
501441,2025-01-15,paid_social,prospecting_video,,,0
501442,2025-01-15,paid_social,retargeting,2025-01-16,annual,79.99
501443,2025-01-15,paid_search,generic_search,,,0
501444,2025-01-15,paid_search,brand_search,,,0
501445,2025-01-15,paid_search,generic_search,,,0
501446,2025-01-15,affiliate,finance_blogs,,,0
501447,2025-01-15,paid_social,prospecting_video,,,0
501448,2025-01-15,referral,,,,0
501449,2025-01-15,organic,,,,0
501450,2025-01-15,organic,,,,0
501451,2025-01-15,organic,,,,0
501452,2025-01-15,paid_social,prospecting_video,,,0
501453,2025-01-15,paid_search,generic_search,,,0
501454,2025-01-15,paid_social,prospecting_video,,,0
501455,2025-01-15,paid_search,generic_search,,,0
501456,2025-01-15,paid_social,retargeting,,,0
501457,2025-01-15,paid_social,retargeting,,,0
501458,2025-01-15,paid_social,retargeting,,,0
501459,2025-01-15,referral,,,,0
501460,2025-01-15,paid_social,retargeting,,,0
501461,2025-01-15,paid_search,brand_search,,,0
501462,2025-01-15,affiliate,finance_blogs,,,0
501463,2025-01-15,paid_search,generic_search,,,0
501464,2025-01-15,paid_search,generic_search,,,0
501465,2025-01-15,paid_search,brand_search,,,0
501466,2025-01-15,paid_social,prospecting_video,,,0
501467,2025-01-15,organic,,,,0
501468,2025-01-15,paid_social,retargeting,,,0
501469,2025-01-15,paid_search,generic_search,,,0
501470,2025-01-15,referral,,2025-01-15,monthly,29.97
501471,2025-01-15,paid_social,retargeting,2025-01-16,monthly,29.97
501472,2025-01-15,affiliate,finance_blogs,2025-01-15,annual,79.99
501473,2025-01-15,affiliate,finance_blogs,,,0
501474,2025-01-15,organic,,,,0
501475,2025-01-15,organic,,,,0
501476,2025-01-15,paid_search,generic_search,,,0
501477,2025-01-15,paid_social,prospecting_video,,,0
501478,2025-01-15,paid_social,prospecting_video,,,0
501479,2025-01-15,paid_social,prospecting_video,,,0
501480,2025-01-15,paid_social,prospecting_video,,,0
501481,2025-01-15,paid_search,generic_search,2025-01-19,monthly,19.98
501482,2025-01-15,paid_social,prospecting_video,,,0
501483,2025-01-16,display,display_network,,,0
501484,2025-01-16,organic,,,,0
501485,2025-01-16,organic,,,,0
501486,2025-01-16,paid_search,generic_search,,,0
501487,2025-01-16,organic,,,,0
501488,2025-01-16,paid_social,retargeting,,,0
501489,2025-01-16,organic,,,,0
501490,2025-01-16,organic,,2025-01-22,annual,79.99
501491,2025-01-16,paid_social,retargeting,,,0
501492,2025-01-16,paid_social,retargeting,,,0
501493,2025-01-16,organic,,,,0
501494,2025-01-16,paid_search,brand_search,,,0
501495,2025-01-16,paid_social,prospecting_video,,,0
501496,2025-01-16,paid_social,prospecting_video,,,0
501497,2025-01-16,display,display_network,,,0
501498,2025-01-16,paid_social,prospecting_video,,,0
501499,2025-01-16,paid_social,prospecting_video,,,0
501500,2025-01-16,paid_search,brand_search,,,0
501501,2025-01-16,paid_social,prospecting_video,,,0
501502,2025-01-16,paid_search,brand_search,,,0
501503,2025-01-16,paid_search,generic_search,,,0
501504,2025-01-16,paid_social,prospecting_video,,,0
501505,2025-01-16,paid_social,prospecting_video,,,0
501506,2025-01-16,paid_social,prospecting_video,,,0
501507,2025-01-16,paid_social,prospecting_video,,,0
501508,2025-01-16,affiliate,finance_blogs,,,0
501509,2025-01-16,referral,,,,0
501510,2025-01-16,paid_social,prospecting_video,,,0
501511,2025-01-16,paid_search,brand_search,,,0
501512,2025-01-16,paid_search,brand_search,,,0
501513,2025-01-16,organic,,,,0
501514,2025-01-16,paid_social,retargeting,,,0
501515,2025-01-16,paid_social,prospecting_video,,,0
501516,2025-01-16,referral,,2025-01-18,annual,79.99
501517,2025-01-16,organic,,,,0
501518,2025-01-16,organic,,,,0
501519,2025-01-16,paid_social,prospecting_video,,,0
501520,2025-01-16,organic,,2025-01-29,monthly,29.97
501521,2025-01-16,display,display_network,2025-01-22,annual,79.99
501522,2025-01-16,paid_social,prospecting_video,,,0
501523,2025-01-16,paid_search,brand_search,,,0
501524,2025-01-16,referral,,,,0
501525,2025-01-16,paid_social,prospecting_video,,,0
501526,2025-01-16,paid_social,prospecting_video,,,0
501527,2025-01-16,organic,,,,0
501528,2025-01-16,paid_social,prospecting_video,,,0
501529,2025-01-16,paid_search,generic_search,,,0
501530,2025-01-16,paid_social,retargeting,,,0
501531,2025-01-16,paid_social,prospecting_video,,,0
501532,2025-01-16,affiliate,finance_blogs,,,0
501533,2025-01-16,paid_search,brand_search,2025-01-17,monthly,29.97
501534,2025-01-16,organic,,,,0
501535,2025-01-16,paid_search,generic_search,,,0
501536,2025-01-16,paid_social,prospecting_video,,,0
501537,2025-01-16,paid_social,prospecting_video,,,0
501538,2025-01-16,organic,,,,0
501539,2025-01-16,paid_social,prospecting_video,,,0
501540,2025-01-16,referral,,,,0
501541,2025-01-16,paid_social,retargeting,,,0
501542,2025-01-16,organic,,,,0
501543,2025-01-16,paid_social,prospecting_video,,,0
501544,2025-01-16,paid_social,retargeting,,,0
501545,2025-01-16,paid_social,retargeting,,,0
501546,2025-01-16,paid_search,generic_search,,,0
501547,2025-01-16,paid_search,generic_search,2025-01-19,monthly,19.98
501548,2025-01-16,paid_social,prospecting_video,,,0
501549,2025-01-16,paid_social,prospecting_video,,,0
501550,2025-01-16,paid_social,prospecting_video,,,0
501551,2025-01-16,paid_search,generic_search,2025-01-17,monthly,19.98
501552,2025-01-16,paid_social,prospecting_video,,,0
501553,2025-01-16,organic,,2025-01-17,annual,79.99
501554,2025-01-16,organic,,,,0
501555,2025-01-16,paid_social,prospecting_video,,,0
501556,2025-01-16,display,display_network,,,0
501557,2025-01-16,paid_search,brand_search,,,0
501558,2025-01-16,paid_social,retargeting,,,0
501559,2025-01-16,paid_search,generic_search,,,0
501560,2025-01-16,paid_social,retargeting,,,0
501561,2025-01-16,referral,,,,0
501562,2025-01-16,organic,,,,0
501563,2025-01-16,organic,,,,0
501564,2025-01-16,paid_search,generic_search,,,0
501565,2025-01-16,referral,,2025-01-28,monthly,19.98
501566,2025-01-16,paid_search,brand_search,,,0
501567,2025-01-16,paid_search,brand_search,2025-01-17,annual,79.99
501568,2025-01-16,affiliate,finance_blogs,2025-01-20,monthly,29.97
501569,2025-01-16,paid_social,prospecting_video,,,0
501570,2025-01-16,paid_search,generic_search,,,0
501571,2025-01-16,paid_social,retargeting,,,0
501572,2025-01-16,paid_social,retargeting,,,0
501573,2025-01-16,paid_search,generic_search,,,0
501574,2025-01-16,paid_search,generic_search,,,0
501575,2025-01-16,paid_social,prospecting_video,,,0
501576,2025-01-16,paid_search,brand_search,,,0
501577,2025-01-16,organic,,,,0
501578,2025-01-16,paid_social,retargeting,,,0
501579,2025-01-16,paid_social,prospecting_video,,,0
501580,2025-01-16,paid_social,prospecting_video,,,0
501581,2025-01-16,paid_search,brand_search,,,0
501582,2025-01-16,paid_search,brand_search,,,0
501583,2025-01-16,paid_social,prospecting_video,,,0
501584,2025-01-16,display,display_network,,,0
501585,2025-01-16,paid_search,generic_search,,,0
501586,2025-01-16,paid_social,retargeting,2025-01-21,annual,79.99
501587,2025-01-16,paid_social,retargeting,,,0
501588,2025-01-16,paid_social,retargeting,,,0
501589,2025-01-16,paid_social,retargeting,2025-01-17,annual,79.99
501590,2025-01-16,paid_social,prospecting_video,,,0
501591,2025-01-16,paid_search,generic_search,,,0
501592,2025-01-17,paid_search,brand_search,,,0
501593,2025-01-17,paid_social,prospecting_video,,,0
501594,2025-01-17,paid_search,generic_search,,,0
501595,2025-01-17,paid_search,brand_search,,,0
501596,2025-01-17,paid_search,brand_search,2025-01-17,monthly,29.97
501597,2025-01-17,paid_search,brand_search,,,0
501598,2025-01-17,paid_social,prospecting_video,,,0
501599,2025-01-17,paid_social,prospecting_video,,,0
501600,2025-01-17,organic,,,,0
501601,2025-01-17,affiliate,finance_blogs,,,0
501602,2025-01-17,affiliate,finance_blogs,,,0
501603,2025-01-17,paid_social,prospecting_video,,,0
501604,2025-01-17,paid_search,generic_search,,,0
501605,2025-01-17,paid_social,prospecting_video,2025-01-19,annual,79.99
501606,2025-01-17,paid_search,brand_search,2025-01-22,annual,79.99
501607,2025-01-17,paid_social,prospecting_video,,,0
501608,2025-01-17,paid_search,generic_search,,,0
501609,2025-01-17,referral,,,,0
501610,2025-01-17,paid_social,prospecting_video,,,0
501611,2025-01-17,paid_social,prospecting_video,,,0
501612,2025-01-17,paid_search,brand_search,,,0
501613,2025-01-17,paid_social,retargeting,,,0
501614,2025-01-17,paid_social,prospecting_video,,,0
501615,2025-01-17,paid_search,brand_search,,,0
501616,2025-01-17,organic,,2025-01-17,monthly,29.97
501617,2025-01-17,paid_search,brand_search,,,0
501618,2025-01-17,organic,,,,0
501619,2025-01-17,paid_social,prospecting_video,,,0
501620,2025-01-17,organic,,,,0
501621,2025-01-17,paid_search,brand_search,,,0
501622,2025-01-17,affiliate,finance_blogs,,,0
501623,2025-01-17,paid_search,generic_search,,,0
501624,2025-01-17,paid_social,prospecting_video,,,0
501625,2025-01-17,paid_social,prospecting_video,,,0
501626,2025-01-17,paid_social,prospecting_video,,,0
501627,2025-01-17,paid_social,retargeting,,,0
501628,2025-01-17,paid_search,generic_search,2025-01-17,annual,79.99
501629,2025-01-17,paid_social,prospecting_video,,,0
501630,2025-01-17,organic,,,,0
501631,2025-01-17,paid_social,retargeting,,,0
501632,2025-01-17,organic,,,,0
501633,2025-01-17,paid_social,prospecting_video,,,0
501634,2025-01-17,paid_social,prospecting_video,,,0
501635,2025-01-17,organic,,,,0
501636,2025-01-17,paid_social,prospecting_video,,,0
501637,2025-01-17,paid_search,generic_search,,,0
501638,2025-01-17,paid_search,generic_search,,,0
501639,2025-01-17,paid_social,prospecting_video,,,0
501640,2025-01-17,paid_search,generic_search,,,0
501641,2025-01-17,paid_social,retargeting,,,0
501642,2025-01-17,paid_social,prospecting_video,,,0
501643,2025-01-17,paid_social,retargeting,2025-01-17,monthly,19.98
501644,2025-01-17,paid_social,prospecting_video,,,0
501645,2025-01-17,paid_search,brand_search,,,0
501646,2025-01-17,organic,,,,0
501647,2025-01-17,organic,,,,0
501648,2025-01-17,paid_social,retargeting,2025-01-17,monthly,9.99
501649,2025-01-17,display,display_network,,,0
501650,2025-01-17,paid_search,brand_search,2025-01-24,annual,79.99
501651,2025-01-17,paid_social,prospecting_video,,,0
501652,2025-01-17,referral,,,,0
501653,2025-01-17,organic,,,,0
501654,2025-01-17,paid_social,prospecting_video,,,0
501655,2025-01-17,paid_social,prospecting_video,,,0
501656,2025-01-17,paid_social,prospecting_video,,,0
501657,2025-01-17,paid_search,brand_search,,,0
501658,2025-01-17,affiliate,finance_blogs,2025-01-24,monthly,29.97
501659,2025-01-17,paid_search,brand_search,,,0
501660,2025-01-17,organic,,,,0
501661,2025-01-17,referral,,,,0
501662,2025-01-17,paid_search,brand_search,2025-01-17,annual,79.99
501663,2025-01-17,paid_social,prospecting_video,,,0
501664,2025-01-17,paid_social,prospecting_video,,,0
501665,2025-01-17,paid_social,prospecting_video,,,0
501666,2025-01-17,paid_social,prospecting_video,,,0
501667,2025-01-17,paid_social,prospecting_video,,,0
501668,2025-01-17,paid_social,prospecting_video,,,0
501669,2025-01-17,referral,,,,0
501670,2025-01-17,affiliate,finance_blogs,,,0
501671,2025-01-17,paid_search,brand_search,,,0
501672,2025-01-17,paid_search,generic_search,,,0
501673,2025-01-17,paid_social,prospecting_video,,,0
501674,2025-01-17,referral,,,,0
501675,2025-01-17,referral,,2025-01-18,annual,79.99
501676,2025-01-17,paid_social,prospecting_video,,,0
501677,2025-01-17,paid_social,retargeting,,,0
501678,2025-01-17,paid_social,retargeting,,,0
501679,2025-01-17,paid_search,brand_search,,,0
501680,2025-01-17,organic,,,,0
501681,2025-01-17,referral,,2025-01-30,monthly,19.98
501682,2025-01-17,paid_social,retargeting,,,0
501683,2025-01-17,display,display_network,,,0
501684,2025-01-17,paid_social,prospecting_video,,,0
501685,2025-01-17,paid_social,retargeting,,,0
501686,2025-01-17,paid_search,brand_search,,,0
501687,2025-01-17,paid_social,prospecting_video,,,0
501688,2025-01-17,paid_social,prospecting_video,,,0
501689,2025-01-17,paid_social,retargeting,,,0
501690,2025-01-17,display,display_network,,,0
501691,2025-01-17,affiliate,finance_blogs,,,0
501692,2025-01-17,affiliate,finance_blogs,,,0
501693,2025-01-17,organic,,,,0
501694,2025-01-17,paid_search,generic_search,,,0
501695,2025-01-17,organic,,,,0
501696,2025-01-17,paid_search,generic_search,2025-01-17,annual,79.99
501697,2025-01-17,paid_social,prospecting_video,,,0
501698,2025-01-17,affiliate,finance_blogs,,,0
501699,2025-01-17,paid_search,brand_search,,,0
501700,2025-01-17,paid_social,prospecting_video,,,0
501701,2025-01-17,paid_search,generic_search,,,0
501702,2025-01-17,display,display_network,,,0
501703,2025-01-17,paid_social,prospecting_video,,,0
501704,2025-01-17,paid_social,prospecting_video,,,0
501705,2025-01-17,paid_social,prospecting_video,,,0
501706,2025-01-17,affiliate,finance_blogs,2025-01-20,monthly,29.97
501707,2025-01-17,organic,,,,0
501708,2025-01-17,organic,,,,0
501709,2025-01-18,paid_social,prospecting_video,,,0
501710,2025-01-18,referral,,,,0
501711,2025-01-18,paid_search,brand_search,,,0
501712,2025-01-18,paid_social,retargeting,2025-01-24,monthly,19.98
501713,2025-01-18,paid_social,prospecting_video,,,0
501714,2025-01-18,paid_social,retargeting,,,0
501715,2025-01-18,paid_social,prospecting_video,,,0
501716,2025-01-18,organic,,,,0
501717,2025-01-18,referral,,2025-01-23,monthly,9.99
501718,2025-01-18,organic,,,,0
501719,2025-01-18,paid_social,retargeting,,,0
501720,2025-01-18,paid_social,prospecting_video,,,0
501721,2025-01-18,organic,,,,0
501722,2025-01-18,paid_social,prospecting_video,,,0
501723,2025-01-18,paid_social,prospecting_video,,,0
501724,2025-01-18,paid_social,prospecting_video,,,0
501725,2025-01-18,paid_social,prospecting_video,,,0
501726,2025-01-18,display,display_network,,,0
501727,2025-01-18,paid_social,prospecting_video,,,0
501728,2025-01-18,paid_search,generic_search,,,0
501729,2025-01-18,organic,,,,0
501730,2025-01-18,affiliate,finance_blogs,,,0
501731,2025-01-18,paid_social,prospecting_video,,,0
501732,2025-01-18,organic,,,,0
501733,2025-01-18,paid_social,retargeting,,,0
501734,2025-01-18,affiliate,finance_blogs,,,0
501735,2025-01-18,paid_social,prospecting_video,,,0
501736,2025-01-18,organic,,,,0
501737,2025-01-18,paid_social,prospecting_video,,,0
501738,2025-01-18,paid_social,prospecting_video,,,0
501739,2025-01-18,paid_social,prospecting_video,,,0
501740,2025-01-18,paid_social,retargeting,2025-01-20,annual,79.99
501741,2025-01-18,organic,,,,0
501742,2025-01-18,affiliate,finance_blogs,,,0
501743,2025-01-18,paid_search,generic_search,,,0
501744,2025-01-18,display,display_network,,,0
501745,2025-01-18,paid_search,brand_search,,,0
501746,2025-01-18,paid_search,generic_search,2025-01-20,monthly,19.98
501747,2025-01-18,paid_search,brand_search,,,0
501748,2025-01-18,paid_social,prospecting_video,,,0
501749,2025-01-18,paid_search,generic_search,,,0
501750,2025-01-18,paid_social,prospecting_video,,,0
501751,2025-01-18,organic,,,,0
501752,2025-01-18,paid_search,brand_search,2025-01-19,annual,79.99
501753,2025-01-18,paid_search,brand_search,,,0
501754,2025-01-18,paid_search,brand_search,,,0
501755,2025-01-18,paid_social,prospecting_video,,,0
501756,2025-01-18,organic,,,,0
501757,2025-01-18,paid_social,retargeting,,,0
501758,2025-01-18,paid_social,prospecting_video,,,0
501759,2025-01-18,paid_social,retargeting,,,0
501760,2025-01-18,referral,,,,0
501761,2025-01-18,paid_search,generic_search,2025-01-18,annual,79.99
501762,2025-01-18,paid_search,brand_search,,,0
501763,2025-01-18,organic,,,,0
501764,2025-01-18,paid_social,retargeting,,,0
501765,2025-01-18,organic,,,,0
501766,2025-01-18,paid_social,retargeting,,,0
501767,2025-01-18,paid_social,retargeting,2025-01-19,monthly,29.97
501768,2025-01-18,organic,,,,0
501769,2025-01-18,paid_social,retargeting,2025-01-18,monthly,29.97
501770,2025-01-18,paid_social,prospecting_video,,,0
501771,2025-01-18,referral,,,,0
501772,2025-01-18,display,display_network,,,0
501773,2025-01-18,organic,,,,0
501774,2025-01-18,paid_social,retargeting,,,0
501775,2025-01-18,paid_search,generic_search,2025-01-20,monthly,29.97
501776,2025-01-18,paid_search,generic_search,,,0
501777,2025-01-18,paid_social,retargeting,,,0
501778,2025-01-18,paid_social,prospecting_video,,,0
501779,2025-01-18,paid_social,prospecting_video,,,0
501780,2025-01-18,paid_social,prospecting_video,,,0
501781,2025-01-18,paid_social,prospecting_video,,,0
501782,2025-01-18,paid_social,retargeting,,,0
501783,2025-01-18,paid_search,brand_search,,,0
501784,2025-01-18,paid_social,prospecting_video,,,0
501785,2025-01-18,organic,,2025-01-19,annual,79.99
501786,2025-01-18,organic,,,,0
501787,2025-01-19,paid_social,prospecting_video,,,0
501788,2025-01-19,referral,,2025-01-23,monthly,9.99
501789,2025-01-19,paid_social,prospecting_video,,,0
501790,2025-01-19,paid_search,brand_search,2025-01-22,monthly,9.99
501791,2025-01-19,paid_social,retargeting,,,0
501792,2025-01-19,paid_social,prospecting_video,,,0
501793,2025-01-19,paid_social,prospecting_video,,,0
501794,2025-01-19,paid_social,retargeting,,,0
501795,2025-01-19,paid_search,generic_search,,,0
501796,2025-01-19,display,display_network,,,0
501797,2025-01-19,paid_search,brand_search,,,0
501798,2025-01-19,organic,,,,0
501799,2025-01-19,organic,,,,0
501800,2025-01-19,paid_social,prospecting_video,,,0
501801,2025-01-19,paid_search,brand_search,,,0
501802,2025-01-19,paid_social,prospecting_video,,,0
501803,2025-01-19,affiliate,finance_blogs,,,0
501804,2025-01-19,paid_social,prospecting_video,,,0
501805,2025-01-19,display,display_network,,,0
501806,2025-01-19,referral,,,,0
501807,2025-01-19,organic,,,,0
501808,2025-01-19,paid_search,brand_search,,,0
501809,2025-01-19,paid_social,retargeting,,,0
501810,2025-01-19,paid_social,prospecting_video,,,0
501811,2025-01-19,paid_social,prospecting_video,,,0
501812,2025-01-19,affiliate,finance_blogs,2025-01-29,annual,79.99
501813,2025-01-19,paid_social,prospecting_video,,,0
501814,2025-01-19,paid_social,prospecting_video,,,0
501815,2025-01-19,organic,,,,0
501816,2025-01-19,paid_search,brand_search,,,0
501817,2025-01-19,paid_social,prospecting_video,,,0
501818,2025-01-19,paid_social,prospecting_video,,,0
501819,2025-01-19,paid_social,prospecting_video,,,0
501820,2025-01-19,paid_social,prospecting_video,,,0
501821,2025-01-19,paid_social,retargeting,,,0
501822,2025-01-19,organic,,,,0
501823,2025-01-19,paid_search,generic_search,2025-01-22,monthly,19.98
501824,2025-01-19,paid_social,prospecting_video,,,0
501825,2025-01-19,paid_search,generic_search,,,0
501826,2025-01-19,paid_search,brand_search,,,0
501827,2025-01-19,organic,,,,0
501828,2025-01-19,organic,,,,0
501829,2025-01-19,paid_search,brand_search,,,0
501830,2025-01-19,paid_social,prospecting_video,,,0
501831,2025-01-19,paid_social,retargeting,,,0
501832,2025-01-19,paid_social,prospecting_video,,,0
501833,2025-01-19,paid_social,prospecting_video,,,0
501834,2025-01-19,paid_social,prospecting_video,,,0
501835,2025-01-19,organic,,,,0
501836,2025-01-19,organic,,2025-01-21,monthly,29.97
501837,2025-01-19,paid_search,brand_search,,,0
501838,2025-01-19,organic,,,,0
501839,2025-01-19,paid_social,prospecting_video,,,0
501840,2025-01-19,organic,,,,0
501841,2025-01-19,paid_social,prospecting_video,,,0
501842,2025-01-19,paid_social,prospecting_video,,,0
501843,2025-01-19,paid_social,prospecting_video,,,0
501844,2025-01-19,paid_social,prospecting_video,,,0
501845,2025-01-19,paid_social,prospecting_video,,,0
501846,2025-01-19,paid_social,retargeting,,,0
501847,2025-01-19,paid_search,brand_search,,,0
501848,2025-01-19,referral,,,,0
501849,2025-01-19,paid_social,prospecting_video,,,0
501850,2025-01-19,paid_social,retargeting,,,0
501851,2025-01-19,paid_social,prospecting_video,,,0
501852,2025-01-19,organic,,,,0
501853,2025-01-19,affiliate,finance_blogs,,,0
501854,2025-01-19,paid_social,prospecting_video,,,0
501855,2025-01-19,organic,,,,0
501856,2025-01-19,paid_search,generic_search,2025-01-22,monthly,29.97
501857,2025-01-19,organic,,2025-01-19,monthly,29.97
501858,2025-01-19,paid_social,retargeting,,,0
501859,2025-01-19,paid_social,retargeting,,,0
501860,2025-01-19,organic,,2025-01-19,monthly,29.97
501861,2025-01-19,paid_social,prospecting_video,,,0
501862,2025-01-19,paid_social,prospecting_video,,,0
501863,2025-01-19,paid_social,prospecting_video,,,0
501864,2025-01-19,paid_social,prospecting_video,,,0
501865,2025-01-19,paid_social,retargeting,,,0
501866,2025-01-19,paid_social,prospecting_video,,,0
501867,2025-01-19,paid_search,generic_search,,,0
501868,2025-01-19,affiliate,finance_blogs,,,0
501869,2025-01-19,paid_search,brand_search,2025-01-22,annual,79.99
501870,2025-01-19,paid_social,prospecting_video,,,0
501871,2025-01-19,organic,,,,0
501872,2025-01-19,display,display_network,,,0
501873,2025-01-19,paid_search,brand_search,,,0
501874,2025-01-19,paid_social,prospecting_video,,,0
501875,2025-01-19,paid_social,prospecting_video,,,0
501876,2025-01-19,paid_social,prospecting_video,,,0
501877,2025-01-19,paid_social,prospecting_video,,,0
501878,2025-01-19,affiliate,finance_blogs,,,0
501879,2025-01-19,paid_social,prospecting_video,,,0
501880,2025-01-19,paid_social,prospecting_video,,,0
501881,2025-01-19,referral,,,,0
501882,2025-01-19,affiliate,finance_blogs,2025-01-21,monthly,29.97
501883,2025-01-19,organic,,,,0
501884,2025-01-19,referral,,,,0
501885,2025-01-19,organic,,,,0
501886,2025-01-19,display,display_network,,,0
501887,2025-01-19,organic,,,,0
501888,2025-01-19,paid_social,prospecting_video,,,0
501889,2025-01-19,paid_search,generic_search,2025-01-19,annual,79.99
501890,2025-01-19,paid_social,retargeting,,,0
501891,2025-01-19,organic,,,,0
501892,2025-01-19,paid_search,generic_search,,,0
501893,2025-01-20,affiliate,finance_blogs,,,0
501894,2025-01-20,affiliate,finance_blogs,,,0
501895,2025-01-20,paid_social,prospecting_video,,,0
501896,2025-01-20,paid_social,retargeting,,,0
501897,2025-01-20,paid_search,brand_search,2025-01-20,monthly,29.97
501898,2025-01-20,paid_social,prospecting_video,,,0
501899,2025-01-20,paid_social,prospecting_video,,,0
501900,2025-01-20,paid_social,prospecting_video,,,0
501901,2025-01-20,referral,,,,0
501902,2025-01-20,organic,,,,0
501903,2025-01-20,paid_social,prospecting_video,,,0
501904,2025-01-20,paid_search,brand_search,,,0
501905,2025-01-20,paid_search,brand_search,2025-01-27,monthly,9.99
501906,2025-01-20,paid_social,prospecting_video,,,0
501907,2025-01-20,paid_search,brand_search,,,0
501908,2025-01-20,paid_search,generic_search,,,0
501909,2025-01-20,paid_social,prospecting_video,,,0
501910,2025-01-20,paid_social,prospecting_video,,,0
501911,2025-01-20,referral,,,,0
501912,2025-01-20,paid_social,prospecting_video,,,0
501913,2025-01-20,paid_social,prospecting_video,2025-01-21,monthly,19.98
501914,2025-01-20,paid_social,prospecting_video,,,0
501915,2025-01-20,paid_social,prospecting_video,,,0
501916,2025-01-20,paid_social,prospecting_video,,,0
501917,2025-01-20,paid_social,retargeting,,,0
501918,2025-01-20,paid_social,retargeting,,,0
501919,2025-01-20,organic,,,,0
501920,2025-01-20,paid_social,retargeting,,,0
501921,2025-01-20,paid_search,generic_search,,,0
501922,2025-01-20,referral,,,,0
501923,2025-01-20,paid_search,generic_search,2025-01-22,annual,79.99
501924,2025-01-20,paid_social,retargeting,,,0
501925,2025-01-20,organic,,,,0
501926,2025-01-20,paid_social,prospecting_video,,,0
501927,2025-01-20,paid_search,generic_search,,,0
501928,2025-01-20,paid_social,prospecting_video,,,0
501929,2025-01-20,display,display_network,,,0
501930,2025-01-20,organic,,,,0
501931,2025-01-20,paid_search,brand_search,,,0
501932,2025-01-20,paid_social,prospecting_video,,,0
501933,2025-01-20,paid_social,prospecting_video,,,0
501934,2025-01-20,organic,,,,0
501935,2025-01-20,paid_social,retargeting,,,0
501936,2025-01-20,paid_social,prospecting_video,,,0
501937,2025-01-20,paid_social,prospecting_video,,,0
501938,2025-01-20,paid_search,generic_search,,,0
501939,2025-01-20,organic,,,,0
501940,2025-01-20,paid_social,retargeting,,,0
501941,2025-01-20,organic,,,,0
501942,2025-01-20,paid_social,prospecting_video,,,0
501943,2025-01-20,paid_social,prospecting_video,2025-01-20,monthly,29.97
501944,2025-01-20,paid_social,retargeting,,,0
501945,2025-01-20,paid_social,retargeting,2025-01-24,annual,79.99
501946,2025-01-20,organic,,,,0
501947,2025-01-20,organic,,,,0
501948,2025-01-20,organic,,,,0
501949,2025-01-20,organic,,,,0
501950,2025-01-20,paid_search,brand_search,,,0
501951,2025-01-20,paid_social,retargeting,,,0
501952,2025-01-20,paid_social,prospecting_video,,,0
501953,2025-01-20,paid_social,prospecting_video,,,0
501954,2025-01-20,paid_social,retargeting,,,0
501955,2025-01-20,paid_social,retargeting,2025-01-22,monthly,19.98
501956,2025-01-20,organic,,,,0
501957,2025-01-20,organic,,,,0
501958,2025-01-20,paid_social,prospecting_video,,,0
501959,2025-01-20,affiliate,finance_blogs,,,0
501960,2025-01-20,organic,,,,0
501961,2025-01-20,paid_social,prospecting_video,,,0
501962,2025-01-20,paid_social,prospecting_video,,,0
501963,2025-01-20,paid_social,retargeting,,,0
501964,2025-01-20,paid_social,prospecting_video,2025-01-22,monthly,29.97
501965,2025-01-20,organic,,,,0
501966,2025-01-20,paid_social,prospecting_video,,,0
501967,2025-01-20,organic,,,,0
501968,2025-01-20,paid_social,prospecting_video,,,0
501969,2025-01-20,referral,,,,0
501970,2025-01-20,paid_social,prospecting_video,,,0
501971,2025-01-20,referral,,,,0
501972,2025-01-20,paid_social,prospecting_video,,,0
501973,2025-01-20,paid_social,retargeting,,,0
501974,2025-01-20,paid_social,prospecting_video,,,0
501975,2025-01-20,paid_social,retargeting,,,0
501976,2025-01-20,paid_social,prospecting_video,,,0
501977,2025-01-20,organic,,,,0
501978,2025-01-20,paid_search,brand_search,2025-02-01,monthly,19.98
501979,2025-01-20,referral,,,,0
501980,2025-01-20,paid_social,retargeting,,,0
501981,2025-01-20,paid_social,retargeting,,,0
501982,2025-01-20,organic,,,,0
501983,2025-01-20,paid_social,prospecting_video,,,0
501984,2025-01-20,paid_social,retargeting,,,0
501985,2025-01-20,paid_social,prospecting_video,,,0
501986,2025-01-20,paid_social,retargeting,2025-01-23,monthly,29.97
501987,2025-01-20,paid_social,prospecting_video,,,0
501988,2025-01-20,paid_social,retargeting,,,0
501989,2025-01-20,paid_social,retargeting,,,0
501990,2025-01-20,organic,,,,0
501991,2025-01-20,paid_social,prospecting_video,,,0
501992,2025-01-20,paid_social,prospecting_video,,,0
501993,2025-01-20,organic,,,,0
501994,2025-01-20,affiliate,finance_blogs,,,0
501995,2025-01-20,paid_social,prospecting_video,,,0
501996,2025-01-20,display,display_network,,,0
501997,2025-01-20,referral,,,,0
501998,2025-01-20,paid_social,prospecting_video,,,0
501999,2025-01-20,paid_social,prospecting_video,,,0
502000,2025-01-20,paid_social,prospecting_video,,,0
502001,2025-01-20,paid_search,generic_search,,,0
502002,2025-01-20,affiliate,finance_blogs,2025-01-20,monthly,29.97
502003,2025-01-20,paid_social,prospecting_video,,,0
502004,2025-01-20,paid_search,generic_search,,,0
502005,2025-01-20,affiliate,finance_blogs,2025-01-21,monthly,19.98
502006,2025-01-20,paid_social,prospecting_video,,,0
502007,2025-01-20,paid_social,retargeting,,,0
502008,2025-01-20,paid_search,brand_search,,,0
502009,2025-01-20,paid_social,retargeting,2025-01-23,monthly,29.97
502010,2025-01-20,paid_social,retargeting,,,0
502011,2025-01-20,paid_social,prospecting_video,,,0
502012,2025-01-20,organic,,,,0
502013,2025-01-20,paid_search,generic_search,2025-01-21,monthly,29.97
502014,2025-01-20,paid_search,brand_search,,,0
502015,2025-01-20,paid_social,prospecting_video,,,0
502016,2025-01-20,paid_social,retargeting,2025-01-21,monthly,29.97
502017,2025-01-20,paid_search,brand_search,2025-01-20,monthly,29.97
502018,2025-01-20,paid_social,retargeting,,,0
502019,2025-01-21,paid_social,retargeting,,,0
502020,2025-01-21,paid_search,brand_search,,,0
502021,2025-01-21,paid_search,generic_search,,,0
502022,2025-01-21,affiliate,finance_blogs,,,0
502023,2025-01-21,referral,,,,0
502024,2025-01-21,paid_social,prospecting_video,2025-02-03,annual,79.99
502025,2025-01-21,organic,,,,0
502026,2025-01-21,paid_social,prospecting_video,,,0
502027,2025-01-21,organic,,,,0
502028,2025-01-21,paid_search,brand_search,2025-01-21,monthly,29.97
502029,2025-01-21,paid_social,prospecting_video,,,0
502030,2025-01-21,paid_social,retargeting,,,0
502031,2025-01-21,paid_social,prospecting_video,,,0
502032,2025-01-21,paid_social,prospecting_video,,,0
502033,2025-01-21,paid_social,prospecting_video,,,0
502034,2025-01-21,paid_social,prospecting_video,,,0
502035,2025-01-21,paid_social,retargeting,,,0
502036,2025-01-21,paid_search,brand_search,,,0
502037,2025-01-21,paid_search,brand_search,,,0
502038,2025-01-21,organic,,,,0
502039,2025-01-21,paid_social,prospecting_video,,,0
502040,2025-01-21,paid_social,retargeting,,,0
502041,2025-01-21,paid_social,prospecting_video,,,0
502042,2025-01-21,referral,,,,0
502043,2025-01-21,organic,,,,0
502044,2025-01-21,organic,,,,0
502045,2025-01-21,paid_search,generic_search,,,0
502046,2025-01-21,affiliate,finance_blogs,2025-01-21,monthly,29.97
502047,2025-01-21,paid_social,prospecting_video,,,0
502048,2025-01-21,referral,,,,0
502049,2025-01-21,paid_social,prospecting_video,,,0
502050,2025-01-21,paid_search,generic_search,,,0
502051,2025-01-21,paid_social,prospecting_video,,,0
502052,2025-01-21,paid_search,generic_search,2025-01-23,annual,79.99
502053,2025-01-21,paid_search,generic_search,,,0
502054,2025-01-21,paid_search,brand_search,2025-01-21,monthly,19.98
502055,2025-01-21,paid_social,prospecting_video,,,0
502056,2025-01-21,display,display_network,,,0
502057,2025-01-21,paid_social,retargeting,,,0
502058,2025-01-21,organic,,,,0
502059,2025-01-21,paid_social,prospecting_video,,,0
502060,2025-01-21,referral,,,,0
502061,2025-01-21,paid_search,brand_search,,,0
502062,2025-01-21,paid_social,prospecting_video,,,0
502063,2025-01-21,paid_social,prospecting_video,,,0
502064,2025-01-21,affiliate,finance_blogs,,,0
502065,2025-01-21,paid_search,generic_search,2025-01-26,monthly,19.98
502066,2025-01-21,paid_social,retargeting,,,0
502067,2025-01-21,referral,,,,0
502068,2025-01-21,paid_search,generic_search,,,0
502069,2025-01-21,paid_social,prospecting_video,,,0
502070,2025-01-21,paid_social,prospecting_video,,,0
502071,2025-01-21,paid_social,prospecting_video,,,0
502072,2025-01-21,paid_search,generic_search,,,0
502073,2025-01-21,affiliate,finance_blogs,2025-01-29,monthly,19.98
502074,2025-01-21,paid_social,prospecting_video,,,0
502075,2025-01-21,paid_social,retargeting,2025-01-22,monthly,19.98
502076,2025-01-21,organic,,2025-01-22,monthly,19.98
502077,2025-01-21,paid_social,prospecting_video,,,0
502078,2025-01-21,paid_social,prospecting_video,,,0
502079,2025-01-21,organic,,,,0
502080,2025-01-21,paid_social,prospecting_video,,,0
502081,2025-01-21,organic,,,,0
502082,2025-01-21,paid_search,generic_search,,,0
502083,2025-01-21,affiliate,finance_blogs,2025-01-21,annual,79.99
502084,2025-01-21,paid_social,prospecting_video,,,0
502085,2025-01-21,paid_social,retargeting,,,0
502086,2025-01-21,organic,,,,0
502087,2025-01-21,organic,,,,0
502088,2025-01-21,paid_social,prospecting_video,,,0
502089,2025-01-21,paid_social,prospecting_video,,,0
502090,2025-01-21,organic,,,,0
502091,2025-01-21,organic,,,,0
502092,2025-01-21,referral,,,,0
502093,2025-01-21,organic,,,,0
502094,2025-01-21,referral,,,,0
502095,2025-01-21,organic,,,,0
502096,2025-01-21,paid_search,brand_search,,,0
502097,2025-01-21,paid_search,generic_search,2025-01-25,monthly,29.97
502098,2025-01-21,organic,,,,0
502099,2025-01-21,organic,,,,0
502100,2025-01-21,referral,,2025-01-21,monthly,29.97
502101,2025-01-21,paid_search,generic_search,,,0
502102,2025-01-21,affiliate,finance_blogs,2025-01-27,monthly,19.98
502103,2025-01-21,paid_social,retargeting,,,0
502104,2025-01-21,paid_social,prospecting_video,,,0
502105,2025-01-21,paid_search,generic_search,,,0
502106,2025-01-21,organic,,,,0
502107,2025-01-21,paid_social,retargeting,,,0
502108,2025-01-21,paid_social,prospecting_video,,,0
502109,2025-01-21,paid_search,generic_search,,,0
502110,2025-01-21,paid_social,prospecting_video,,,0
502111,2025-01-21,referral,,,,0
502112,2025-01-21,paid_social,prospecting_video,,,0
502113,2025-01-21,paid_search,generic_search,2025-01-21,monthly,29.97
502114,2025-01-21,paid_social,retargeting,,,0
502115,2025-01-21,paid_social,retargeting,,,0
502116,2025-01-21,paid_social,retargeting,,,0
502117,2025-01-21,organic,,,,0
502118,2025-01-21,paid_social,prospecting_video,,,0
502119,2025-01-21,paid_social,prospecting_video,,,0
502120,2025-01-21,organic,,,,0
502121,2025-01-21,paid_social,prospecting_video,,,0
502122,2025-01-21,paid_social,prospecting_video,,,0
502123,2025-01-21,paid_social,prospecting_video,,,0
502124,2025-01-21,referral,,,,0
502125,2025-01-21,paid_social,prospecting_video,,,0
502126,2025-01-22,display,display_network,,,0
502127,2025-01-22,paid_search,brand_search,,,0
502128,2025-01-22,paid_search,brand_search,,,0
502129,2025-01-22,paid_search,generic_search,,,0
502130,2025-01-22,paid_search,generic_search,,,0
502131,2025-01-22,paid_social,retargeting,,,0
502132,2025-01-22,paid_search,generic_search,,,0
502133,2025-01-22,paid_social,retargeting,2025-01-24,annual,79.99
502134,2025-01-22,organic,,,,0
502135,2025-01-22,paid_search,brand_search,,,0
502136,2025-01-22,paid_search,generic_search,,,0
502137,2025-01-22,paid_social,prospecting_video,,,0
502138,2025-01-22,organic,,,,0
502139,2025-01-22,paid_social,prospecting_video,2025-01-22,monthly,29.97
502140,2025-01-22,paid_social,prospecting_video,,,0
502141,2025-01-22,affiliate,finance_blogs,2025-01-29,monthly,29.97
502142,2025-01-22,paid_social,prospecting_video,,,0
502143,2025-01-22,paid_social,retargeting,,,0
502144,2025-01-22,organic,,,,0
502145,2025-01-22,paid_search,generic_search,,,0
502146,2025-01-22,paid_social,prospecting_video,,,0
502147,2025-01-22,paid_social,prospecting_video,,,0
502148,2025-01-22,paid_search,generic_search,,,0
502149,2025-01-22,paid_search,generic_search,,,0
502150,2025-01-22,paid_social,retargeting,,,0
502151,2025-01-22,referral,,,,0
502152,2025-01-22,paid_search,generic_search,,,0
502153,2025-01-22,paid_social,prospecting_video,,,0
502154,2025-01-22,paid_social,retargeting,,,0
502155,2025-01-22,organic,,,,0
502156,2025-01-22,paid_social,prospecting_video,,,0
502157,2025-01-22,organic,,2025-01-24,monthly,29.97
502158,2025-01-22,paid_search,generic_search,2025-01-25,annual,79.99
502159,2025-01-22,paid_search,generic_search,2025-01-23,monthly,29.97
502160,2025-01-22,paid_social,prospecting_video,,,0
502161,2025-01-22,organic,,,,0
502162,2025-01-22,paid_social,retargeting,,,0
502163,2025-01-22,paid_social,prospecting_video,,,0
502164,2025-01-22,paid_search,generic_search,,,0
502165,2025-01-22,referral,,,,0
502166,2025-01-22,organic,,,,0
502167,2025-01-22,paid_social,prospecting_video,,,0
502168,2025-01-22,paid_social,prospecting_video,,,0
502169,2025-01-22,paid_search,generic_search,,,0
502170,2025-01-22,paid_social,prospecting_video,,,0
502171,2025-01-22,paid_social,prospecting_video,,,0
502172,2025-01-22,paid_search,brand_search,,,0
502173,2025-01-22,paid_social,prospecting_video,,,0
502174,2025-01-22,paid_social,prospecting_video,,,0
502175,2025-01-22,paid_social,prospecting_video,,,0
502176,2025-01-22,paid_social,prospecting_video,,,0
502177,2025-01-22,paid_social,prospecting_video,,,0
502178,2025-01-22,paid_search,generic_search,2025-01-22,monthly,9.99
502179,2025-01-22,display,display_network,,,0
502180,2025-01-22,organic,,,,0
502181,2025-01-22,referral,,2025-01-24,monthly,19.98
502182,2025-01-22,paid_search,brand_search,,,0
502183,2025-01-22,paid_social,prospecting_video,,,0
502184,2025-01-22,paid_social,prospecting_video,,,0
502185,2025-01-22,paid_social,prospecting_video,,,0
502186,2025-01-22,organic,,,,0
502187,2025-01-22,organic,,,,0
502188,2025-01-22,paid_search,generic_search,,,0
502189,2025-01-22,paid_social,retargeting,,,0
502190,2025-01-22,organic,,,,0
502191,2025-01-22,paid_social,retargeting,,,0
502192,2025-01-22,paid_search,generic_search,,,0
502193,2025-01-22,paid_social,prospecting_video,,,0
502194,2025-01-22,paid_search,brand_search,,,0
502195,2025-01-22,organic,,,,0
502196,2025-01-22,paid_search,generic_search,,,0
502197,2025-01-22,paid_social,prospecting_video,,,0
502198,2025-01-22,referral,,,,0
502199,2025-01-22,paid_search,generic_search,,,0
502200,2025-01-22,paid_social,prospecting_video,,,0
502201,2025-01-22,paid_social,prospecting_video,,,0
502202,2025-01-22,referral,,,,0
502203,2025-01-22,paid_social,retargeting,,,0
502204,2025-01-22,paid_social,prospecting_video,,,0
502205,2025-01-22,affiliate,finance_blogs,,,0
502206,2025-01-22,paid_search,generic_search,,,0
502207,2025-01-22,organic,,,,0
502208,2025-01-22,paid_search,brand_search,2025-01-24,monthly,29.97
502209,2025-01-22,affiliate,finance_blogs,,,0
502210,2025-01-22,paid_social,retargeting,,,0
502211,2025-01-22,paid_search,brand_search,,,0
502212,2025-01-22,paid_social,prospecting_video,,,0
502213,2025-01-22,organic,,,,0
502214,2025-01-22,paid_search,brand_search,,,0
502215,2025-01-22,paid_social,prospecting_video,,,0
502216,2025-01-22,paid_search,brand_search,,,0
502217,2025-01-22,referral,,2025-01-22,monthly,19.98
502218,2025-01-22,paid_social,prospecting_video,,,0
502219,2025-01-22,paid_social,prospecting_video,,,0
502220,2025-01-22,affiliate,finance_blogs,,,0
502221,2025-01-22,paid_search,generic_search,,,0
502222,2025-01-22,organic,,,,0
502223,2025-01-22,affiliate,finance_blogs,,,0
502224,2025-01-22,organic,,,,0
502225,2025-01-22,paid_search,generic_search,,,0
502226,2025-01-22,affiliate,finance_blogs,,,0
502227,2025-01-22,affiliate,finance_blogs,,,0
502228,2025-01-22,paid_search,generic_search,,,0
502229,2025-01-22,paid_social,prospecting_video,,,0
502230,2025-01-22,paid_social,retargeting,,,0
502231,2025-01-22,paid_social,prospecting_video,,,0
502232,2025-01-22,organic,,2025-01-23,annual,79.99
502233,2025-01-22,paid_social,prospecting_video,,,0
502234,2025-01-22,paid_search,generic_search,2025-01-30,monthly,9.99
502235,2025-01-22,paid_social,prospecting_video,,,0
502236,2025-01-22,organic,,,,0
502237,2025-01-22,paid_search,brand_search,,,0
502238,2025-01-22,organic,,,,0
502239,2025-01-22,paid_social,prospecting_video,,,0
502240,2025-01-22,paid_social,retargeting,,,0
502241,2025-01-22,display,display_network,,,0
502242,2025-01-22,organic,,,,0
502243,2025-01-22,paid_social,prospecting_video,,,0
502244,2025-01-22,organic,,,,0
502245,2025-01-22,paid_social,retargeting,,,0
502246,2025-01-22,organic,,,,0
502247,2025-01-22,paid_social,retargeting,,,0
502248,2025-01-22,organic,,,,0
502249,2025-01-22,paid_social,prospecting_video,,,0
502250,2025-01-22,referral,,,,0
502251,2025-01-22,organic,,,,0
502252,2025-01-22,affiliate,finance_blogs,,,0
502253,2025-01-22,paid_social,retargeting,,,0
502254,2025-01-22,paid_social,prospecting_video,,,0
502255,2025-01-23,paid_social,retargeting,,,0
502256,2025-01-23,paid_search,generic_search,,,0
502257,2025-01-23,paid_search,generic_search,,,0
502258,2025-01-23,affiliate,finance_blogs,,,0
502259,2025-01-23,organic,,,,0
502260,2025-01-23,paid_social,prospecting_video,,,0
502261,2025-01-23,paid_social,prospecting_video,,,0
502262,2025-01-23,referral,,2025-01-24,monthly,29.97
502263,2025-01-23,paid_social,prospecting_video,,,0
502264,2025-01-23,paid_social,retargeting,,,0
502265,2025-01-23,paid_search,generic_search,,,0
502266,2025-01-23,organic,,,,0
502267,2025-01-23,affiliate,finance_blogs,,,0
502268,2025-01-23,paid_social,prospecting_video,,,0
502269,2025-01-23,paid_social,prospecting_video,,,0
502270,2025-01-23,referral,,2025-01-25,monthly,29.97
502271,2025-01-23,paid_search,generic_search,2025-01-25,monthly,29.97
502272,2025-01-23,paid_social,retargeting,,,0
502273,2025-01-23,paid_social,prospecting_video,,,0
502274,2025-01-23,paid_social,prospecting_video,,,0
502275,2025-01-23,paid_social,prospecting_video,,,0
502276,2025-01-23,organic,,,,0
502277,2025-01-23,referral,,,,0
502278,2025-01-23,paid_search,brand_search,,,0
502279,2025-01-23,organic,,,,0
502280,2025-01-23,paid_social,retargeting,2025-01-24,monthly,29.97
502281,2025-01-23,paid_search,generic_search,,,0
502282,2025-01-23,paid_social,prospecting_video,,,0
502283,2025-01-23,paid_search,generic_search,2025-01-23,monthly,29.97
502284,2025-01-23,display,display_network,,,0
502285,2025-01-23,paid_social,retargeting,,,0
502286,2025-01-23,paid_social,prospecting_video,,,0
502287,2025-01-23,affiliate,finance_blogs,,,0
502288,2025-01-23,paid_social,retargeting,2025-01-23,annual,79.99
502289,2025-01-23,paid_social,prospecting_video,,,0
502290,2025-01-23,affiliate,finance_blogs,,,0
502291,2025-01-23,organic,,2025-01-25,annual,79.99
502292,2025-01-23,paid_social,prospecting_video,,,0
502293,2025-01-23,paid_social,retargeting,2025-01-24,annual,79.99
502294,2025-01-23,referral,,,,0
502295,2025-01-23,paid_social,prospecting_video,,,0
502296,2025-01-23,paid_search,brand_search,2025-01-23,annual,79.99
502297,2025-01-23,organic,,,,0
502298,2025-01-23,paid_social,retargeting,,,0
502299,2025-01-23,paid_social,prospecting_video,,,0
502300,2025-01-23,paid_social,prospecting_video,2025-01-23,monthly,9.99
502301,2025-01-23,organic,,,,0
502302,2025-01-23,organic,,,,0
502303,2025-01-23,paid_search,generic_search,2025-01-26,monthly,29.97
502304,2025-01-23,referral,,,,0
502305,2025-01-23,paid_search,brand_search,2025-01-24,monthly,19.98
502306,2025-01-23,organic,,,,0
502307,2025-01-23,paid_social,prospecting_video,,,0
502308,2025-01-23,paid_social,retargeting,,,0
502309,2025-01-23,affiliate,finance_blogs,2025-01-29,monthly,29.97
502310,2025-01-23,paid_social,retargeting,,,0
502311,2025-01-23,paid_social,prospecting_video,,,0
502312,2025-01-23,paid_social,prospecting_video,,,0
502313,2025-01-23,paid_social,retargeting,,,0
502314,2025-01-23,organic,,,,0
502315,2025-01-23,referral,,,,0
502316,2025-01-23,paid_social,prospecting_video,,,0
502317,2025-01-23,organic,,,,0
502318,2025-01-23,paid_social,retargeting,,,0
502319,2025-01-23,paid_search,generic_search,2025-01-27,monthly,19.98
502320,2025-01-23,organic,,2025-01-24,monthly,29.97
502321,2025-01-23,paid_social,prospecting_video,,,0
502322,2025-01-23,paid_search,generic_search,,,0
502323,2025-01-23,organic,,,,0
502324,2025-01-23,affiliate,finance_blogs,,,0
502325,2025-01-23,paid_social,retargeting,,,0
502326,2025-01-23,paid_search,brand_search,,,0
502327,2025-01-23,paid_social,retargeting,,,0
502328,2025-01-23,affiliate,finance_blogs,,,0
502329,2025-01-23,affiliate,finance_blogs,,,0
502330,2025-01-23,paid_social,prospecting_video,,,0
502331,2025-01-23,paid_social,prospecting_video,,,0
502332,2025-01-23,paid_search,generic_search,,,0
502333,2025-01-23,paid_social,prospecting_video,,,0
502334,2025-01-23,organic,,,,0
502335,2025-01-23,paid_social,prospecting_video,,,0
502336,2025-01-23,paid_search,brand_search,,,0
502337,2025-01-23,referral,,,,0
502338,2025-01-23,paid_search,brand_search,,,0
502339,2025-01-23,paid_search,generic_search,2025-01-24,monthly,9.99
502340,2025-01-23,paid_social,prospecting_video,,,0
502341,2025-01-23,organic,,,,0
502342,2025-01-23,paid_social,retargeting,2025-01-26,monthly,29.97
502343,2025-01-23,paid_social,retargeting,2025-01-26,monthly,29.97
502344,2025-01-23,paid_social,prospecting_video,,,0
502345,2025-01-23,paid_social,retargeting,,,0
502346,2025-01-23,paid_social,retargeting,,,0
502347,2025-01-23,paid_social,prospecting_video,,,0
502348,2025-01-23,paid_social,prospecting_video,,,0
502349,2025-01-23,paid_social,prospecting_video,,,0
502350,2025-01-23,paid_search,generic_search,,,0
502351,2025-01-23,paid_social,prospecting_video,,,0
502352,2025-01-23,organic,,,,0
502353,2025-01-23,organic,,,,0
502354,2025-01-23,affiliate,finance_blogs,2025-01-23,monthly,29.97
502355,2025-01-23,organic,,,,0
502356,2025-01-24,paid_search,brand_search,2025-02-03,monthly,29.97
502357,2025-01-24,paid_social,retargeting,,,0
502358,2025-01-24,paid_search,brand_search,2025-01-24,monthly,19.98
502359,2025-01-24,organic,,,,0
502360,2025-01-24,paid_search,generic_search,2025-02-03,monthly,29.97
502361,2025-01-24,paid_search,brand_search,,,0
502362,2025-01-24,affiliate,finance_blogs,,,0
502363,2025-01-24,paid_social,prospecting_video,,,0
502364,2025-01-24,paid_social,prospecting_video,,,0
502365,2025-01-24,paid_search,generic_search,,,0
502366,2025-01-24,organic,,,,0
502367,2025-01-24,paid_social,prospecting_video,,,0
502368,2025-01-24,paid_social,prospecting_video,,,0
502369,2025-01-24,paid_social,prospecting_video,,,0
502370,2025-01-24,paid_search,brand_search,,,0
502371,2025-01-24,organic,,,,0
502372,2025-01-24,paid_social,prospecting_video,,,0
502373,2025-01-24,paid_social,prospecting_video,,,0
502374,2025-01-24,paid_social,retargeting,,,0
502375,2025-01-24,organic,,,,0
502376,2025-01-24,organic,,2025-01-31,monthly,29.97
502377,2025-01-24,paid_social,prospecting_video,,,0
502378,2025-01-24,paid_social,prospecting_video,,,0
502379,2025-01-24,paid_social,prospecting_video,,,0
502380,2025-01-24,paid_social,prospecting_video,,,0
502381,2025-01-24,affiliate,finance_blogs,,,0
502382,2025-01-24,paid_social,retargeting,,,0
502383,2025-01-24,paid_social,prospecting_video,,,0
502384,2025-01-24,paid_search,generic_search,,,0
502385,2025-01-24,paid_social,prospecting_video,,,0
502386,2025-01-24,affiliate,finance_blogs,,,0
502387,2025-01-24,display,display_network,,,0
502388,2025-01-24,paid_search,generic_search,,,0
502389,2025-01-24,paid_social,prospecting_video,,,0
502390,2025-01-24,paid_search,generic_search,,,0
502391,2025-01-24,paid_social,prospecting_video,,,0
502392,2025-01-24,paid_search,generic_search,2025-01-29,annual,79.99
502393,2025-01-24,paid_social,prospecting_video,,,0
502394,2025-01-24,paid_search,brand_search,,,0
502395,2025-01-24,paid_social,prospecting_video,,,0
502396,2025-01-24,paid_social,prospecting_video,,,0
502397,2025-01-24,paid_social,retargeting,,,0
502398,2025-01-24,organic,,,,0
502399,2025-01-24,paid_social,prospecting_video,,,0
502400,2025-01-24,paid_social,prospecting_video,,,0
502401,2025-01-24,display,display_network,,,0
502402,2025-01-24,paid_social,retargeting,,,0
502403,2025-01-24,paid_social,prospecting_video,,,0
502404,2025-01-24,paid_social,prospecting_video,,,0
502405,2025-01-24,organic,,,,0
502406,2025-01-24,paid_search,generic_search,,,0
502407,2025-01-24,referral,,,,0
502408,2025-01-24,paid_social,prospecting_video,2025-01-25,monthly,29.97
502409,2025-01-24,paid_social,prospecting_video,,,0
502410,2025-01-24,organic,,,,0
502411,2025-01-24,organic,,,,0
502412,2025-01-24,paid_social,prospecting_video,,,0
502413,2025-01-24,paid_social,prospecting_video,,,0
502414,2025-01-24,paid_social,retargeting,,,0
502415,2025-01-24,paid_search,brand_search,2025-01-25,annual,79.99
502416,2025-01-24,paid_social,retargeting,,,0
502417,2025-01-24,paid_social,prospecting_video,,,0
502418,2025-01-24,paid_social,prospecting_video,,,0
502419,2025-01-24,affiliate,finance_blogs,,,0
502420,2025-01-24,paid_social,retargeting,,,0
502421,2025-01-24,paid_search,generic_search,2025-01-24,monthly,29.97
502422,2025-01-24,paid_social,prospecting_video,,,0
502423,2025-01-24,paid_social,prospecting_video,,,0
502424,2025-01-24,paid_social,retargeting,,,0
502425,2025-01-24,paid_social,retargeting,,,0
502426,2025-01-24,organic,,,,0
502427,2025-01-24,display,display_network,,,0
502428,2025-01-24,paid_social,prospecting_video,,,0
502429,2025-01-24,paid_social,prospecting_video,,,0
502430,2025-01-24,paid_search,brand_search,,,0
502431,2025-01-24,paid_social,retargeting,,,0
502432,2025-01-24,affiliate,finance_blogs,,,0
502433,2025-01-24,paid_social,prospecting_video,,,0
502434,2025-01-24,organic,,,,0
502435,2025-01-24,affiliate,finance_blogs,,,0
502436,2025-01-24,paid_search,generic_search,,,0
502437,2025-01-24,paid_search,brand_search,,,0
502438,2025-01-24,paid_social,prospecting_video,,,0
502439,2025-01-24,paid_social,prospecting_video,,,0
502440,2025-01-24,paid_search,generic_search,2025-01-25,monthly,29.97
502441,2025-01-24,paid_social,prospecting_video,,,0
502442,2025-01-24,display,display_network,,,0
502443,2025-01-24,paid_search,brand_search,,,0
502444,2025-01-24,organic,,,,0
502445,2025-01-24,organic,,,,0
502446,2025-01-24,referral,,,,0
502447,2025-01-24,paid_social,retargeting,2025-01-24,monthly,29.97
502448,2025-01-24,organic,,,,0
502449,2025-01-24,paid_search,generic_search,,,0
502450,2025-01-24,organic,,,,0
502451,2025-01-25,referral,,,,0
502452,2025-01-25,paid_social,prospecting_video,,,0
502453,2025-01-25,paid_social,prospecting_video,,,0
502454,2025-01-25,paid_social,retargeting,,,0
502455,2025-01-25,referral,,2025-01-25,annual,79.99
502456,2025-01-25,paid_search,generic_search,,,0
502457,2025-01-25,organic,,,,0
502458,2025-01-25,organic,,,,0
502459,2025-01-25,paid_social,retargeting,,,0
502460,2025-01-25,paid_social,prospecting_video,,,0
502461,2025-01-25,referral,,,,0
502462,2025-01-25,paid_social,retargeting,2025-02-02,monthly,19.98
502463,2025-01-25,paid_social,prospecting_video,,,0
502464,2025-01-25,paid_search,brand_search,,,0
502465,2025-01-25,paid_social,retargeting,,,0
502466,2025-01-25,organic,,,,0
502467,2025-01-25,organic,,,,0
502468,2025-01-25,organic,,,,0
502469,2025-01-25,organic,,,,0
502470,2025-01-25,paid_search,generic_search,,,0
502471,2025-01-25,paid_search,brand_search,,,0
502472,2025-01-25,paid_social,retargeting,,,0
502473,2025-01-25,paid_social,retargeting,2025-01-26,monthly,29.97
502474,2025-01-25,organic,,,,0
502475,2025-01-25,paid_social,prospecting_video,,,0
502476,2025-01-25,paid_social,prospecting_video,,,0
502477,2025-01-25,paid_search,generic_search,,,0
502478,2025-01-25,paid_social,prospecting_video,,,0
502479,2025-01-25,paid_social,prospecting_video,,,0
502480,2025-01-25,organic,,,,0
502481,2025-01-25,organic,,2025-01-25,monthly,29.97
502482,2025-01-25,affiliate,finance_blogs,,,0
502483,2025-01-25,paid_search,generic_search,,,0
502484,2025-01-25,affiliate,finance_blogs,,,0
502485,2025-01-25,paid_search,brand_search,2025-01-25,monthly,29.97
502486,2025-01-25,paid_social,retargeting,2025-01-25,annual,79.99
502487,2025-01-25,referral,,,,0
502488,2025-01-25,paid_social,prospecting_video,,,0
502489,2025-01-25,paid_social,prospecting_video,,,0
502490,2025-01-25,organic,,,,0
502491,2025-01-25,organic,,,,0
502492,2025-01-25,paid_search,brand_search,,,0
502493,2025-01-25,paid_social,prospecting_video,,,0
502494,2025-01-25,paid_search,generic_search,,,0
502495,2025-01-25,paid_search,brand_search,,,0
502496,2025-01-25,paid_social,prospecting_video,,,0
502497,2025-01-25,referral,,,,0
502498,2025-01-25,organic,,,,0
502499,2025-01-25,paid_social,retargeting,,,0
502500,2025-01-25,affiliate,finance_blogs,,,0
502501,2025-01-25,display,display_network,,,0
502502,2025-01-25,paid_social,prospecting_video,,,0
502503,2025-01-25,organic,,,,0
502504,2025-01-25,paid_search,generic_search,,,0
502505,2025-01-25,organic,,,,0
502506,2025-01-25,organic,,,,0
502507,2025-01-25,organic,,,,0
502508,2025-01-25,paid_search,generic_search,,,0
502509,2025-01-25,paid_search,generic_search,,,0
502510,2025-01-25,affiliate,finance_blogs,,,0
502511,2025-01-25,paid_social,prospecting_video,,,0
502512,2025-01-25,paid_social,retargeting,,,0
502513,2025-01-25,paid_social,prospecting_video,,,0
502514,2025-01-25,organic,,,,0
502515,2025-01-25,paid_search,generic_search,2025-01-31,monthly,29.97
502516,2025-01-25,paid_social,retargeting,,,0
502517,2025-01-25,paid_search,brand_search,,,0
502518,2025-01-25,paid_social,prospecting_video,,,0
502519,2025-01-25,paid_social,retargeting,,,0
502520,2025-01-25,paid_social,prospecting_video,,,0
502521,2025-01-25,paid_search,brand_search,,,0
502522,2025-01-25,referral,,,,0
502523,2025-01-25,organic,,,,0
502524,2025-01-25,paid_search,brand_search,,,0
502525,2025-01-25,paid_search,generic_search,,,0
502526,2025-01-25,paid_search,brand_search,,,0
502527,2025-01-25,paid_social,retargeting,,,0
502528,2025-01-25,paid_search,generic_search,2025-01-26,monthly,29.97
502529,2025-01-25,paid_search,generic_search,,,0
502530,2025-01-25,paid_social,retargeting,,,0
502531,2025-01-25,organic,,,,0
502532,2025-01-25,organic,,,,0
502533,2025-01-25,paid_social,retargeting,,,0
502534,2025-01-25,paid_social,prospecting_video,,,0
502535,2025-01-25,paid_social,prospecting_video,,,0
502536,2025-01-25,affiliate,finance_blogs,2025-01-25,monthly,9.99
502537,2025-01-25,paid_search,brand_search,,,0
502538,2025-01-25,paid_social,prospecting_video,,,0
502539,2025-01-25,paid_search,brand_search,,,0
502540,2025-01-25,paid_social,retargeting,,,0
502541,2025-01-25,paid_search,brand_search,,,0
502542,2025-01-25,organic,,,,0
502543,2025-01-25,organic,,,,0
502544,2025-01-25,paid_social,prospecting_video,,,0
502545,2025-01-25,organic,,,,0
502546,2025-01-25,paid_social,prospecting_video,,,0
502547,2025-01-25,paid_social,prospecting_video,,,0
502548,2025-01-26,organic,,,,0
502549,2025-01-26,paid_social,retargeting,,,0
502550,2025-01-26,paid_social,prospecting_video,,,0
502551,2025-01-26,referral,,,,0
502552,2025-01-26,paid_search,generic_search,,,0
502553,2025-01-26,paid_social,prospecting_video,,,0
502554,2025-01-26,paid_social,prospecting_video,,,0
502555,2025-01-26,organic,,,,0
502556,2025-01-26,affiliate,finance_blogs,,,0
502557,2025-01-26,paid_social,retargeting,,,0
502558,2025-01-26,paid_social,prospecting_video,,,0
502559,2025-01-26,referral,,2025-02-02,annual,79.99
502560,2025-01-26,paid_search,brand_search,2025-01-27,annual,79.99
502561,2025-01-26,organic,,2025-01-27,monthly,9.99
502562,2025-01-26,paid_social,prospecting_video,,,0
502563,2025-01-26,paid_search,brand_search,,,0
502564,2025-01-26,paid_social,prospecting_video,,,0
502565,2025-01-26,paid_search,brand_search,2025-01-31,annual,79.99
502566,2025-01-26,paid_social,prospecting_video,,,0
502567,2025-01-26,affiliate,finance_blogs,,,0
502568,2025-01-26,organic,,,,0
502569,2025-01-26,paid_social,prospecting_video,,,0
502570,2025-01-26,paid_social,prospecting_video,2025-01-26,monthly,29.97
502571,2025-01-26,paid_social,prospecting_video,,,0
502572,2025-01-26,paid_search,generic_search,,,0
502573,2025-01-26,referral,,,,0
502574,2025-01-26,organic,,,,0
502575,2025-01-26,paid_social,prospecting_video,,,0
502576,2025-01-26,paid_social,retargeting,,,0
502577,2025-01-26,paid_social,prospecting_video,,,0
502578,2025-01-26,paid_social,retargeting,,,0
502579,2025-01-26,paid_social,prospecting_video,,,0
502580,2025-01-26,paid_social,retargeting,2025-01-27,annual,79.99
502581,2025-01-26,paid_social,prospecting_video,2025-02-01,annual,79.99
502582,2025-01-26,paid_search,generic_search,,,0
502583,2025-01-26,organic,,,,0
502584,2025-01-26,paid_search,generic_search,,,0
502585,2025-01-26,organic,,,,0
502586,2025-01-26,paid_social,retargeting,,,0
502587,2025-01-26,paid_social,prospecting_video,,,0
502588,2025-01-26,display,display_network,,,0
502589,2025-01-26,paid_social,retargeting,,,0
502590,2025-01-26,organic,,,,0
502591,2025-01-26,organic,,,,0
502592,2025-01-26,paid_social,prospecting_video,,,0
502593,2025-01-26,paid_social,prospecting_video,,,0
502594,2025-01-26,paid_social,prospecting_video,,,0
502595,2025-01-26,paid_search,generic_search,,,0
502596,2025-01-26,organic,,,,0
502597,2025-01-26,paid_social,retargeting,2025-02-08,monthly,9.99
502598,2025-01-26,paid_search,generic_search,,,0
502599,2025-01-26,organic,,,,0
502600,2025-01-26,paid_social,prospecting_video,,,0
502601,2025-01-26,paid_social,prospecting_video,,,0
502602,2025-01-26,organic,,,,0
502603,2025-01-26,paid_social,retargeting,,,0
502604,2025-01-26,organic,,,,0
502605,2025-01-26,paid_social,retargeting,,,0
502606,2025-01-26,affiliate,finance_blogs,,,0
502607,2025-01-26,referral,,,,0
502608,2025-01-26,paid_search,generic_search,,,0
502609,2025-01-26,paid_social,prospecting_video,,,0
502610,2025-01-26,paid_social,prospecting_video,,,0
502611,2025-01-26,paid_search,brand_search,,,0
502612,2025-01-26,paid_social,prospecting_video,2025-01-28,annual,79.99
502613,2025-01-26,paid_search,brand_search,,,0
502614,2025-01-26,paid_social,prospecting_video,,,0
502615,2025-01-26,paid_social,retargeting,,,0
502616,2025-01-26,affiliate,finance_blogs,2025-01-26,monthly,29.97
502617,2025-01-26,paid_social,retargeting,,,0
502618,2025-01-26,paid_social,retargeting,,,0
502619,2025-01-26,paid_search,brand_search,,,0
502620,2025-01-26,organic,,,,0
502621,2025-01-26,organic,,,,0
502622,2025-01-26,paid_social,prospecting_video,,,0
502623,2025-01-26,paid_social,prospecting_video,,,0
502624,2025-01-26,paid_social,retargeting,,,0
502625,2025-01-26,organic,,,,0
502626,2025-01-26,organic,,,,0
502627,2025-01-26,organic,,,,0
502628,2025-01-26,affiliate,finance_blogs,,,0
502629,2025-01-26,paid_social,prospecting_video,,,0
502630,2025-01-26,paid_search,brand_search,,,0
502631,2025-01-26,paid_search,brand_search,2025-01-26,monthly,29.97
502632,2025-01-26,organic,,2025-01-27,monthly,29.97
502633,2025-01-26,paid_social,prospecting_video,,,0
502634,2025-01-26,paid_social,prospecting_video,,,0
502635,2025-01-26,paid_search,generic_search,,,0
502636,2025-01-26,organic,,,,0
502637,2025-01-26,paid_social,prospecting_video,,,0
502638,2025-01-26,paid_social,prospecting_video,,,0
502639,2025-01-26,organic,,,,0
502640,2025-01-26,referral,,2025-02-03,annual,79.99
502641,2025-01-26,paid_search,generic_search,,,0
502642,2025-01-26,paid_search,brand_search,,,0
502643,2025-01-26,paid_social,retargeting,,,0
502644,2025-01-26,paid_social,prospecting_video,,,0
502645,2025-01-26,organic,,,,0
502646,2025-01-26,paid_search,generic_search,,,0
502647,2025-01-26,display,display_network,,,0
502648,2025-01-26,paid_social,prospecting_video,,,0
502649,2025-01-26,paid_social,prospecting_video,,,0
502650,2025-01-26,paid_search,brand_search,,,0
502651,2025-01-26,paid_search,brand_search,,,0
502652,2025-01-26,paid_social,prospecting_video,,,0
502653,2025-01-26,paid_social,prospecting_video,,,0
502654,2025-01-26,paid_social,prospecting_video,,,0
502655,2025-01-27,paid_social,prospecting_video,,,0
502656,2025-01-27,paid_social,prospecting_video,,,0
502657,2025-01-27,referral,,2025-01-28,annual,79.99
502658,2025-01-27,paid_social,retargeting,,,0
502659,2025-01-27,paid_social,prospecting_video,,,0
502660,2025-01-27,paid_search,brand_search,,,0
502661,2025-01-27,affiliate,finance_blogs,,,0
502662,2025-01-27,organic,,,,0
502663,2025-01-27,organic,,,,0
502664,2025-01-27,paid_social,prospecting_video,,,0
502665,2025-01-27,paid_social,prospecting_video,,,0
502666,2025-01-27,organic,,2025-01-27,monthly,9.99
502667,2025-01-27,paid_search,generic_search,,,0
502668,2025-01-27,paid_social,prospecting_video,,,0
502669,2025-01-27,organic,,,,0
502670,2025-01-27,paid_search,generic_search,,,0
502671,2025-01-27,paid_social,prospecting_video,,,0
502672,2025-01-27,organic,,,,0
502673,2025-01-27,paid_social,prospecting_video,,,0
502674,2025-01-27,paid_social,prospecting_video,,,0
502675,2025-01-27,paid_social,prospecting_video,,,0
502676,2025-01-27,paid_social,prospecting_video,,,0
502677,2025-01-27,paid_search,brand_search,2025-02-03,monthly,9.99
502678,2025-01-27,paid_search,brand_search,,,0
502679,2025-01-27,organic,,,,0
502680,2025-01-27,organic,,,,0
502681,2025-01-27,paid_search,brand_search,2025-01-27,monthly,29.97
502682,2025-01-27,paid_social,prospecting_video,,,0
502683,2025-01-27,organic,,,,0
502684,2025-01-27,paid_social,retargeting,,,0
502685,2025-01-27,paid_social,prospecting_video,,,0
502686,2025-01-27,paid_search,generic_search,2025-02-01,annual,79.99
502687,2025-01-27,referral,,,,0
502688,2025-01-27,referral,,,,0
502689,2025-01-27,display,display_network,,,0
502690,2025-01-27,paid_search,generic_search,2025-02-01,monthly,9.99
502691,2025-01-27,paid_search,brand_search,,,0
502692,2025-01-27,paid_social,prospecting_video,,,0
502693,2025-01-27,paid_search,generic_search,,,0
502694,2025-01-27,paid_social,prospecting_video,,,0
502695,2025-01-27,paid_social,prospecting_video,,,0
502696,2025-01-27,organic,,,,0
502697,2025-01-27,paid_social,prospecting_video,,,0
502698,2025-01-27,referral,,,,0
502699,2025-01-27,paid_social,prospecting_video,,,0
502700,2025-01-27,organic,,,,0
502701,2025-01-27,paid_search,generic_search,,,0
502702,2025-01-27,organic,,,,0
502703,2025-01-27,paid_social,prospecting_video,,,0
502704,2025-01-27,paid_search,brand_search,,,0
502705,2025-01-27,organic,,,,0
502706,2025-01-27,paid_social,prospecting_video,,,0
502707,2025-01-27,organic,,,,0
502708,2025-01-27,paid_search,brand_search,,,0
502709,2025-01-27,paid_social,prospecting_video,,,0
502710,2025-01-27,paid_social,prospecting_video,,,0
502711,2025-01-27,paid_social,retargeting,,,0
502712,2025-01-27,paid_social,retargeting,,,0
502713,2025-01-27,paid_social,prospecting_video,,,0
502714,2025-01-27,paid_social,prospecting_video,,,0
502715,2025-01-27,referral,,,,0
502716,2025-01-27,paid_social,prospecting_video,,,0
502717,2025-01-27,paid_social,retargeting,2025-01-30,monthly,19.98
502718,2025-01-27,paid_social,prospecting_video,2025-01-27,annual,79.99
502719,2025-01-27,organic,,,,0
502720,2025-01-27,referral,,,,0
502721,2025-01-27,paid_social,retargeting,,,0
502722,2025-01-27,paid_search,brand_search,2025-02-05,annual,79.99
502723,2025-01-27,affiliate,finance_blogs,,,0
502724,2025-01-27,affiliate,finance_blogs,2025-01-29,annual,79.99
502725,2025-01-27,paid_search,brand_search,,,0
502726,2025-01-27,paid_social,retargeting,,,0
502727,2025-01-27,paid_social,prospecting_video,,,0
502728,2025-01-27,organic,,,,0
502729,2025-01-27,organic,,,,0
502730,2025-01-27,paid_social,prospecting_video,,,0
502731,2025-01-27,paid_social,prospecting_video,,,0
502732,2025-01-27,paid_social,prospecting_video,,,0
502733,2025-01-27,paid_social,retargeting,,,0
502734,2025-01-27,paid_social,retargeting,,,0
502735,2025-01-27,paid_social,prospecting_video,,,0
502736,2025-01-27,paid_social,prospecting_video,,,0
502737,2025-01-27,paid_social,prospecting_video,,,0
502738,2025-01-27,referral,,,,0
502739,2025-01-27,paid_social,prospecting_video,,,0
502740,2025-01-27,paid_social,retargeting,,,0
502741,2025-01-27,paid_social,retargeting,,,0
502742,2025-01-27,paid_search,generic_search,,,0
502743,2025-01-27,paid_search,generic_search,,,0
502744,2025-01-27,paid_social,prospecting_video,,,0
502745,2025-01-27,paid_social,prospecting_video,,,0
502746,2025-01-27,organic,,,,0
502747,2025-01-27,paid_social,prospecting_video,,,0
502748,2025-01-27,paid_social,prospecting_video,,,0
502749,2025-01-27,paid_search,brand_search,,,0
502750,2025-01-27,affiliate,finance_blogs,2025-02-01,monthly,29.97
502751,2025-01-27,paid_social,prospecting_video,,,0
502752,2025-01-27,paid_social,prospecting_video,,,0
502753,2025-01-27,organic,,,,0
502754,2025-01-27,paid_social,prospecting_video,,,0
502755,2025-01-27,paid_social,prospecting_video,,,0
502756,2025-01-27,paid_search,brand_search,,,0
502757,2025-01-27,paid_search,generic_search,,,0
502758,2025-01-27,paid_social,prospecting_video,,,0
502759,2025-01-27,paid_social,prospecting_video,,,0
502760,2025-01-27,paid_social,prospecting_video,,,0
502761,2025-01-27,paid_social,prospecting_video,,,0
502762,2025-01-27,paid_social,prospecting_video,,,0
502763,2025-01-27,paid_social,prospecting_video,,,0
502764,2025-01-28,paid_social,retargeting,,,0
502765,2025-01-28,paid_social,prospecting_video,2025-01-28,monthly,29.97
502766,2025-01-28,paid_social,prospecting_video,,,0
502767,2025-01-28,organic,,,,0
502768,2025-01-28,affiliate,finance_blogs,,,0
502769,2025-01-28,paid_search,brand_search,2025-01-29,annual,79.99
502770,2025-01-28,paid_social,retargeting,,,0
502771,2025-01-28,paid_social,prospecting_video,,,0
502772,2025-01-28,paid_social,retargeting,,,0
502773,2025-01-28,organic,,,,0
502774,2025-01-28,paid_social,retargeting,,,0
502775,2025-01-28,paid_social,retargeting,,,0
502776,2025-01-28,paid_social,prospecting_video,,,0
502777,2025-01-28,affiliate,finance_blogs,,,0
502778,2025-01-28,organic,,,,0
502779,2025-01-28,paid_social,prospecting_video,,,0
502780,2025-01-28,paid_social,retargeting,,,0
502781,2025-01-28,affiliate,finance_blogs,,,0
502782,2025-01-28,paid_social,retargeting,2025-02-09,annual,79.99
502783,2025-01-28,paid_search,generic_search,2025-02-08,monthly,29.97
502784,2025-01-28,organic,,,,0
502785,2025-01-28,organic,,,,0
502786,2025-01-28,organic,,,,0
502787,2025-01-28,paid_social,retargeting,,,0
502788,2025-01-28,referral,,,,0
502789,2025-01-28,referral,,,,0
502790,2025-01-28,referral,,,,0
502791,2025-01-28,paid_search,generic_search,,,0
502792,2025-01-28,paid_social,prospecting_video,,,0
502793,2025-01-28,paid_social,retargeting,,,0
502794,2025-01-28,paid_search,generic_search,,,0
502795,2025-01-28,paid_social,retargeting,,,0
502796,2025-01-28,affiliate,finance_blogs,,,0
502797,2025-01-28,organic,,2025-01-28,monthly,29.97
502798,2025-01-28,paid_social,prospecting_video,,,0
502799,2025-01-28,paid_social,prospecting_video,,,0
502800,2025-01-28,paid_social,retargeting,,,0
502801,2025-01-28,display,display_network,,,0
502802,2025-01-28,paid_search,brand_search,,,0
502803,2025-01-28,paid_social,prospecting_video,,,0
502804,2025-01-28,display,display_network,,,0
502805,2025-01-28,paid_search,generic_search,,,0
502806,2025-01-28,paid_social,prospecting_video,,,0
502807,2025-01-28,paid_social,retargeting,,,0
502808,2025-01-28,paid_social,prospecting_video,,,0
502809,2025-01-28,paid_social,retargeting,,,0
502810,2025-01-28,organic,,,,0
502811,2025-01-28,referral,,,,0
502812,2025-01-28,paid_social,retargeting,2025-01-31,monthly,29.97
502813,2025-01-28,affiliate,finance_blogs,,,0
502814,2025-01-28,affiliate,finance_blogs,2025-01-28,annual,79.99
502815,2025-01-28,paid_search,generic_search,,,0
502816,2025-01-28,paid_social,prospecting_video,2025-01-29,monthly,29.97
502817,2025-01-28,paid_social,prospecting_video,,,0
502818,2025-01-28,paid_social,retargeting,,,0
502819,2025-01-28,paid_social,prospecting_video,,,0
502820,2025-01-28,paid_social,retargeting,,,0
502821,2025-01-28,paid_social,prospecting_video,,,0
502822,2025-01-28,paid_social,prospecting_video,,,0
502823,2025-01-28,referral,,,,0
502824,2025-01-28,paid_search,generic_search,,,0
502825,2025-01-28,paid_search,generic_search,2025-01-29,annual,79.99
502826,2025-01-28,affiliate,finance_blogs,,,0
502827,2025-01-28,paid_search,generic_search,,,0
502828,2025-01-28,paid_social,prospecting_video,,,0
502829,2025-01-28,paid_search,brand_search,,,0
502830,2025-01-28,organic,,,,0
502831,2025-01-28,paid_search,brand_search,,,0
502832,2025-01-28,paid_search,generic_search,2025-02-01,monthly,29.97
502833,2025-01-28,referral,,,,0
502834,2025-01-28,organic,,2025-02-01,monthly,29.97
502835,2025-01-28,paid_social,retargeting,,,0
502836,2025-01-28,display,display_network,,,0
502837,2025-01-28,affiliate,finance_blogs,,,0
502838,2025-01-28,paid_search,brand_search,,,0
502839,2025-01-28,paid_social,prospecting_video,,,0
502840,2025-01-28,paid_social,prospecting_video,,,0
502841,2025-01-28,paid_social,prospecting_video,,,0
502842,2025-01-28,paid_social,prospecting_video,,,0
502843,2025-01-28,paid_social,prospecting_video,,,0
502844,2025-01-28,paid_social,prospecting_video,,,0
502845,2025-01-28,paid_search,brand_search,2025-01-28,annual,79.99
502846,2025-01-28,paid_search,generic_search,,,0
502847,2025-01-28,organic,,,,0
502848,2025-01-28,paid_social,retargeting,,,0
502849,2025-01-28,paid_social,prospecting_video,,,0
502850,2025-01-28,paid_search,brand_search,,,0
502851,2025-01-28,paid_social,retargeting,,,0
502852,2025-01-28,paid_social,retargeting,,,0
502853,2025-01-28,paid_social,prospecting_video,,,0
502854,2025-01-28,paid_search,brand_search,,,0
502855,2025-01-28,paid_search,brand_search,2025-01-28,monthly,29.97
502856,2025-01-29,referral,,2025-02-06,annual,79.99
502857,2025-01-29,organic,,,,0
502858,2025-01-29,affiliate,finance_blogs,,,0
502859,2025-01-29,paid_search,generic_search,,,0
502860,2025-01-29,paid_social,retargeting,,,0
502861,2025-01-29,paid_search,brand_search,,,0
502862,2025-01-29,paid_social,prospecting_video,,,0
502863,2025-01-29,organic,,,,0
502864,2025-01-29,paid_search,brand_search,,,0
502865,2025-01-29,referral,,,,0
502866,2025-01-29,paid_social,retargeting,,,0
502867,2025-01-29,paid_social,prospecting_video,,,0
502868,2025-01-29,paid_search,generic_search,,,0
502869,2025-01-29,paid_social,prospecting_video,,,0
502870,2025-01-29,paid_social,prospecting_video,,,0
502871,2025-01-29,paid_social,prospecting_video,,,0
502872,2025-01-29,paid_search,generic_search,2025-01-29,monthly,29.97
502873,2025-01-29,paid_social,retargeting,,,0
502874,2025-01-29,paid_social,retargeting,,,0
502875,2025-01-29,organic,,,,0
502876,2025-01-29,paid_social,retargeting,2025-02-08,monthly,19.98
502877,2025-01-29,paid_social,prospecting_video,,,0
502878,2025-01-29,referral,,,,0
502879,2025-01-29,affiliate,finance_blogs,,,0
502880,2025-01-29,paid_social,prospecting_video,,,0
502881,2025-01-29,organic,,,,0
502882,2025-01-29,organic,,,,0
502883,2025-01-29,paid_social,prospecting_video,,,0
502884,2025-01-29,display,display_network,2025-02-03,annual,79.99
502885,2025-01-29,paid_search,brand_search,2025-02-05,annual,79.99
502886,2025-01-29,paid_social,retargeting,,,0
502887,2025-01-29,organic,,,,0
502888,2025-01-29,paid_search,generic_search,,,0
502889,2025-01-29,paid_search,brand_search,2025-01-31,annual,79.99
502890,2025-01-29,paid_search,brand_search,,,0
502891,2025-01-29,paid_social,prospecting_video,,,0
502892,2025-01-29,affiliate,finance_blogs,,,0
502893,2025-01-29,paid_social,prospecting_video,,,0
502894,2025-01-29,paid_social,prospecting_video,2025-01-31,monthly,29.97
502895,2025-01-29,paid_social,prospecting_video,,,0
502896,2025-01-29,paid_social,prospecting_video,,,0
502897,2025-01-29,paid_social,prospecting_video,,,0
502898,2025-01-29,paid_search,brand_search,2025-01-30,monthly,29.97
502899,2025-01-29,paid_social,prospecting_video,,,0
502900,2025-01-29,organic,,,,0
502901,2025-01-29,paid_social,prospecting_video,,,0
502902,2025-01-29,paid_social,prospecting_video,,,0
502903,2025-01-29,paid_search,generic_search,,,0
502904,2025-01-29,paid_social,prospecting_video,,,0
502905,2025-01-29,paid_social,prospecting_video,,,0
502906,2025-01-29,paid_social,prospecting_video,,,0
502907,2025-01-29,organic,,,,0
502908,2025-01-29,referral,,2025-01-30,monthly,29.97
502909,2025-01-29,referral,,2025-02-01,monthly,29.97
502910,2025-01-29,paid_social,prospecting_video,,,0
502911,2025-01-29,paid_social,prospecting_video,,,0
502912,2025-01-29,affiliate,finance_blogs,,,0
502913,2025-01-29,affiliate,finance_blogs,,,0
502914,2025-01-29,paid_social,prospecting_video,,,0
502915,2025-01-29,paid_social,prospecting_video,,,0
502916,2025-01-29,organic,,,,0
502917,2025-01-29,paid_social,prospecting_video,,,0
502918,2025-01-29,paid_social,prospecting_video,,,0
502919,2025-01-29,paid_search,generic_search,,,0
502920,2025-01-29,paid_social,prospecting_video,,,0
502921,2025-01-29,organic,,,,0
502922,2025-01-29,paid_social,prospecting_video,,,0
502923,2025-01-29,affiliate,finance_blogs,,,0
502924,2025-01-29,organic,,,,0
502925,2025-01-29,organic,,2025-01-29,annual,79.99
502926,2025-01-29,organic,,,,0
502927,2025-01-29,paid_social,retargeting,2025-02-07,annual,79.99
502928,2025-01-29,paid_social,prospecting_video,,,0
502929,2025-01-29,paid_search,brand_search,,,0
502930,2025-01-29,paid_search,generic_search,,,0
502931,2025-01-29,paid_search,brand_search,,,0
502932,2025-01-29,paid_social,retargeting,,,0
502933,2025-01-29,paid_search,generic_search,,,0
502934,2025-01-29,paid_social,prospecting_video,,,0
502935,2025-01-29,paid_social,retargeting,2025-01-29,annual,79.99
502936,2025-01-29,paid_search,brand_search,2025-01-30,monthly,29.97
502937,2025-01-29,paid_social,prospecting_video,,,0
502938,2025-01-29,paid_social,prospecting_video,,,0
502939,2025-01-29,paid_social,prospecting_video,,,0
502940,2025-01-29,paid_search,brand_search,,,0
502941,2025-01-29,paid_social,prospecting_video,,,0
502942,2025-01-29,paid_social,prospecting_video,,,0
502943,2025-01-29,paid_social,prospecting_video,,,0
502944,2025-01-29,paid_social,retargeting,,,0
502945,2025-01-29,paid_social,prospecting_video,,,0
502946,2025-01-29,referral,,,,0
502947,2025-01-29,paid_search,brand_search,,,0
502948,2025-01-29,paid_social,prospecting_video,,,0
502949,2025-01-29,organic,,,,0
502950,2025-01-29,paid_search,brand_search,,,0
502951,2025-01-29,paid_social,retargeting,,,0
502952,2025-01-29,paid_social,prospecting_video,,,0
502953,2025-01-29,paid_social,prospecting_video,,,0
502954,2025-01-29,paid_social,prospecting_video,,,0
502955,2025-01-29,referral,,,,0
502956,2025-01-29,paid_search,brand_search,2025-01-31,monthly,9.99
502957,2025-01-29,organic,,,,0
502958,2025-01-29,paid_search,generic_search,,,0
502959,2025-01-29,referral,,,,0
502960,2025-01-29,paid_search,brand_search,,,0
502961,2025-01-29,paid_social,retargeting,,,0
502962,2025-01-29,paid_social,prospecting_video,,,0
502963,2025-01-29,referral,,,,0
502964,2025-01-29,paid_search,generic_search,,,0
502965,2025-01-29,paid_social,prospecting_video,,,0
502966,2025-01-29,organic,,,,0
502967,2025-01-29,referral,,2025-01-29,monthly,29.97
502968,2025-01-30,paid_social,prospecting_video,,,0
502969,2025-01-30,referral,,,,0
502970,2025-01-30,paid_social,prospecting_video,,,0
502971,2025-01-30,organic,,,,0
502972,2025-01-30,paid_social,prospecting_video,,,0
502973,2025-01-30,paid_social,prospecting_video,,,0
502974,2025-01-30,paid_social,prospecting_video,,,0
502975,2025-01-30,organic,,,,0
502976,2025-01-30,paid_social,prospecting_video,,,0
502977,2025-01-30,paid_social,prospecting_video,,,0
502978,2025-01-30,paid_search,brand_search,,,0
502979,2025-01-30,paid_social,prospecting_video,,,0
502980,2025-01-30,paid_social,retargeting,,,0
502981,2025-01-30,paid_social,retargeting,,,0
502982,2025-01-30,paid_social,prospecting_video,,,0
502983,2025-01-30,paid_search,generic_search,,,0
502984,2025-01-30,organic,,,,0
502985,2025-01-30,referral,,,,0
502986,2025-01-30,paid_search,generic_search,,,0
502987,2025-01-30,paid_social,retargeting,,,0
502988,2025-01-30,paid_social,prospecting_video,,,0
502989,2025-01-30,paid_social,retargeting,,,0
502990,2025-01-30,display,display_network,,,0
502991,2025-01-30,paid_search,brand_search,,,0
502992,2025-01-30,paid_social,prospecting_video,,,0
502993,2025-01-30,organic,,,,0
502994,2025-01-30,paid_social,retargeting,2025-01-30,annual,79.99
502995,2025-01-30,paid_social,prospecting_video,,,0
502996,2025-01-30,paid_search,brand_search,,,0
502997,2025-01-30,paid_social,prospecting_video,,,0
502998,2025-01-30,paid_social,prospecting_video,,,0
502999,2025-01-30,paid_social,prospecting_video,,,0
503000,2025-01-30,referral,,,,0
503001,2025-01-30,paid_search,brand_search,,,0
503002,2025-01-30,paid_search,brand_search,,,0
503003,2025-01-30,paid_social,prospecting_video,,,0
503004,2025-01-30,paid_social,prospecting_video,,,0
503005,2025-01-30,paid_social,retargeting,,,0
503006,2025-01-30,referral,,,,0
503007,2025-01-30,paid_social,retargeting,,,0
503008,2025-01-30,referral,,2025-02-01,monthly,29.97
503009,2025-01-30,paid_search,brand_search,2025-01-31,monthly,29.97
503010,2025-01-30,organic,,,,0
503011,2025-01-30,paid_search,brand_search,,,0
503012,2025-01-30,paid_social,retargeting,,,0
503013,2025-01-30,paid_social,prospecting_video,,,0
503014,2025-01-30,paid_search,brand_search,,,0
503015,2025-01-30,paid_social,prospecting_video,,,0
503016,2025-01-30,paid_social,prospecting_video,,,0
503017,2025-01-30,paid_social,prospecting_video,,,0
503018,2025-01-30,paid_search,generic_search,,,0
503019,2025-01-30,paid_social,prospecting_video,,,0
503020,2025-01-30,paid_social,prospecting_video,,,0
503021,2025-01-30,paid_social,prospecting_video,,,0
503022,2025-01-30,organic,,,,0
503023,2025-01-30,paid_social,prospecting_video,,,0
503024,2025-01-30,organic,,,,0
503025,2025-01-30,paid_social,prospecting_video,,,0
503026,2025-01-30,paid_social,prospecting_video,,,0
503027,2025-01-30,paid_search,brand_search,2025-01-31,monthly,29.97
503028,2025-01-30,paid_search,brand_search,2025-02-02,monthly,19.98
503029,2025-01-30,paid_social,prospecting_video,,,0
503030,2025-01-30,organic,,,,0
503031,2025-01-30,paid_social,prospecting_video,,,0
503032,2025-01-30,paid_search,brand_search,,,0
503033,2025-01-30,paid_social,prospecting_video,,,0
503034,2025-01-30,paid_search,generic_search,,,0
503035,2025-01-30,paid_social,prospecting_video,,,0
503036,2025-01-30,paid_social,retargeting,,,0
503037,2025-01-30,affiliate,finance_blogs,2025-01-31,annual,79.99
503038,2025-01-30,affiliate,finance_blogs,2025-02-05,annual,79.99
503039,2025-01-30,paid_social,prospecting_video,,,0
503040,2025-01-30,paid_social,prospecting_video,,,0
503041,2025-01-30,paid_social,retargeting,,,0
503042,2025-01-30,paid_social,retargeting,,,0
503043,2025-01-30,paid_social,prospecting_video,,,0
503044,2025-01-30,organic,,,,0
503045,2025-01-30,paid_social,prospecting_video,,,0
503046,2025-01-30,paid_social,prospecting_video,,,0
503047,2025-01-30,paid_social,prospecting_video,2025-01-30,monthly,29.97
503048,2025-01-30,organic,,,,0
503049,2025-01-30,paid_search,brand_search,,,0
503050,2025-01-30,paid_social,prospecting_video,,,0
503051,2025-01-30,paid_social,prospecting_video,,,0
503052,2025-01-30,paid_social,prospecting_video,2025-01-30,monthly,29.97
503053,2025-01-30,paid_social,prospecting_video,,,0
503054,2025-01-30,paid_social,retargeting,,,0
503055,2025-01-30,paid_search,brand_search,,,0
503056,2025-01-30,organic,,,,0
503057,2025-01-30,affiliate,finance_blogs,,,0
503058,2025-01-30,paid_search,brand_search,,,0
503059,2025-01-30,organic,,,,0
503060,2025-01-30,paid_social,prospecting_video,,,0
503061,2025-01-30,paid_social,prospecting_video,,,0
503062,2025-01-30,paid_social,prospecting_video,,,0
503063,2025-01-30,referral,,,,0
503064,2025-01-30,paid_social,retargeting,,,0
503065,2025-01-30,paid_search,generic_search,2025-02-01,monthly,29.97
503066,2025-01-30,paid_search,brand_search,,,0
503067,2025-01-30,paid_social,prospecting_video,,,0
503068,2025-01-31,paid_social,prospecting_video,,,0
503069,2025-01-31,paid_social,prospecting_video,2025-02-09,monthly,29.97
503070,2025-01-31,organic,,,,0
503071,2025-01-31,paid_search,generic_search,,,0
503072,2025-01-31,paid_social,prospecting_video,,,0
503073,2025-01-31,paid_social,prospecting_video,,,0
503074,2025-01-31,paid_search,generic_search,,,0
503075,2025-01-31,paid_social,prospecting_video,,,0
503076,2025-01-31,paid_social,prospecting_video,,,0
503077,2025-01-31,paid_social,retargeting,,,0
503078,2025-01-31,paid_search,generic_search,,,0
503079,2025-01-31,paid_social,prospecting_video,,,0
503080,2025-01-31,paid_social,prospecting_video,,,0
503081,2025-01-31,paid_social,retargeting,,,0
503082,2025-01-31,referral,,,,0
503083,2025-01-31,paid_social,prospecting_video,,,0
503084,2025-01-31,organic,,,,0
503085,2025-01-31,organic,,,,0
503086,2025-01-31,paid_search,brand_search,,,0
503087,2025-01-31,paid_search,brand_search,,,0
503088,2025-01-31,display,display_network,,,0
503089,2025-01-31,paid_social,prospecting_video,,,0
503090,2025-01-31,paid_social,prospecting_video,,,0
503091,2025-01-31,paid_search,generic_search,,,0
503092,2025-01-31,paid_social,prospecting_video,,,0
503093,2025-01-31,paid_social,prospecting_video,,,0
503094,2025-01-31,organic,,,,0
503095,2025-01-31,organic,,,,0
503096,2025-01-31,paid_search,generic_search,,,0
503097,2025-01-31,paid_search,brand_search,,,0
503098,2025-01-31,paid_search,generic_search,,,0
503099,2025-01-31,referral,,2025-02-10,monthly,29.97
503100,2025-01-31,referral,,,,0
503101,2025-01-31,paid_social,prospecting_video,,,0
503102,2025-01-31,paid_social,prospecting_video,,,0
503103,2025-01-31,display,display_network,,,0
503104,2025-01-31,organic,,,,0
503105,2025-01-31,paid_social,retargeting,,,0
503106,2025-01-31,referral,,,,0
503107,2025-01-31,paid_social,prospecting_video,,,0
503108,2025-01-31,paid_social,retargeting,,,0
503109,2025-01-31,paid_search,brand_search,2025-01-31,monthly,29.97
503110,2025-01-31,paid_social,prospecting_video,,,0
503111,2025-01-31,organic,,,,0
503112,2025-01-31,paid_social,prospecting_video,,,0
503113,2025-01-31,paid_search,brand_search,,,0
503114,2025-01-31,paid_search,generic_search,2025-02-03,annual,79.99
503115,2025-01-31,paid_search,generic_search,,,0
503116,2025-01-31,paid_search,brand_search,,,0
503117,2025-01-31,paid_social,retargeting,,,0
503118,2025-01-31,paid_search,brand_search,,,0
503119,2025-01-31,paid_social,retargeting,,,0
503120,2025-01-31,affiliate,finance_blogs,,,0
503121,2025-01-31,paid_social,prospecting_video,,,0
503122,2025-01-31,paid_social,prospecting_video,,,0
503123,2025-01-31,paid_search,brand_search,2025-02-03,monthly,29.97
503124,2025-01-31,paid_search,generic_search,2025-01-31,annual,79.99
503125,2025-01-31,paid_social,prospecting_video,,,0
503126,2025-01-31,paid_search,brand_search,,,0
503127,2025-01-31,organic,,,,0
503128,2025-01-31,referral,,,,0
503129,2025-01-31,paid_social,retargeting,,,0
503130,2025-01-31,paid_social,retargeting,,,0
503131,2025-01-31,affiliate,finance_blogs,,,0
503132,2025-01-31,paid_social,prospecting_video,,,0
503133,2025-01-31,organic,,,,0
503134,2025-01-31,paid_social,prospecting_video,,,0
503135,2025-01-31,organic,,,,0
503136,2025-01-31,paid_social,retargeting,,,0
503137,2025-01-31,paid_social,prospecting_video,,,0
503138,2025-01-31,paid_social,prospecting_video,,,0
503139,2025-01-31,paid_search,brand_search,,,0
503140,2025-01-31,paid_social,prospecting_video,,,0
503141,2025-01-31,paid_social,retargeting,,,0
503142,2025-01-31,organic,,,,0
503143,2025-01-31,organic,,,,0
503144,2025-01-31,paid_social,prospecting_video,,,0
503145,2025-01-31,paid_social,prospecting_video,,,0
503146,2025-01-31,organic,,,,0
503147,2025-01-31,paid_social,retargeting,,,0
503148,2025-01-31,paid_search,brand_search,2025-01-31,monthly,29.97
503149,2025-01-31,organic,,2025-02-01,monthly,9.99
503150,2025-01-31,paid_search,brand_search,,,0
503151,2025-01-31,paid_social,prospecting_video,,,0
503152,2025-01-31,referral,,2025-01-31,monthly,29.97
503153,2025-01-31,affiliate,finance_blogs,2025-02-03,monthly,29.97
503154,2025-01-31,paid_search,brand_search,,,0
503155,2025-01-31,paid_social,retargeting,,,0
503156,2025-01-31,paid_social,prospecting_video,,,0
503157,2025-01-31,paid_social,prospecting_video,,,0
503158,2025-01-31,paid_search,generic_search,,,0
503159,2025-01-31,paid_social,retargeting,,,0
503160,2025-01-31,paid_social,prospecting_video,,,0
503161,2025-01-31,paid_social,prospecting_video,,,0
503162,2025-01-31,affiliate,finance_blogs,2025-02-02,monthly,29.97
503163,2025-01-31,display,display_network,,,0
503164,2025-01-31,paid_social,prospecting_video,,,0
503165,2025-01-31,referral,,2025-02-04,annual,79.99
503166,2025-01-31,paid_social,retargeting,,,0
503167,2025-01-31,paid_social,prospecting_video,,,0
503168,2025-01-31,paid_social,retargeting,,,0
503169,2025-01-31,display,display_network,,,0
503170,2025-01-31,paid_social,retargeting,,,0
503171,2025-01-31,paid_social,prospecting_video,,,0
503172,2025-01-31,referral,,,,0
503173,2025-01-31,paid_search,generic_search,,,0
503174,2025-01-31,paid_search,generic_search,,,0
503175,2025-01-31,paid_search,brand_search,2025-02-05,monthly,29.97
503176,2025-01-31,paid_search,generic_search,,,0
503177,2025-01-31,organic,,,,0
503178,2025-01-31,paid_social,prospecting_video,,,0
503179,2025-01-31,paid_social,prospecting_video,,,0
503180,2025-01-31,paid_social,retargeting,2025-02-03,monthly,29.97
503181,2025-01-31,paid_social,prospecting_video,,,0
503182,2025-01-31,paid_search,generic_search,,,0
503183,2025-01-31,paid_search,brand_search,,,0
503184,2025-01-31,display,display_network,,,0
503185,2025-01-31,paid_search,brand_search,2025-02-03,annual,79.99
503186,2025-01-31,paid_social,prospecting_video,,,0
503187,2025-01-31,paid_social,retargeting,,,0
503188,2025-01-31,paid_social,prospecting_video,,,0
503189,2025-01-31,paid_social,retargeting,,,0
503190,2025-01-31,paid_social,prospecting_video,,,0
503191,2025-01-31,paid_social,retargeting,,,0
503192,2025-01-31,paid_social,prospecting_video,,,0
503193,2025-01-31,organic,,,,0
503194,2025-01-31,paid_social,retargeting,,,0
503195,2025-01-31,paid_search,generic_search,,,0
503196,2025-01-31,paid_social,prospecting_video,,,0
503197,2025-02-01,paid_search,brand_search,,,0
503198,2025-02-01,paid_social,prospecting_video,,,0
503199,2025-02-01,organic,,2025-02-03,monthly,19.98
503200,2025-02-01,paid_social,prospecting_video,,,0
503201,2025-02-01,organic,,,,0
503202,2025-02-01,paid_search,generic_search,,,0
503203,2025-02-01,organic,,,,0
503204,2025-02-01,affiliate,finance_blogs,,,0
503205,2025-02-01,paid_search,brand_search,,,0
503206,2025-02-01,paid_social,retargeting,,,0
503207,2025-02-01,paid_social,prospecting_video,,,0
503208,2025-02-01,paid_search,brand_search,,,0
503209,2025-02-01,paid_social,retargeting,2025-02-01,monthly,29.97
503210,2025-02-01,organic,,,,0
503211,2025-02-01,paid_social,prospecting_video,,,0
503212,2025-02-01,display,display_network,,,0
503213,2025-02-01,paid_social,retargeting,,,0
503214,2025-02-01,paid_social,retargeting,,,0
503215,2025-02-01,paid_social,prospecting_video,,,0
503216,2025-02-01,paid_search,generic_search,2025-02-04,monthly,29.97
503217,2025-02-01,referral,,,,0
503218,2025-02-01,affiliate,finance_blogs,,,0
503219,2025-02-01,affiliate,finance_blogs,,,0
503220,2025-02-01,referral,,,,0
503221,2025-02-01,paid_search,brand_search,,,0
503222,2025-02-01,paid_social,retargeting,,,0
503223,2025-02-01,paid_social,prospecting_video,,,0
503224,2025-02-01,paid_social,retargeting,,,0
503225,2025-02-01,organic,,,,0
503226,2025-02-01,display,display_network,,,0
503227,2025-02-01,paid_social,prospecting_video,,,0
503228,2025-02-01,referral,,2025-02-03,monthly,29.97
503229,2025-02-01,organic,,,,0
503230,2025-02-01,organic,,2025-02-08,monthly,29.97
503231,2025-02-01,paid_social,prospecting_video,,,0
503232,2025-02-01,organic,,,,0
503233,2025-02-01,paid_social,prospecting_video,,,0
503234,2025-02-01,organic,,,,0
503235,2025-02-01,paid_social,prospecting_video,,,0
503236,2025-02-01,affiliate,finance_blogs,,,0
503237,2025-02-01,paid_social,prospecting_video,,,0
503238,2025-02-01,paid_search,brand_search,,,0
503239,2025-02-01,paid_social,prospecting_video,,,0
503240,2025-02-01,paid_social,prospecting_video,,,0
503241,2025-02-01,paid_social,prospecting_video,,,0
503242,2025-02-01,organic,,,,0
503243,2025-02-01,organic,,2025-02-03,monthly,29.97
503244,2025-02-01,paid_social,retargeting,,,0
503245,2025-02-01,paid_social,prospecting_video,,,0
503246,2025-02-01,paid_social,prospecting_video,,,0
503247,2025-02-01,paid_social,prospecting_video,,,0
503248,2025-02-01,organic,,,,0
503249,2025-02-01,paid_social,prospecting_video,,,0
503250,2025-02-01,paid_social,prospecting_video,,,0
503251,2025-02-01,organic,,,,0
503252,2025-02-01,paid_search,generic_search,,,0
503253,2025-02-01,organic,,,,0
503254,2025-02-01,organic,,,,0
503255,2025-02-01,organic,,,,0
503256,2025-02-01,paid_social,retargeting,,,0
503257,2025-02-01,paid_search,generic_search,,,0
503258,2025-02-01,paid_social,prospecting_video,,,0
503259,2025-02-01,paid_social,prospecting_video,,,0
503260,2025-02-01,paid_social,retargeting,2025-02-02,annual,79.99
503261,2025-02-01,paid_search,generic_search,,,0
503262,2025-02-01,paid_social,prospecting_video,,,0
503263,2025-02-01,paid_social,prospecting_video,,,0
503264,2025-02-01,organic,,2025-02-05,monthly,29.97
503265,2025-02-01,paid_social,prospecting_video,,,0
503266,2025-02-01,paid_social,prospecting_video,,,0
503267,2025-02-01,paid_search,generic_search,2025-02-12,annual,79.99
503268,2025-02-01,paid_social,prospecting_video,,,0
503269,2025-02-01,paid_search,generic_search,,,0
503270,2025-02-01,paid_social,prospecting_video,2025-02-09,annual,79.99
503271,2025-02-01,organic,,,,0
503272,2025-02-01,paid_search,brand_search,,,0
503273,2025-02-01,organic,,,,0
503274,2025-02-01,paid_social,prospecting_video,2025-02-05,annual,79.99
503275,2025-02-01,paid_social,prospecting_video,,,0
503276,2025-02-01,organic,,,,0
503277,2025-02-01,paid_social,prospecting_video,,,0
503278,2025-02-01,paid_search,brand_search,,,0
503279,2025-02-01,paid_search,brand_search,,,0
503280,2025-02-01,paid_social,retargeting,,,0
503281,2025-02-01,referral,,,,0
503282,2025-02-01,paid_search,generic_search,,,0
503283,2025-02-01,paid_social,retargeting,,,0
503284,2025-02-01,organic,,2025-02-06,annual,79.99
503285,2025-02-01,paid_search,brand_search,2025-02-14,monthly,29.97
503286,2025-02-01,paid_social,prospecting_video,,,0
503287,2025-02-01,paid_social,prospecting_video,,,0
503288,2025-02-01,paid_social,prospecting_video,,,0
503289,2025-02-01,referral,,2025-02-02,monthly,29.97
503290,2025-02-01,paid_social,prospecting_video,,,0
503291,2025-02-01,paid_social,prospecting_video,,,0
503292,2025-02-01,paid_social,prospecting_video,,,0
503293,2025-02-01,display,display_network,,,0
503294,2025-02-01,paid_social,prospecting_video,,,0
503295,2025-02-01,paid_social,retargeting,,,0
503296,2025-02-01,referral,,,,0
503297,2025-02-01,paid_social,prospecting_video,,,0
503298,2025-02-01,paid_social,prospecting_video,,,0
503299,2025-02-01,organic,,,,0
503300,2025-02-01,paid_search,generic_search,,,0
503301,2025-02-02,organic,,,,0
503302,2025-02-02,paid_search,brand_search,,,0
503303,2025-02-02,organic,,,,0
503304,2025-02-02,paid_search,generic_search,,,0
503305,2025-02-02,paid_social,prospecting_video,,,0
503306,2025-02-02,paid_social,prospecting_video,,,0
503307,2025-02-02,organic,,,,0
503308,2025-02-02,paid_social,prospecting_video,,,0
503309,2025-02-02,paid_social,prospecting_video,,,0
503310,2025-02-02,organic,,,,0
503311,2025-02-02,organic,,,,0
503312,2025-02-02,paid_search,generic_search,2025-02-12,monthly,29.97
503313,2025-02-02,organic,,,,0
503314,2025-02-02,paid_social,prospecting_video,,,0
503315,2025-02-02,paid_search,generic_search,,,0
503316,2025-02-02,organic,,,,0
503317,2025-02-02,paid_social,prospecting_video,,,0
503318,2025-02-02,paid_social,prospecting_video,,,0
503319,2025-02-02,paid_search,generic_search,,,0
503320,2025-02-02,paid_social,prospecting_video,,,0
503321,2025-02-02,paid_social,prospecting_video,,,0
503322,2025-02-02,organic,,2025-02-05,monthly,29.97
503323,2025-02-02,paid_social,prospecting_video,,,0
503324,2025-02-02,organic,,,,0
503325,2025-02-02,organic,,,,0
503326,2025-02-02,organic,,,,0
503327,2025-02-02,paid_search,brand_search,,,0
503328,2025-02-02,organic,,,,0
503329,2025-02-02,paid_search,generic_search,,,0
503330,2025-02-02,paid_search,generic_search,,,0
503331,2025-02-02,paid_search,brand_search,2025-02-05,monthly,19.98
503332,2025-02-02,organic,,,,0
503333,2025-02-02,organic,,,,0
503334,2025-02-02,organic,,,,0
503335,2025-02-02,referral,,,,0
503336,2025-02-02,organic,,,,0
503337,2025-02-02,organic,,2025-02-06,monthly,29.97
503338,2025-02-02,display,display_network,,,0
503339,2025-02-02,referral,,,,0
503340,2025-02-02,paid_social,prospecting_video,,,0
503341,2025-02-02,paid_social,prospecting_video,,,0
503342,2025-02-02,paid_social,retargeting,,,0
503343,2025-02-02,paid_search,generic_search,,,0
503344,2025-02-02,organic,,,,0
503345,2025-02-02,paid_social,retargeting,,,0
503346,2025-02-02,organic,,,,0
503347,2025-02-02,referral,,,,0
503348,2025-02-02,organic,,,,0
503349,2025-02-02,paid_social,prospecting_video,,,0
503350,2025-02-02,paid_social,retargeting,,,0
503351,2025-02-02,paid_social,retargeting,,,0
503352,2025-02-02,paid_search,generic_search,,,0
503353,2025-02-02,paid_social,prospecting_video,,,0
503354,2025-02-02,paid_search,brand_search,,,0
503355,2025-02-02,organic,,,,0
503356,2025-02-02,paid_social,prospecting_video,,,0
503357,2025-02-02,paid_social,prospecting_video,,,0
503358,2025-02-02,organic,,,,0
503359,2025-02-02,paid_search,brand_search,,,0
503360,2025-02-02,paid_search,brand_search,2025-02-02,monthly,29.97
503361,2025-02-02,paid_social,prospecting_video,,,0
503362,2025-02-02,paid_social,prospecting_video,,,0
503363,2025-02-02,paid_social,prospecting_video,,,0
503364,2025-02-02,paid_search,generic_search,,,0
503365,2025-02-02,display,display_network,,,0
503366,2025-02-02,paid_social,prospecting_video,,,0
503367,2025-02-02,paid_social,retargeting,,,0
503368,2025-02-02,paid_search,generic_search,,,0
503369,2025-02-02,paid_social,prospecting_video,,,0
503370,2025-02-02,paid_social,prospecting_video,,,0
503371,2025-02-02,organic,,,,0
503372,2025-02-02,paid_social,prospecting_video,,,0
503373,2025-02-02,organic,,,,0
503374,2025-02-02,paid_social,prospecting_video,,,0
503375,2025-02-02,paid_search,brand_search,2025-02-07,monthly,29.97
503376,2025-02-02,paid_social,prospecting_video,,,0
503377,2025-02-02,paid_social,prospecting_video,,,0
503378,2025-02-02,paid_social,prospecting_video,,,0
503379,2025-02-02,paid_search,generic_search,,,0
503380,2025-02-02,paid_social,prospecting_video,,,0
503381,2025-02-02,paid_social,prospecting_video,,,0
503382,2025-02-02,affiliate,finance_blogs,,,0
503383,2025-02-03,paid_social,prospecting_video,2025-02-10,monthly,29.97
503384,2025-02-03,paid_social,retargeting,,,0
503385,2025-02-03,paid_search,brand_search,,,0
503386,2025-02-03,paid_social,prospecting_video,,,0
503387,2025-02-03,affiliate,finance_blogs,,,0
503388,2025-02-03,paid_social,prospecting_video,,,0
503389,2025-02-03,paid_social,prospecting_video,,,0
503390,2025-02-03,paid_social,prospecting_video,,,0
503391,2025-02-03,referral,,,,0
503392,2025-02-03,organic,,,,0
503393,2025-02-03,organic,,,,0
503394,2025-02-03,paid_social,retargeting,2025-02-04,annual,79.99
503395,2025-02-03,organic,,,,0
503396,2025-02-03,affiliate,finance_blogs,2025-02-03,monthly,19.98
503397,2025-02-03,paid_social,retargeting,,,0
503398,2025-02-03,paid_social,prospecting_video,,,0
503399,2025-02-03,paid_search,brand_search,,,0
503400,2025-02-03,paid_social,prospecting_video,,,0
503401,2025-02-03,paid_search,brand_search,,,0
503402,2025-02-03,organic,,,,0
503403,2025-02-03,paid_social,prospecting_video,,,0
503404,2025-02-03,paid_social,prospecting_video,,,0
503405,2025-02-03,paid_social,prospecting_video,,,0
503406,2025-02-03,paid_social,prospecting_video,,,0
503407,2025-02-03,paid_search,generic_search,2025-02-05,monthly,29.97
503408,2025-02-03,affiliate,finance_blogs,,,0
503409,2025-02-03,paid_search,brand_search,,,0
503410,2025-02-03,paid_search,generic_search,,,0
503411,2025-02-03,paid_search,generic_search,,,0
503412,2025-02-03,organic,,,,0
503413,2025-02-03,paid_social,retargeting,,,0
503414,2025-02-03,paid_search,generic_search,2025-02-06,monthly,29.97
503415,2025-02-03,paid_social,prospecting_video,,,0
503416,2025-02-03,display,display_network,,,0
503417,2025-02-03,affiliate,finance_blogs,,,0
503418,2025-02-03,paid_social,prospecting_video,,,0
503419,2025-02-03,paid_search,brand_search,,,0
503420,2025-02-03,affiliate,finance_blogs,,,0
503421,2025-02-03,paid_social,prospecting_video,,,0
503422,2025-02-03,paid_search,generic_search,,,0
503423,2025-02-03,paid_search,brand_search,2025-02-04,monthly,29.97
503424,2025-02-03,referral,,,,0
503425,2025-02-03,affiliate,finance_blogs,2025-02-05,monthly,29.97
503426,2025-02-03,organic,,,,0
503427,2025-02-03,paid_search,brand_search,,,0
503428,2025-02-03,organic,,,,0
503429,2025-02-03,paid_search,generic_search,2025-02-04,monthly,29.97
503430,2025-02-03,paid_search,generic_search,2025-02-10,monthly,29.97
503431,2025-02-03,paid_social,prospecting_video,,,0
503432,2025-02-03,paid_social,prospecting_video,,,0
503433,2025-02-03,paid_social,retargeting,,,0
503434,2025-02-03,referral,,,,0
503435,2025-02-03,paid_social,prospecting_video,,,0
503436,2025-02-03,organic,,,,0
503437,2025-02-03,organic,,,,0
503438,2025-02-03,paid_search,brand_search,2025-02-06,monthly,29.97
503439,2025-02-03,paid_search,generic_search,2025-02-16,monthly,29.97
503440,2025-02-03,affiliate,finance_blogs,2025-02-05,annual,79.99
503441,2025-02-03,paid_search,brand_search,,,0
503442,2025-02-03,paid_social,prospecting_video,,,0
503443,2025-02-03,paid_social,prospecting_video,,,0
503444,2025-02-03,organic,,,,0
503445,2025-02-03,organic,,,,0
503446,2025-02-03,paid_search,brand_search,,,0
503447,2025-02-03,paid_social,retargeting,,,0
503448,2025-02-03,paid_social,prospecting_video,,,0
503449,2025-02-03,referral,,,,0
503450,2025-02-03,paid_social,prospecting_video,,,0
503451,2025-02-03,paid_search,generic_search,2025-02-06,monthly,9.99
503452,2025-02-03,paid_social,prospecting_video,,,0
503453,2025-02-03,paid_search,brand_search,,,0
503454,2025-02-03,paid_social,retargeting,,,0
503455,2025-02-03,paid_search,brand_search,,,0
503456,2025-02-03,paid_search,brand_search,,,0
503457,2025-02-03,paid_search,brand_search,,,0
503458,2025-02-03,paid_social,prospecting_video,,,0
503459,2025-02-03,organic,,,,0
503460,2025-02-03,organic,,2025-02-07,monthly,19.98
503461,2025-02-03,referral,,2025-02-04,monthly,19.98
503462,2025-02-03,paid_social,prospecting_video,,,0
503463,2025-02-03,paid_search,brand_search,2025-02-12,annual,79.99
503464,2025-02-03,affiliate,finance_blogs,,,0
503465,2025-02-03,paid_social,prospecting_video,,,0
503466,2025-02-03,paid_social,retargeting,,,0
503467,2025-02-03,affiliate,finance_blogs,2025-02-04,monthly,29.97
503468,2025-02-03,display,display_network,,,0
503469,2025-02-03,paid_social,retargeting,,,0
503470,2025-02-03,organic,,,,0
503471,2025-02-03,paid_social,retargeting,,,0
503472,2025-02-03,paid_social,prospecting_video,,,0
503473,2025-02-03,paid_social,prospecting_video,,,0
503474,2025-02-03,paid_social,prospecting_video,,,0
503475,2025-02-03,paid_social,prospecting_video,,,0
503476,2025-02-03,referral,,2025-02-05,annual,79.99
503477,2025-02-03,paid_social,prospecting_video,,,0
503478,2025-02-03,paid_social,prospecting_video,,,0
503479,2025-02-03,paid_social,prospecting_video,,,0
503480,2025-02-03,organic,,,,0
503481,2025-02-03,paid_social,retargeting,2025-02-14,annual,79.99
503482,2025-02-03,organic,,,,0
503483,2025-02-03,referral,,,,0
503484,2025-02-03,organic,,,,0
503485,2025-02-03,referral,,,,0
503486,2025-02-03,paid_social,retargeting,,,0
503487,2025-02-03,paid_social,prospecting_video,,,0
503488,2025-02-03,paid_social,prospecting_video,,,0
503489,2025-02-03,paid_social,prospecting_video,,,0
503490,2025-02-03,referral,,2025-02-13,monthly,29.97
503491,2025-02-03,organic,,,,0
503492,2025-02-03,organic,,,,0
503493,2025-02-03,paid_search,generic_search,,,0
503494,2025-02-04,paid_search,generic_search,,,0
503495,2025-02-04,paid_social,prospecting_video,,,0
503496,2025-02-04,paid_social,retargeting,,,0
503497,2025-02-04,paid_social,prospecting_video,,,0
503498,2025-02-04,paid_search,brand_search,,,0
503499,2025-02-04,paid_social,prospecting_video,,,0
503500,2025-02-04,referral,,,,0
503501,2025-02-04,organic,,,,0
503502,2025-02-04,paid_social,prospecting_video,,,0
503503,2025-02-04,paid_social,prospecting_video,,,0
503504,2025-02-04,paid_social,retargeting,,,0
503505,2025-02-04,display,display_network,,,0
503506,2025-02-04,paid_search,generic_search,,,0
503507,2025-02-04,paid_social,retargeting,,,0
503508,2025-02-04,paid_search,brand_search,,,0
503509,2025-02-04,display,display_network,,,0
503510,2025-02-04,paid_search,brand_search,,,0
503511,2025-02-04,paid_social,prospecting_video,,,0
503512,2025-02-04,paid_search,brand_search,,,0
503513,2025-02-04,paid_social,prospecting_video,,,0
503514,2025-02-04,paid_social,prospecting_video,,,0
503515,2025-02-04,paid_search,brand_search,2025-02-09,monthly,29.97
503516,2025-02-04,paid_social,retargeting,,,0
503517,2025-02-04,paid_social,prospecting_video,,,0
503518,2025-02-04,paid_social,prospecting_video,,,0
503519,2025-02-04,paid_social,prospecting_video,,,0
503520,2025-02-04,paid_search,generic_search,,,0
503521,2025-02-04,paid_search,brand_search,2025-02-09,monthly,29.97
503522,2025-02-04,paid_social,prospecting_video,,,0
503523,2025-02-04,paid_social,prospecting_video,,,0
503524,2025-02-04,paid_social,prospecting_video,,,0
503525,2025-02-04,organic,,,,0
503526,2025-02-04,paid_search,generic_search,2025-02-04,monthly,29.97
503527,2025-02-04,paid_social,prospecting_video,,,0
503528,2025-02-04,paid_social,prospecting_video,,,0
503529,2025-02-04,paid_social,prospecting_video,,,0
503530,2025-02-04,paid_social,prospecting_video,,,0
503531,2025-02-04,paid_social,prospecting_video,,,0
503532,2025-02-04,affiliate,finance_blogs,2025-02-09,annual,79.99
503533,2025-02-04,paid_social,prospecting_video,,,0
503534,2025-02-04,paid_social,prospecting_video,,,0
503535,2025-02-04,paid_search,generic_search,,,0
503536,2025-02-04,paid_social,prospecting_video,,,0
503537,2025-02-04,affiliate,finance_blogs,,,0
503538,2025-02-04,paid_search,generic_search,,,0
503539,2025-02-04,paid_social,retargeting,,,0
503540,2025-02-04,paid_social,prospecting_video,,,0
503541,2025-02-04,paid_search,generic_search,2025-02-04,annual,79.99
503542,2025-02-04,organic,,,,0
503543,2025-02-04,paid_social,prospecting_video,,,0
503544,2025-02-04,paid_social,prospecting_video,,,0
503545,2025-02-04,referral,,,,0
503546,2025-02-04,display,display_network,,,0
503547,2025-02-04,paid_social,retargeting,,,0
503548,2025-02-04,paid_social,prospecting_video,,,0
503549,2025-02-04,organic,,,,0
503550,2025-02-04,organic,,2025-02-04,monthly,29.97
503551,2025-02-04,paid_social,prospecting_video,,,0
503552,2025-02-04,paid_social,prospecting_video,,,0
503553,2025-02-04,paid_search,generic_search,,,0
503554,2025-02-04,paid_social,prospecting_video,2025-02-05,monthly,29.97
503555,2025-02-04,paid_social,prospecting_video,,,0
503556,2025-02-04,paid_social,retargeting,,,0
503557,2025-02-04,referral,,,,0
503558,2025-02-04,paid_social,prospecting_video,,,0
503559,2025-02-04,paid_search,generic_search,,,0
503560,2025-02-04,organic,,,,0
503561,2025-02-04,paid_social,prospecting_video,,,0
503562,2025-02-04,paid_search,generic_search,,,0
503563,2025-02-04,organic,,,,0
503564,2025-02-04,affiliate,finance_blogs,2025-02-05,monthly,29.97
503565,2025-02-04,display,display_network,,,0
503566,2025-02-04,paid_social,retargeting,,,0
503567,2025-02-04,organic,,,,0
503568,2025-02-04,paid_search,generic_search,,,0
503569,2025-02-04,paid_social,prospecting_video,,,0
503570,2025-02-04,organic,,,,0
503571,2025-02-04,organic,,,,0
503572,2025-02-04,paid_social,prospecting_video,,,0
503573,2025-02-04,organic,,,,0
503574,2025-02-04,paid_social,retargeting,,,0
503575,2025-02-04,paid_social,prospecting_video,,,0
503576,2025-02-04,paid_social,prospecting_video,,,0
503577,2025-02-04,organic,,,,0
503578,2025-02-04,organic,,,,0
503579,2025-02-04,paid_social,retargeting,,,0
503580,2025-02-04,organic,,,,0
503581,2025-02-04,organic,,,,0
503582,2025-02-04,paid_social,prospecting_video,2025-02-04,monthly,19.98
503583,2025-02-04,paid_search,generic_search,,,0
503584,2025-02-04,organic,,,,0
503585,2025-02-04,paid_search,generic_search,,,0
503586,2025-02-04,paid_social,prospecting_video,,,0
503587,2025-02-04,paid_social,prospecting_video,,,0
503588,2025-02-04,paid_social,prospecting_video,,,0
503589,2025-02-04,paid_social,retargeting,,,0
503590,2025-02-04,paid_social,prospecting_video,,,0
503591,2025-02-04,organic,,,,0
503592,2025-02-04,organic,,,,0
503593,2025-02-04,organic,,,,0
503594,2025-02-04,paid_social,prospecting_video,,,0
503595,2025-02-04,paid_search,brand_search,,,0
503596,2025-02-04,paid_social,prospecting_video,,,0
503597,2025-02-04,paid_social,prospecting_video,,,0
503598,2025-02-04,organic,,,,0
503599,2025-02-04,paid_social,prospecting_video,,,0
503600,2025-02-04,organic,,,,0
503601,2025-02-05,paid_social,prospecting_video,,,0
503602,2025-02-05,paid_search,generic_search,,,0
503603,2025-02-05,paid_social,retargeting,2025-02-13,monthly,19.98
503604,2025-02-05,paid_search,brand_search,,,0
503605,2025-02-05,paid_search,generic_search,,,0
503606,2025-02-05,organic,,,,0
503607,2025-02-05,paid_search,brand_search,,,0
503608,2025-02-05,referral,,,,0
503609,2025-02-05,paid_social,prospecting_video,,,0
503610,2025-02-05,paid_social,retargeting,,,0
503611,2025-02-05,paid_search,generic_search,2025-02-10,monthly,29.97
503612,2025-02-05,paid_social,retargeting,2025-02-06,annual,79.99
503613,2025-02-05,organic,,2025-02-18,monthly,29.97
503614,2025-02-05,organic,,,,0
503615,2025-02-05,paid_social,prospecting_video,,,0
503616,2025-02-05,paid_social,prospecting_video,,,0
503617,2025-02-05,paid_social,prospecting_video,,,0
503618,2025-02-05,referral,,,,0
503619,2025-02-05,paid_social,prospecting_video,,,0
503620,2025-02-05,organic,,,,0
503621,2025-02-05,paid_social,prospecting_video,,,0
503622,2025-02-05,referral,,,,0
503623,2025-02-05,paid_search,brand_search,,,0
503624,2025-02-05,paid_social,prospecting_video,,,0
503625,2025-02-05,organic,,,,0
503626,2025-02-05,paid_social,prospecting_video,,,0
503627,2025-02-05,organic,,,,0
503628,2025-02-05,display,display_network,,,0
503629,2025-02-05,paid_social,prospecting_video,,,0
503630,2025-02-05,paid_social,retargeting,,,0
503631,2025-02-05,paid_social,prospecting_video,,,0
503632,2025-02-05,paid_social,prospecting_video,,,0
503633,2025-02-05,affiliate,finance_blogs,,,0
503634,2025-02-05,organic,,,,0
503635,2025-02-05,paid_social,retargeting,,,0
503636,2025-02-05,paid_social,prospecting_video,,,0
503637,2025-02-05,paid_search,brand_search,,,0
503638,2025-02-05,referral,,2025-02-18,monthly,9.99
503639,2025-02-05,paid_social,prospecting_video,,,0
503640,2025-02-05,organic,,,,0
503641,2025-02-05,paid_social,retargeting,2025-02-18,monthly,29.97
503642,2025-02-05,paid_social,retargeting,,,0
503643,2025-02-05,paid_social,retargeting,,,0
503644,2025-02-05,paid_social,retargeting,,,0
503645,2025-02-05,paid_search,generic_search,2025-02-05,monthly,29.97
503646,2025-02-05,organic,,,,0
503647,2025-02-05,paid_social,prospecting_video,,,0
503648,2025-02-05,paid_social,prospecting_video,2025-02-10,annual,79.99
503649,2025-02-05,paid_social,prospecting_video,,,0
503650,2025-02-05,paid_social,prospecting_video,,,0
503651,2025-02-05,paid_search,generic_search,,,0
503652,2025-02-05,paid_search,generic_search,,,0
503653,2025-02-05,paid_social,retargeting,,,0
503654,2025-02-05,paid_search,brand_search,,,0
503655,2025-02-05,paid_social,prospecting_video,,,0
503656,2025-02-05,paid_social,retargeting,,,0
503657,2025-02-05,paid_search,generic_search,,,0
503658,2025-02-05,paid_social,retargeting,,,0
503659,2025-02-05,paid_search,brand_search,,,0
503660,2025-02-05,paid_social,prospecting_video,,,0
503661,2025-02-05,paid_social,prospecting_video,,,0
503662,2025-02-05,paid_social,retargeting,,,0
503663,2025-02-05,paid_search,brand_search,,,0
503664,2025-02-05,organic,,,,0
503665,2025-02-05,paid_search,generic_search,,,0
503666,2025-02-05,paid_search,generic_search,,,0
503667,2025-02-05,paid_social,prospecting_video,,,0
503668,2025-02-05,referral,,2025-02-10,monthly,29.97
503669,2025-02-05,organic,,,,0
503670,2025-02-05,paid_social,prospecting_video,,,0
503671,2025-02-05,paid_search,generic_search,2025-02-09,monthly,29.97
503672,2025-02-05,organic,,,,0
503673,2025-02-05,paid_search,generic_search,,,0
503674,2025-02-05,paid_social,prospecting_video,,,0
503675,2025-02-05,organic,,,,0
503676,2025-02-05,paid_social,retargeting,,,0
503677,2025-02-05,organic,,,,0
503678,2025-02-05,paid_social,prospecting_video,,,0
503679,2025-02-05,organic,,,,0
503680,2025-02-05,paid_social,prospecting_video,,,0
503681,2025-02-05,organic,,,,0
503682,2025-02-05,organic,,2025-02-05,monthly,29.97
503683,2025-02-05,paid_search,brand_search,2025-02-05,monthly,29.97
503684,2025-02-05,paid_social,prospecting_video,,,0
503685,2025-02-05,paid_search,brand_search,,,0
503686,2025-02-05,paid_search,generic_search,,,0
503687,2025-02-05,paid_search,generic_search,,,0
503688,2025-02-05,paid_social,retargeting,,,0
503689,2025-02-05,paid_social,prospecting_video,,,0
503690,2025-02-05,organic,,,,0
503691,2025-02-05,organic,,,,0
503692,2025-02-05,paid_search,brand_search,2025-02-09,monthly,29.97
503693,2025-02-05,paid_social,retargeting,,,0
503694,2025-02-05,paid_social,prospecting_video,,,0
503695,2025-02-05,paid_social,prospecting_video,,,0
503696,2025-02-05,paid_search,generic_search,,,0
503697,2025-02-05,paid_social,prospecting_video,,,0
503698,2025-02-05,affiliate,finance_blogs,,,0
503699,2025-02-05,paid_search,brand_search,,,0
503700,2025-02-05,referral,,,,0
503701,2025-02-05,referral,,,,0
503702,2025-02-06,paid_social,retargeting,,,0
503703,2025-02-06,referral,,,,0
503704,2025-02-06,organic,,,,0
503705,2025-02-06,paid_social,prospecting_video,,,0
503706,2025-02-06,organic,,,,0
503707,2025-02-06,paid_social,prospecting_video,,,0
503708,2025-02-06,paid_search,brand_search,,,0
503709,2025-02-06,affiliate,finance_blogs,,,0
503710,2025-02-06,referral,,,,0
503711,2025-02-06,referral,,2025-02-09,annual,79.99
503712,2025-02-06,paid_social,prospecting_video,,,0
503713,2025-02-06,affiliate,finance_blogs,,,0
503714,2025-02-06,paid_social,prospecting_video,,,0
503715,2025-02-06,paid_search,brand_search,,,0
503716,2025-02-06,organic,,,,0
503717,2025-02-06,paid_search,generic_search,2025-02-06,monthly,29.97
503718,2025-02-06,paid_search,generic_search,,,0
503719,2025-02-06,referral,,2025-02-06,annual,79.99
503720,2025-02-06,affiliate,finance_blogs,,,0
503721,2025-02-06,referral,,,,0
503722,2025-02-06,display,display_network,,,0
503723,2025-02-06,paid_social,prospecting_video,,,0
503724,2025-02-06,paid_social,retargeting,,,0
503725,2025-02-06,paid_social,retargeting,,,0
503726,2025-02-06,paid_search,generic_search,,,0
503727,2025-02-06,organic,,,,0
503728,2025-02-06,organic,,,,0
503729,2025-02-06,organic,,2025-02-08,annual,79.99
503730,2025-02-06,paid_search,generic_search,,,0
503731,2025-02-06,paid_social,retargeting,,,0
503732,2025-02-06,organic,,,,0
503733,2025-02-06,organic,,,,0
503734,2025-02-06,paid_social,retargeting,,,0
503735,2025-02-06,paid_search,brand_search,,,0
503736,2025-02-06,paid_social,prospecting_video,,,0
503737,2025-02-06,paid_social,prospecting_video,,,0
503738,2025-02-06,paid_search,generic_search,2025-02-06,annual,79.99
503739,2025-02-06,paid_social,prospecting_video,,,0
503740,2025-02-06,paid_social,retargeting,,,0
503741,2025-02-06,organic,,,,0
503742,2025-02-06,paid_search,generic_search,,,0
503743,2025-02-06,paid_social,retargeting,2025-02-10,annual,79.99
503744,2025-02-06,paid_social,retargeting,,,0
503745,2025-02-06,organic,,,,0
503746,2025-02-06,paid_social,retargeting,,,0
503747,2025-02-06,organic,,,,0
503748,2025-02-06,paid_search,brand_search,,,0
503749,2025-02-06,paid_social,prospecting_video,,,0
503750,2025-02-06,organic,,2025-02-06,annual,79.99
503751,2025-02-06,paid_search,generic_search,,,0
503752,2025-02-06,affiliate,finance_blogs,,,0
503753,2025-02-06,paid_social,retargeting,,,0
503754,2025-02-06,paid_search,brand_search,,,0
503755,2025-02-06,paid_social,prospecting_video,,,0
503756,2025-02-06,organic,,,,0
503757,2025-02-06,paid_search,generic_search,2025-02-13,monthly,19.98
503758,2025-02-06,organic,,,,0
503759,2025-02-06,paid_search,generic_search,,,0
503760,2025-02-06,organic,,,,0
503761,2025-02-06,paid_social,prospecting_video,,,0
503762,2025-02-06,paid_social,prospecting_video,,,0
503763,2025-02-06,paid_social,retargeting,,,0
503764,2025-02-06,paid_social,prospecting_video,,,0
503765,2025-02-06,paid_social,prospecting_video,,,0
503766,2025-02-06,paid_social,prospecting_video,,,0
503767,2025-02-06,paid_social,prospecting_video,2025-02-09,annual,79.99
503768,2025-02-06,paid_search,brand_search,,,0
503769,2025-02-06,paid_search,brand_search,,,0
503770,2025-02-06,paid_social,prospecting_video,,,0
503771,2025-02-06,paid_social,retargeting,,,0
503772,2025-02-06,paid_search,generic_search,,,0
503773,2025-02-06,paid_social,prospecting_video,,,0
503774,2025-02-06,paid_social,prospecting_video,,,0
503775,2025-02-06,paid_search,generic_search,,,0
503776,2025-02-06,paid_search,brand_search,,,0
503777,2025-02-06,organic,,,,0
503778,2025-02-06,paid_search,brand_search,2025-02-07,monthly,29.97
503779,2025-02-06,paid_social,prospecting_video,,,0
503780,2025-02-06,paid_search,generic_search,,,0
503781,2025-02-06,paid_social,prospecting_video,,,0
503782,2025-02-06,paid_search,brand_search,,,0
503783,2025-02-06,paid_social,retargeting,,,0
503784,2025-02-06,paid_social,prospecting_video,,,0
503785,2025-02-06,affiliate,finance_blogs,,,0
503786,2025-02-06,paid_search,brand_search,,,0
503787,2025-02-06,paid_search,generic_search,,,0
503788,2025-02-06,paid_social,prospecting_video,,,0
503789,2025-02-06,paid_social,prospecting_video,,,0
503790,2025-02-06,paid_social,prospecting_video,,,0
503791,2025-02-06,organic,,,,0
503792,2025-02-06,paid_social,retargeting,,,0
503793,2025-02-06,organic,,,,0
503794,2025-02-06,affiliate,finance_blogs,,,0
503795,2025-02-06,paid_search,generic_search,,,0
503796,2025-02-06,organic,,,,0
503797,2025-02-06,organic,,2025-02-17,monthly,19.98
503798,2025-02-06,paid_social,retargeting,,,0
503799,2025-02-06,paid_social,retargeting,,,0
503800,2025-02-06,paid_social,prospecting_video,,,0
503801,2025-02-06,organic,,,,0
503802,2025-02-06,organic,,,,0
503803,2025-02-06,paid_social,prospecting_video,,,0
503804,2025-02-06,organic,,,,0
503805,2025-02-06,paid_social,prospecting_video,,,0
503806,2025-02-06,paid_social,prospecting_video,,,0
503807,2025-02-06,organic,,,,0
503808,2025-02-06,paid_search,brand_search,,,0
503809,2025-02-06,paid_social,prospecting_video,,,0
503810,2025-02-06,paid_search,brand_search,,,0
503811,2025-02-06,referral,,2025-02-06,annual,79.99
503812,2025-02-06,paid_social,prospecting_video,,,0
503813,2025-02-06,organic,,,,0
503814,2025-02-06,organic,,,,0
503815,2025-02-06,paid_social,prospecting_video,,,0
503816,2025-02-07,paid_social,prospecting_video,,,0
503817,2025-02-07,paid_social,retargeting,,,0
503818,2025-02-07,paid_social,prospecting_video,,,0
503819,2025-02-07,paid_search,brand_search,2025-02-09,monthly,29.97
503820,2025-02-07,organic,,,,0
503821,2025-02-07,paid_social,retargeting,,,0
503822,2025-02-07,display,display_network,,,0
503823,2025-02-07,paid_search,brand_search,,,0
503824,2025-02-07,affiliate,finance_blogs,,,0
503825,2025-02-07,paid_social,prospecting_video,,,0
503826,2025-02-07,organic,,,,0
503827,2025-02-07,paid_social,retargeting,,,0
503828,2025-02-07,paid_search,brand_search,,,0
503829,2025-02-07,affiliate,finance_blogs,,,0
503830,2025-02-07,referral,,,,0
503831,2025-02-07,paid_social,prospecting_video,,,0
503832,2025-02-07,referral,,2025-02-15,monthly,29.97
503833,2025-02-07,paid_social,prospecting_video,,,0
503834,2025-02-07,affiliate,finance_blogs,,,0
503835,2025-02-07,organic,,,,0
503836,2025-02-07,paid_social,retargeting,,,0
503837,2025-02-07,paid_social,retargeting,,,0
503838,2025-02-07,paid_social,prospecting_video,,,0
503839,2025-02-07,paid_social,prospecting_video,,,0
503840,2025-02-07,paid_search,brand_search,,,0
503841,2025-02-07,paid_search,generic_search,,,0
503842,2025-02-07,organic,,,,0
503843,2025-02-07,organic,,,,0
503844,2025-02-07,referral,,,,0
503845,2025-02-07,paid_social,prospecting_video,,,0
503846,2025-02-07,display,display_network,,,0
503847,2025-02-07,organic,,,,0
503848,2025-02-07,paid_social,prospecting_video,,,0
503849,2025-02-07,organic,,,,0
503850,2025-02-07,referral,,2025-02-07,monthly,19.98
503851,2025-02-07,paid_social,prospecting_video,,,0
503852,2025-02-07,paid_search,generic_search,,,0
503853,2025-02-07,organic,,,,0
503854,2025-02-07,paid_social,prospecting_video,,,0
503855,2025-02-07,affiliate,finance_blogs,,,0
503856,2025-02-07,paid_search,generic_search,,,0
503857,2025-02-07,paid_social,retargeting,,,0
503858,2025-02-07,paid_social,prospecting_video,,,0
503859,2025-02-07,paid_search,brand_search,,,0
503860,2025-02-07,paid_search,generic_search,,,0
503861,2025-02-07,paid_social,prospecting_video,,,0
503862,2025-02-07,paid_social,prospecting_video,,,0
503863,2025-02-07,paid_social,prospecting_video,,,0
503864,2025-02-07,paid_social,prospecting_video,,,0
503865,2025-02-07,paid_search,brand_search,2025-02-08,monthly,29.97
503866,2025-02-07,paid_search,brand_search,,,0
503867,2025-02-07,paid_social,prospecting_video,,,0
503868,2025-02-07,paid_social,prospecting_video,,,0
503869,2025-02-07,paid_search,brand_search,2025-02-20,monthly,29.97
503870,2025-02-07,paid_search,generic_search,,,0
503871,2025-02-07,paid_social,retargeting,2025-02-10,monthly,19.98
503872,2025-02-07,paid_search,generic_search,2025-02-07,monthly,19.98
503873,2025-02-07,organic,,2025-02-14,annual,79.99
503874,2025-02-07,organic,,,,0
503875,2025-02-07,paid_social,retargeting,,,0
503876,2025-02-07,affiliate,finance_blogs,,,0
503877,2025-02-07,organic,,,,0
503878,2025-02-07,organic,,,,0
503879,2025-02-07,paid_social,prospecting_video,,,0
503880,2025-02-07,paid_social,prospecting_video,,,0
503881,2025-02-07,paid_social,retargeting,,,0
503882,2025-02-07,paid_social,prospecting_video,,,0
503883,2025-02-07,paid_search,brand_search,,,0
503884,2025-02-07,paid_social,prospecting_video,,,0
503885,2025-02-07,organic,,,,0
503886,2025-02-07,organic,,2025-02-13,annual,79.99
503887,2025-02-07,paid_search,brand_search,,,0
503888,2025-02-07,paid_social,retargeting,,,0
503889,2025-02-07,paid_search,brand_search,,,0
503890,2025-02-07,organic,,,,0
503891,2025-02-07,paid_social,retargeting,,,0
503892,2025-02-07,display,display_network,,,0
503893,2025-02-07,organic,,,,0
503894,2025-02-07,paid_social,prospecting_video,,,0
503895,2025-02-07,paid_social,retargeting,,,0
503896,2025-02-07,paid_social,retargeting,,,0
503897,2025-02-07,paid_search,generic_search,,,0
503898,2025-02-07,affiliate,finance_blogs,,,0
503899,2025-02-07,paid_social,prospecting_video,,,0
503900,2025-02-07,paid_social,prospecting_video,,,0
503901,2025-02-07,paid_search,generic_search,2025-02-18,annual,79.99
503902,2025-02-07,paid_search,brand_search,,,0
503903,2025-02-07,paid_social,prospecting_video,,,0
503904,2025-02-07,paid_search,brand_search,,,0
503905,2025-02-07,paid_search,brand_search,,,0
503906,2025-02-07,paid_social,prospecting_video,,,0
503907,2025-02-07,display,display_network,,,0
503908,2025-02-07,paid_search,brand_search,,,0
503909,2025-02-07,paid_search,brand_search,,,0
503910,2025-02-07,paid_search,generic_search,,,0
503911,2025-02-07,paid_social,prospecting_video,,,0
503912,2025-02-07,paid_social,prospecting_video,,,0
503913,2025-02-07,paid_social,prospecting_video,,,0
503914,2025-02-07,paid_search,brand_search,,,0
503915,2025-02-07,affiliate,finance_blogs,2025-02-08,monthly,29.97
503916,2025-02-07,organic,,,,0
503917,2025-02-07,paid_search,brand_search,,,0
503918,2025-02-07,paid_search,generic_search,2025-02-07,annual,79.99
503919,2025-02-07,paid_social,retargeting,,,0
503920,2025-02-07,paid_social,retargeting,,,0
503921,2025-02-08,paid_social,prospecting_video,,,0
503922,2025-02-08,paid_search,brand_search,,,0
503923,2025-02-08,paid_search,generic_search,,,0
503924,2025-02-08,paid_social,retargeting,,,0
503925,2025-02-08,paid_social,prospecting_video,,,0
503926,2025-02-08,paid_search,brand_search,,,0
503927,2025-02-08,organic,,2025-02-13,annual,79.99
503928,2025-02-08,organic,,2025-02-09,annual,79.99
503929,2025-02-08,organic,,,,0
503930,2025-02-08,paid_social,prospecting_video,,,0
503931,2025-02-08,affiliate,finance_blogs,2025-02-10,monthly,19.98
503932,2025-02-08,paid_search,brand_search,,,0
503933,2025-02-08,paid_social,retargeting,,,0
503934,2025-02-08,paid_social,retargeting,,,0
503935,2025-02-08,paid_search,brand_search,,,0
503936,2025-02-08,organic,,,,0
503937,2025-02-08,paid_social,retargeting,,,0
503938,2025-02-08,paid_social,prospecting_video,,,0
503939,2025-02-08,paid_social,retargeting,,,0
503940,2025-02-08,paid_social,retargeting,,,0
503941,2025-02-08,organic,,,,0
503942,2025-02-08,paid_social,prospecting_video,,,0
503943,2025-02-08,paid_social,prospecting_video,,,0
503944,2025-02-08,paid_social,prospecting_video,,,0
503945,2025-02-08,organic,,,,0
503946,2025-02-08,organic,,,,0
503947,2025-02-08,paid_social,retargeting,,,0
503948,2025-02-08,paid_social,prospecting_video,,,0
503949,2025-02-08,organic,,,,0
503950,2025-02-08,paid_search,brand_search,2025-02-08,monthly,29.97
503951,2025-02-08,referral,,,,0
503952,2025-02-08,paid_social,prospecting_video,,,0
503953,2025-02-08,display,display_network,,,0
503954,2025-02-08,paid_social,retargeting,2025-02-12,monthly,29.97
503955,2025-02-08,paid_social,retargeting,,,0
503956,2025-02-08,organic,,,,0
503957,2025-02-08,paid_search,generic_search,,,0
503958,2025-02-08,paid_search,generic_search,,,0
503959,2025-02-08,paid_social,prospecting_video,,,0
503960,2025-02-08,paid_social,prospecting_video,,,0
503961,2025-02-08,paid_search,generic_search,2025-02-15,annual,79.99
503962,2025-02-08,paid_search,brand_search,2025-02-11,annual,79.99
503963,2025-02-08,affiliate,finance_blogs,2025-02-11,monthly,29.97
503964,2025-02-08,organic,,,,0
503965,2025-02-08,organic,,,,0
503966,2025-02-08,organic,,,,0
503967,2025-02-08,paid_social,prospecting_video,,,0
503968,2025-02-08,organic,,,,0
503969,2025-02-08,organic,,,,0
503970,2025-02-08,organic,,,,0
503971,2025-02-08,paid_social,retargeting,,,0
503972,2025-02-08,referral,,,,0
503973,2025-02-08,organic,,,,0
503974,2025-02-08,affiliate,finance_blogs,2025-02-09,monthly,19.98
503975,2025-02-08,paid_social,prospecting_video,,,0
503976,2025-02-08,organic,,,,0
503977,2025-02-08,paid_search,brand_search,,,0
503978,2025-02-08,paid_social,prospecting_video,,,0
503979,2025-02-08,paid_social,prospecting_video,,,0
503980,2025-02-08,referral,,,,0
503981,2025-02-08,paid_social,prospecting_video,,,0
503982,2025-02-08,paid_search,generic_search,,,0
503983,2025-02-08,paid_social,prospecting_video,,,0
503984,2025-02-08,paid_social,prospecting_video,,,0
503985,2025-02-08,paid_social,retargeting,,,0
503986,2025-02-08,paid_search,generic_search,,,0
503987,2025-02-08,organic,,,,0
503988,2025-02-08,paid_social,retargeting,2025-02-08,monthly,9.99
503989,2025-02-08,paid_social,prospecting_video,,,0
503990,2025-02-08,organic,,,,0
503991,2025-02-08,paid_social,retargeting,2025-02-11,annual,79.99
503992,2025-02-08,organic,,,,0
503993,2025-02-08,paid_social,retargeting,,,0
503994,2025-02-08,organic,,,,0
503995,2025-02-08,paid_social,prospecting_video,,,0
503996,2025-02-08,organic,,,,0
503997,2025-02-08,paid_search,brand_search,2025-02-12,monthly,29.97
503998,2025-02-08,paid_social,prospecting_video,,,0
503999,2025-02-08,paid_social,prospecting_video,,,0
504000,2025-02-08,paid_social,prospecting_video,,,0
504001,2025-02-08,paid_search,generic_search,,,0
504002,2025-02-08,organic,,,,0
504003,2025-02-08,paid_social,retargeting,,,0
504004,2025-02-08,referral,,,,0
504005,2025-02-08,paid_search,brand_search,,,0
504006,2025-02-08,organic,,,,0
504007,2025-02-08,paid_social,retargeting,,,0
504008,2025-02-08,paid_social,prospecting_video,,,0
504009,2025-02-08,organic,,,,0
504010,2025-02-08,paid_social,prospecting_video,,,0
504011,2025-02-08,paid_social,prospecting_video,,,0
504012,2025-02-08,organic,,,,0
504013,2025-02-08,paid_social,prospecting_video,,,0
504014,2025-02-08,paid_social,retargeting,,,0
504015,2025-02-08,organic,,,,0
504016,2025-02-08,organic,,,,0
504017,2025-02-08,referral,,,,0
504018,2025-02-08,paid_search,brand_search,,,0
504019,2025-02-08,organic,,2025-02-08,monthly,29.97
504020,2025-02-08,paid_social,prospecting_video,,,0
504021,2025-02-08,organic,,,,0
504022,2025-02-08,organic,,,,0
504023,2025-02-08,paid_search,generic_search,,,0
504024,2025-02-08,paid_search,generic_search,,,0
504025,2025-02-09,paid_search,brand_search,,,0
504026,2025-02-09,organic,,,,0
504027,2025-02-09,organic,,,,0
504028,2025-02-09,paid_social,retargeting,,,0
504029,2025-02-09,organic,,,,0
504030,2025-02-09,organic,,,,0
504031,2025-02-09,paid_social,prospecting_video,,,0
504032,2025-02-09,paid_social,prospecting_video,,,0
504033,2025-02-09,paid_search,generic_search,,,0
504034,2025-02-09,paid_social,retargeting,,,0
504035,2025-02-09,referral,,,,0
504036,2025-02-09,paid_search,brand_search,,,0
504037,2025-02-09,organic,,,,0
504038,2025-02-09,paid_social,retargeting,,,0
504039,2025-02-09,paid_social,prospecting_video,,,0
504040,2025-02-09,paid_social,prospecting_video,,,0
504041,2025-02-09,paid_social,prospecting_video,2025-02-10,annual,79.99
504042,2025-02-09,paid_social,prospecting_video,,,0
504043,2025-02-09,affiliate,finance_blogs,,,0
504044,2025-02-09,organic,,,,0
504045,2025-02-09,referral,,,,0
504046,2025-02-09,paid_search,generic_search,,,0
504047,2025-02-09,paid_social,prospecting_video,,,0
504048,2025-02-09,paid_social,retargeting,,,0
504049,2025-02-09,paid_search,generic_search,,,0
504050,2025-02-09,paid_social,prospecting_video,,,0
504051,2025-02-09,paid_social,prospecting_video,,,0
504052,2025-02-09,paid_social,prospecting_video,,,0
504053,2025-02-09,paid_social,prospecting_video,,,0
504054,2025-02-09,paid_social,prospecting_video,,,0
504055,2025-02-09,organic,,,,0
504056,2025-02-09,paid_social,prospecting_video,,,0
504057,2025-02-09,paid_social,prospecting_video,,,0
504058,2025-02-09,paid_search,brand_search,,,0
504059,2025-02-09,organic,,,,0
504060,2025-02-09,paid_social,retargeting,,,0
504061,2025-02-09,organic,,,,0
504062,2025-02-09,paid_social,prospecting_video,,,0
504063,2025-02-09,paid_social,retargeting,,,0
504064,2025-02-09,paid_social,prospecting_video,,,0
504065,2025-02-09,organic,,,,0
504066,2025-02-09,paid_social,prospecting_video,,,0
504067,2025-02-09,paid_search,brand_search,,,0
504068,2025-02-09,paid_social,prospecting_video,2025-02-11,annual,79.99
504069,2025-02-09,paid_social,retargeting,,,0
504070,2025-02-09,referral,,,,0
504071,2025-02-09,organic,,2025-02-10,monthly,29.97
504072,2025-02-09,paid_search,brand_search,,,0
504073,2025-02-09,paid_search,brand_search,2025-02-14,monthly,29.97
504074,2025-02-09,referral,,,,0
504075,2025-02-09,paid_social,retargeting,,,0
504076,2025-02-09,paid_social,prospecting_video,,,0
504077,2025-02-09,paid_search,generic_search,2025-02-15,annual,79.99
504078,2025-02-09,paid_search,generic_search,2025-02-19,monthly,29.97
504079,2025-02-09,paid_search,brand_search,2025-02-09,monthly,19.98
504080,2025-02-09,paid_search,generic_search,,,0
504081,2025-02-09,referral,,,,0
504082,2025-02-09,paid_search,brand_search,,,0
504083,2025-02-09,paid_social,prospecting_video,,,0
504084,2025-02-09,affiliate,finance_blogs,,,0
504085,2025-02-09,paid_social,retargeting,,,0
504086,2025-02-09,paid_search,brand_search,,,0
504087,2025-02-09,paid_search,generic_search,,,0
504088,2025-02-09,organic,,2025-02-13,annual,79.99
504089,2025-02-09,organic,,,,0
504090,2025-02-09,affiliate,finance_blogs,,,0
504091,2025-02-09,organic,,,,0
504092,2025-02-09,paid_social,prospecting_video,,,0
504093,2025-02-09,paid_search,generic_search,,,0
504094,2025-02-09,paid_search,generic_search,,,0
504095,2025-02-09,paid_social,prospecting_video,,,0
504096,2025-02-09,paid_social,retargeting,,,0
504097,2025-02-09,referral,,,,0
504098,2025-02-09,paid_search,brand_search,,,0
504099,2025-02-09,paid_search,brand_search,,,0
504100,2025-02-10,paid_social,prospecting_video,,,0
504101,2025-02-10,paid_social,prospecting_video,,,0
504102,2025-02-10,paid_social,prospecting_video,,,0
504103,2025-02-10,referral,,,,0
504104,2025-02-10,paid_social,prospecting_video,,,0
504105,2025-02-10,affiliate,finance_blogs,,,0
504106,2025-02-10,paid_social,retargeting,,,0
504107,2025-02-10,paid_search,generic_search,,,0
504108,2025-02-10,paid_search,generic_search,,,0
504109,2025-02-10,paid_social,prospecting_video,,,0
504110,2025-02-10,paid_social,prospecting_video,,,0
504111,2025-02-10,paid_social,prospecting_video,,,0
504112,2025-02-10,paid_social,prospecting_video,,,0
504113,2025-02-10,affiliate,finance_blogs,2025-02-10,monthly,19.98
504114,2025-02-10,paid_search,brand_search,,,0
504115,2025-02-10,paid_social,prospecting_video,,,0
504116,2025-02-10,paid_social,prospecting_video,,,0
504117,2025-02-10,paid_search,brand_search,,,0
504118,2025-02-10,paid_search,brand_search,,,0
504119,2025-02-10,paid_search,generic_search,,,0
504120,2025-02-10,organic,,,,0
504121,2025-02-10,paid_social,prospecting_video,,,0
504122,2025-02-10,paid_social,prospecting_video,,,0
504123,2025-02-10,paid_social,retargeting,,,0
504124,2025-02-10,organic,,,,0
504125,2025-02-10,paid_social,prospecting_video,,,0
504126,2025-02-10,paid_social,prospecting_video,,,0
504127,2025-02-10,organic,,,,0
504128,2025-02-10,paid_search,brand_search,2025-02-15,monthly,29.97
504129,2025-02-10,affiliate,finance_blogs,,,0
504130,2025-02-10,organic,,2025-02-10,monthly,29.97
504131,2025-02-10,organic,,,,0
504132,2025-02-10,display,display_network,,,0
504133,2025-02-10,paid_social,prospecting_video,,,0
504134,2025-02-10,paid_search,generic_search,2025-02-10,monthly,29.97
504135,2025-02-10,paid_social,prospecting_video,,,0
504136,2025-02-10,paid_search,generic_search,,,0
504137,2025-02-10,paid_social,prospecting_video,,,0
504138,2025-02-10,paid_search,brand_search,,,0
504139,2025-02-10,paid_social,prospecting_video,,,0
504140,2025-02-10,paid_search,brand_search,,,0
504141,2025-02-10,paid_social,retargeting,,,0
504142,2025-02-10,referral,,,,0
504143,2025-02-10,paid_social,prospecting_video,,,0
504144,2025-02-10,paid_social,prospecting_video,,,0
504145,2025-02-10,paid_social,prospecting_video,,,0
504146,2025-02-10,organic,,,,0
504147,2025-02-10,affiliate,finance_blogs,,,0
504148,2025-02-10,paid_search,brand_search,,,0
504149,2025-02-10,paid_social,prospecting_video,,,0
504150,2025-02-10,paid_social,prospecting_video,,,0
504151,2025-02-10,organic,,,,0
504152,2025-02-10,referral,,,,0
504153,2025-02-10,paid_social,prospecting_video,,,0
504154,2025-02-10,paid_search,generic_search,,,0
504155,2025-02-10,paid_social,prospecting_video,,,0
504156,2025-02-10,paid_social,prospecting_video,,,0
504157,2025-02-10,paid_search,brand_search,,,0
504158,2025-02-10,paid_search,brand_search,,,0
504159,2025-02-10,paid_search,generic_search,,,0
504160,2025-02-10,referral,,,,0
504161,2025-02-10,organic,,,,0
504162,2025-02-10,paid_social,prospecting_video,,,0
504163,2025-02-10,paid_search,brand_search,2025-02-14,monthly,29.97
504164,2025-02-10,paid_search,generic_search,2025-02-11,monthly,29.97
504165,2025-02-10,organic,,,,0
504166,2025-02-10,paid_social,prospecting_video,,,0
504167,2025-02-10,organic,,,,0
504168,2025-02-10,display,display_network,,,0
504169,2025-02-10,paid_search,generic_search,,,0
504170,2025-02-10,paid_social,prospecting_video,,,0
504171,2025-02-10,paid_social,prospecting_video,,,0
504172,2025-02-10,organic,,,,0
504173,2025-02-10,paid_search,generic_search,,,0
504174,2025-02-10,paid_social,retargeting,,,0
504175,2025-02-10,paid_search,generic_search,,,0
504176,2025-02-10,paid_search,brand_search,,,0
504177,2025-02-10,paid_social,retargeting,,,0
504178,2025-02-10,affiliate,finance_blogs,,,0
504179,2025-02-10,referral,,2025-02-10,monthly,29.97
504180,2025-02-10,paid_search,generic_search,,,0
504181,2025-02-10,paid_search,brand_search,,,0
504182,2025-02-10,paid_social,prospecting_video,,,0
504183,2025-02-10,paid_search,generic_search,,,0
504184,2025-02-10,paid_social,prospecting_video,,,0
504185,2025-02-10,paid_social,retargeting,,,0
504186,2025-02-10,paid_social,retargeting,2025-02-10,monthly,29.97
504187,2025-02-10,affiliate,finance_blogs,2025-02-17,monthly,9.99
504188,2025-02-10,organic,,,,0
504189,2025-02-10,affiliate,finance_blogs,,,0
504190,2025-02-10,organic,,,,0
504191,2025-02-10,paid_social,prospecting_video,,,0
504192,2025-02-10,organic,,,,0
504193,2025-02-10,organic,,2025-02-20,annual,79.99
504194,2025-02-10,paid_social,prospecting_video,,,0
504195,2025-02-10,paid_social,prospecting_video,,,0
504196,2025-02-10,paid_search,generic_search,2025-02-10,annual,79.99
504197,2025-02-10,paid_social,prospecting_video,,,0
504198,2025-02-10,organic,,,,0
504199,2025-02-10,organic,,,,0
504200,2025-02-10,paid_search,brand_search,,,0
504201,2025-02-10,paid_social,prospecting_video,,,0
504202,2025-02-10,paid_social,prospecting_video,,,0
504203,2025-02-10,referral,,,,0
504204,2025-02-10,paid_search,generic_search,,,0
504205,2025-02-10,paid_search,generic_search,,,0
504206,2025-02-10,organic,,,,0
504207,2025-02-10,organic,,,,0
504208,2025-02-11,paid_social,prospecting_video,,,0
504209,2025-02-11,paid_search,brand_search,,,0
504210,2025-02-11,referral,,,,0
504211,2025-02-11,affiliate,finance_blogs,,,0
504212,2025-02-11,paid_social,prospecting_video,,,0
504213,2025-02-11,paid_social,prospecting_video,,,0
504214,2025-02-11,paid_search,generic_search,2025-02-18,monthly,29.97
504215,2025-02-11,paid_social,prospecting_video,,,0
504216,2025-02-11,paid_social,prospecting_video,,,0
504217,2025-02-11,organic,,,,0
504218,2025-02-11,paid_social,prospecting_video,,,0
504219,2025-02-11,paid_social,prospecting_video,,,0
504220,2025-02-11,paid_social,retargeting,,,0
504221,2025-02-11,paid_social,prospecting_video,,,0
504222,2025-02-11,affiliate,finance_blogs,,,0
504223,2025-02-11,paid_social,prospecting_video,,,0
504224,2025-02-11,affiliate,finance_blogs,,,0
504225,2025-02-11,paid_search,brand_search,,,0
504226,2025-02-11,paid_search,generic_search,,,0
504227,2025-02-11,affiliate,finance_blogs,2025-02-14,annual,79.99
504228,2025-02-11,paid_search,generic_search,,,0
504229,2025-02-11,paid_social,prospecting_video,,,0
504230,2025-02-11,paid_social,prospecting_video,,,0
504231,2025-02-11,paid_search,brand_search,2025-02-11,monthly,29.97
504232,2025-02-11,display,display_network,,,0
504233,2025-02-11,paid_social,retargeting,2025-02-18,monthly,19.98
504234,2025-02-11,referral,,,,0
504235,2025-02-11,paid_social,prospecting_video,,,0
504236,2025-02-11,paid_search,generic_search,,,0
504237,2025-02-11,paid_search,generic_search,,,0
504238,2025-02-11,paid_social,retargeting,,,0
504239,2025-02-11,paid_social,prospecting_video,,,0
504240,2025-02-11,organic,,,,0
504241,2025-02-11,paid_social,prospecting_video,,,0
504242,2025-02-11,paid_social,prospecting_video,,,0
504243,2025-02-11,paid_search,brand_search,,,0
504244,2025-02-11,affiliate,finance_blogs,,,0
504245,2025-02-11,paid_search,generic_search,,,0
504246,2025-02-11,paid_search,generic_search,,,0
504247,2025-02-11,paid_search,generic_search,,,0
504248,2025-02-11,paid_social,prospecting_video,,,0
504249,2025-02-11,paid_social,prospecting_video,,,0
504250,2025-02-11,paid_social,prospecting_video,,,0
504251,2025-02-11,paid_search,brand_search,,,0
504252,2025-02-11,paid_social,prospecting_video,,,0
504253,2025-02-11,paid_social,prospecting_video,,,0
504254,2025-02-11,paid_search,generic_search,,,0
504255,2025-02-11,paid_social,prospecting_video,,,0
504256,2025-02-11,paid_social,prospecting_video,,,0
504257,2025-02-11,paid_search,brand_search,,,0
504258,2025-02-11,paid_search,brand_search,,,0
504259,2025-02-11,paid_social,prospecting_video,,,0
504260,2025-02-11,paid_search,generic_search,,,0
504261,2025-02-11,paid_social,retargeting,,,0
504262,2025-02-11,affiliate,finance_blogs,,,0
504263,2025-02-11,paid_social,prospecting_video,,,0
504264,2025-02-11,organic,,,,0
504265,2025-02-11,paid_social,retargeting,,,0
504266,2025-02-11,affiliate,finance_blogs,,,0
504267,2025-02-11,paid_social,prospecting_video,,,0
504268,2025-02-11,paid_social,prospecting_video,,,0
504269,2025-02-11,paid_social,retargeting,,,0
504270,2025-02-11,referral,,,,0
504271,2025-02-11,organic,,2025-02-12,annual,79.99
504272,2025-02-11,paid_social,prospecting_video,,,0
504273,2025-02-11,paid_social,retargeting,,,0
504274,2025-02-11,paid_social,prospecting_video,,,0
504275,2025-02-11,display,display_network,,,0
504276,2025-02-11,organic,,,,0
504277,2025-02-11,paid_social,prospecting_video,2025-02-12,monthly,9.99
504278,2025-02-11,paid_social,prospecting_video,,,0
504279,2025-02-11,paid_social,prospecting_video,,,0
504280,2025-02-11,paid_search,generic_search,,,0
504281,2025-02-11,organic,,,,0
504282,2025-02-11,paid_social,prospecting_video,,,0
504283,2025-02-11,paid_search,brand_search,,,0
504284,2025-02-11,paid_social,prospecting_video,,,0
504285,2025-02-11,display,display_network,,,0
504286,2025-02-11,paid_search,brand_search,,,0
504287,2025-02-11,paid_social,retargeting,,,0
504288,2025-02-11,organic,,,,0
504289,2025-02-11,paid_search,generic_search,,,0
504290,2025-02-11,paid_search,brand_search,,,0
504291,2025-02-11,organic,,,,0
504292,2025-02-11,paid_social,prospecting_video,,,0
504293,2025-02-11,paid_social,prospecting_video,,,0
504294,2025-02-11,paid_search,brand_search,2025-02-15,monthly,29.97
504295,2025-02-11,paid_social,prospecting_video,,,0
504296,2025-02-11,affiliate,finance_blogs,,,0
504297,2025-02-11,paid_social,prospecting_video,,,0
504298,2025-02-11,organic,,,,0
504299,2025-02-11,organic,,,,0
504300,2025-02-11,paid_search,generic_search,,,0
504301,2025-02-11,organic,,,,0
504302,2025-02-11,paid_social,prospecting_video,,,0
504303,2025-02-11,organic,,,,0
504304,2025-02-11,organic,,,,0
504305,2025-02-11,organic,,,,0
504306,2025-02-11,organic,,,,0
504307,2025-02-11,organic,,,,0
504308,2025-02-11,paid_social,prospecting_video,,,0
504309,2025-02-12,paid_social,prospecting_video,,,0
504310,2025-02-12,display,display_network,,,0
504311,2025-02-12,organic,,,,0
504312,2025-02-12,paid_search,brand_search,2025-02-13,annual,79.99
504313,2025-02-12,paid_search,brand_search,,,0
504314,2025-02-12,paid_social,prospecting_video,,,0
504315,2025-02-12,paid_social,prospecting_video,,,0
504316,2025-02-12,display,display_network,,,0
504317,2025-02-12,paid_search,generic_search,,,0
504318,2025-02-12,paid_social,prospecting_video,,,0
504319,2025-02-12,referral,,2025-02-13,annual,79.99
504320,2025-02-12,organic,,,,0
504321,2025-02-12,paid_search,generic_search,,,0
504322,2025-02-12,organic,,,,0
504323,2025-02-12,paid_social,prospecting_video,,,0
504324,2025-02-12,paid_social,retargeting,,,0
504325,2025-02-12,display,display_network,,,0
504326,2025-02-12,paid_search,brand_search,2025-02-12,monthly,19.98
504327,2025-02-12,paid_social,prospecting_video,,,0
504328,2025-02-12,paid_social,prospecting_video,,,0
504329,2025-02-12,paid_search,brand_search,2025-02-16,monthly,29.97
504330,2025-02-12,paid_social,prospecting_video,,,0
504331,2025-02-12,paid_social,prospecting_video,,,0
504332,2025-02-12,paid_social,retargeting,2025-02-15,monthly,19.98
504333,2025-02-12,paid_social,prospecting_video,2025-02-12,annual,79.99
504334,2025-02-12,paid_search,brand_search,2025-02-12,annual,79.99
504335,2025-02-12,paid_search,brand_search,,,0
504336,2025-02-12,paid_social,prospecting_video,,,0
504337,2025-02-12,paid_search,brand_search,2025-02-12,annual,79.99
504338,2025-02-12,affiliate,finance_blogs,,,0
504339,2025-02-12,organic,,,,0
504340,2025-02-12,paid_search,generic_search,,,0
504341,2025-02-12,paid_social,prospecting_video,,,0
504342,2025-02-12,affiliate,finance_blogs,,,0
504343,2025-02-12,paid_social,prospecting_video,,,0
504344,2025-02-12,paid_search,generic_search,2025-02-12,monthly,29.97
504345,2025-02-12,paid_social,retargeting,2025-02-12,annual,79.99
504346,2025-02-12,paid_search,brand_search,2025-02-24,annual,79.99
504347,2025-02-12,referral,,2025-02-12,annual,79.99
504348,2025-02-12,display,display_network,,,0
504349,2025-02-12,paid_social,retargeting,,,0
504350,2025-02-12,referral,,,,0
504351,2025-02-12,paid_social,retargeting,,,0
504352,2025-02-12,organic,,,,0
504353,2025-02-12,organic,,,,0
504354,2025-02-12,organic,,,,0
504355,2025-02-12,organic,,2025-02-13,monthly,29.97
504356,2025-02-12,paid_social,prospecting_video,,,0
504357,2025-02-12,paid_social,prospecting_video,,,0
504358,2025-02-12,paid_social,prospecting_video,,,0
504359,2025-02-12,paid_search,generic_search,,,0
504360,2025-02-12,paid_social,retargeting,,,0
504361,2025-02-12,paid_social,prospecting_video,,,0
504362,2025-02-12,paid_social,prospecting_video,,,0
504363,2025-02-12,referral,,,,0
504364,2025-02-12,paid_search,generic_search,2025-02-13,annual,79.99
504365,2025-02-12,paid_social,retargeting,,,0
504366,2025-02-12,paid_social,prospecting_video,,,0
504367,2025-02-12,paid_search,brand_search,,,0
504368,2025-02-12,organic,,,,0
504369,2025-02-12,paid_search,generic_search,,,0
504370,2025-02-12,paid_social,retargeting,,,0
504371,2025-02-12,paid_search,generic_search,,,0
504372,2025-02-12,paid_search,brand_search,,,0
504373,2025-02-12,organic,,,,0
504374,2025-02-12,paid_social,prospecting_video,,,0
504375,2025-02-12,paid_social,prospecting_video,,,0
504376,2025-02-12,organic,,,,0
504377,2025-02-12,paid_social,prospecting_video,,,0
504378,2025-02-12,paid_social,retargeting,,,0
504379,2025-02-12,referral,,2025-02-12,monthly,29.97
504380,2025-02-12,referral,,,,0
504381,2025-02-12,organic,,,,0
504382,2025-02-12,paid_social,retargeting,,,0
504383,2025-02-12,paid_social,prospecting_video,,,0
504384,2025-02-12,paid_search,brand_search,,,0
504385,2025-02-12,paid_social,prospecting_video,,,0
504386,2025-02-12,paid_social,prospecting_video,,,0
504387,2025-02-12,affiliate,finance_blogs,2025-02-12,annual,79.99
504388,2025-02-12,paid_social,prospecting_video,,,0
504389,2025-02-12,paid_social,prospecting_video,,,0
504390,2025-02-12,referral,,,,0
504391,2025-02-12,paid_social,prospecting_video,,,0
504392,2025-02-12,paid_social,prospecting_video,,,0
504393,2025-02-12,organic,,,,0
504394,2025-02-12,paid_search,brand_search,,,0
504395,2025-02-12,paid_search,brand_search,,,0
504396,2025-02-12,organic,,,,0
504397,2025-02-12,paid_search,generic_search,,,0
504398,2025-02-12,organic,,2025-02-13,monthly,19.98
504399,2025-02-12,paid_search,brand_search,,,0
504400,2025-02-12,paid_search,generic_search,,,0
504401,2025-02-12,paid_social,retargeting,,,0
504402,2025-02-12,paid_social,prospecting_video,2025-02-17,monthly,19.98
504403,2025-02-12,paid_social,retargeting,2025-02-13,monthly,29.97
504404,2025-02-12,paid_social,prospecting_video,,,0
504405,2025-02-12,paid_search,generic_search,,,0
504406,2025-02-12,paid_social,prospecting_video,,,0
504407,2025-02-13,paid_social,prospecting_video,,,0
504408,2025-02-13,paid_search,generic_search,,,0
504409,2025-02-13,paid_social,prospecting_video,,,0
504410,2025-02-13,organic,,,,0
504411,2025-02-13,paid_social,prospecting_video,,,0
504412,2025-02-13,display,display_network,,,0
504413,2025-02-13,paid_social,prospecting_video,,,0
504414,2025-02-13,paid_social,prospecting_video,,,0
504415,2025-02-13,paid_social,retargeting,2025-02-23,monthly,29.97
504416,2025-02-13,organic,,,,0
504417,2025-02-13,paid_social,retargeting,,,0
504418,2025-02-13,paid_social,retargeting,,,0
504419,2025-02-13,affiliate,finance_blogs,,,0
504420,2025-02-13,paid_social,prospecting_video,,,0
504421,2025-02-13,paid_search,generic_search,2025-02-15,monthly,29.97
504422,2025-02-13,paid_social,prospecting_video,2025-02-13,monthly,29.97
504423,2025-02-13,paid_social,retargeting,2025-02-13,monthly,29.97
504424,2025-02-13,paid_social,retargeting,,,0
504425,2025-02-13,paid_social,prospecting_video,,,0
504426,2025-02-13,display,display_network,,,0
504427,2025-02-13,paid_search,generic_search,2025-02-23,monthly,9.99
504428,2025-02-13,organic,,,,0
504429,2025-02-13,paid_social,prospecting_video,2025-02-14,monthly,29.97
504430,2025-02-13,paid_search,generic_search,,,0
504431,2025-02-13,paid_search,generic_search,,,0
504432,2025-02-13,paid_social,prospecting_video,,,0
504433,2025-02-13,organic,,,,0
504434,2025-02-13,paid_social,prospecting_video,,,0
504435,2025-02-13,paid_social,prospecting_video,,,0
504436,2025-02-13,paid_social,prospecting_video,,,0
504437,2025-02-13,paid_social,prospecting_video,,,0
504438,2025-02-13,referral,,,,0
504439,2025-02-13,paid_social,retargeting,,,0
504440,2025-02-13,organic,,,,0
504441,2025-02-13,paid_social,prospecting_video,,,0
504442,2025-02-13,paid_search,brand_search,2025-02-14,monthly,9.99
504443,2025-02-13,paid_social,prospecting_video,,,0
504444,2025-02-13,organic,,,,0
504445,2025-02-13,paid_social,prospecting_video,,,0
504446,2025-02-13,organic,,,,0
504447,2025-02-13,paid_social,prospecting_video,,,0
504448,2025-02-13,paid_social,prospecting_video,2025-02-13,monthly,29.97
504449,2025-02-13,paid_search,brand_search,,,0
504450,2025-02-13,organic,,,,0
504451,2025-02-13,paid_social,prospecting_video,,,0
504452,2025-02-13,referral,,2025-02-17,monthly,29.97
504453,2025-02-13,paid_social,prospecting_video,,,0
504454,2025-02-13,paid_social,prospecting_video,,,0
504455,2025-02-13,paid_search,brand_search,,,0
504456,2025-02-13,referral,,,,0
504457,2025-02-13,organic,,,,0
504458,2025-02-13,paid_social,prospecting_video,,,0
504459,2025-02-13,paid_social,retargeting,2025-02-13,monthly,9.99
504460,2025-02-13,organic,,,,0
504461,2025-02-13,paid_social,prospecting_video,,,0
504462,2025-02-13,organic,,,,0
504463,2025-02-13,paid_social,prospecting_video,,,0
504464,2025-02-13,paid_social,prospecting_video,,,0
504465,2025-02-13,paid_social,prospecting_video,,,0
504466,2025-02-13,paid_social,prospecting_video,,,0
504467,2025-02-13,organic,,,,0
504468,2025-02-13,paid_social,prospecting_video,,,0
504469,2025-02-13,organic,,,,0
504470,2025-02-13,paid_social,retargeting,,,0
504471,2025-02-13,paid_social,prospecting_video,,,0
504472,2025-02-13,affiliate,finance_blogs,,,0
504473,2025-02-13,organic,,,,0
504474,2025-02-13,paid_social,prospecting_video,,,0
504475,2025-02-13,paid_social,prospecting_video,,,0
504476,2025-02-13,organic,,,,0
504477,2025-02-13,organic,,,,0
504478,2025-02-13,referral,,,,0
504479,2025-02-13,paid_search,brand_search,,,0
504480,2025-02-13,organic,,2025-02-22,monthly,19.98
504481,2025-02-13,paid_search,brand_search,,,0
504482,2025-02-13,paid_search,generic_search,2025-02-16,monthly,29.97
504483,2025-02-13,paid_social,prospecting_video,,,0
504484,2025-02-13,paid_social,prospecting_video,,,0
504485,2025-02-13,paid_social,prospecting_video,,,0
504486,2025-02-13,display,display_network,,,0
504487,2025-02-13,referral,,2025-02-20,annual,79.99
504488,2025-02-13,paid_social,prospecting_video,,,0
504489,2025-02-13,organic,,,,0
504490,2025-02-13,paid_social,retargeting,2025-02-20,annual,79.99
504491,2025-02-13,paid_social,prospecting_video,,,0
504492,2025-02-13,paid_social,prospecting_video,,,0
504493,2025-02-13,organic,,,,0
504494,2025-02-13,paid_social,prospecting_video,,,0
504495,2025-02-13,paid_social,prospecting_video,,,0
504496,2025-02-13,paid_social,prospecting_video,,,0
504497,2025-02-13,paid_search,brand_search,,,0
504498,2025-02-13,paid_social,retargeting,,,0
504499,2025-02-13,paid_social,prospecting_video,,,0
504500,2025-02-13,paid_search,brand_search,2025-02-19,annual,79.99
504501,2025-02-13,organic,,,,0
504502,2025-02-13,paid_social,prospecting_video,2025-02-14,annual,79.99
504503,2025-02-13,paid_search,generic_search,,,0
504504,2025-02-13,organic,,2025-02-19,annual,79.99
504505,2025-02-13,paid_social,retargeting,,,0
504506,2025-02-13,affiliate,finance_blogs,,,0
504507,2025-02-13,paid_social,retargeting,,,0
504508,2025-02-13,paid_social,prospecting_video,,,0
504509,2025-02-13,paid_social,prospecting_video,,,0
504510,2025-02-13,organic,,,,0
504511,2025-02-13,paid_search,brand_search,,,0
504512,2025-02-13,organic,,,,0
504513,2025-02-13,paid_search,generic_search,,,0
504514,2025-02-13,display,display_network,,,0
504515,2025-02-13,paid_social,retargeting,,,0
504516,2025-02-13,organic,,,,0
504517,2025-02-13,paid_search,brand_search,,,0
504518,2025-02-13,organic,,,,0
504519,2025-02-13,referral,,,,0
504520,2025-02-13,paid_search,brand_search,,,0
504521,2025-02-13,paid_social,prospecting_video,,,0
504522,2025-02-13,paid_social,prospecting_video,,,0
504523,2025-02-13,paid_search,brand_search,,,0
504524,2025-02-13,paid_social,prospecting_video,,,0
504525,2025-02-13,paid_social,retargeting,2025-02-26,monthly,29.97
504526,2025-02-13,paid_social,prospecting_video,,,0
504527,2025-02-14,referral,,,,0
504528,2025-02-14,organic,,2025-02-26,annual,79.99
504529,2025-02-14,paid_search,generic_search,,,0
504530,2025-02-14,paid_social,prospecting_video,,,0
504531,2025-02-14,paid_social,prospecting_video,,,0
504532,2025-02-14,paid_social,prospecting_video,,,0
504533,2025-02-14,paid_social,retargeting,2025-02-18,annual,79.99
504534,2025-02-14,paid_social,prospecting_video,,,0
504535,2025-02-14,paid_search,generic_search,,,0
504536,2025-02-14,paid_search,generic_search,2025-02-18,monthly,29.97
504537,2025-02-14,paid_social,prospecting_video,,,0
504538,2025-02-14,paid_social,retargeting,2025-02-15,monthly,29.97
504539,2025-02-14,paid_social,prospecting_video,,,0
504540,2025-02-14,paid_social,retargeting,,,0
504541,2025-02-14,paid_social,retargeting,,,0
504542,2025-02-14,paid_search,brand_search,,,0
504543,2025-02-14,referral,,,,0
504544,2025-02-14,paid_social,retargeting,,,0
504545,2025-02-14,referral,,2025-02-15,annual,79.99
504546,2025-02-14,affiliate,finance_blogs,,,0
504547,2025-02-14,affiliate,finance_blogs,,,0
504548,2025-02-14,organic,,,,0
504549,2025-02-14,paid_search,brand_search,,,0
504550,2025-02-14,paid_social,prospecting_video,,,0
504551,2025-02-14,paid_social,prospecting_video,,,0
504552,2025-02-14,paid_social,prospecting_video,,,0
504553,2025-02-14,organic,,,,0
504554,2025-02-14,paid_social,retargeting,,,0
504555,2025-02-14,paid_social,prospecting_video,,,0
504556,2025-02-14,paid_search,generic_search,,,0
504557,2025-02-14,paid_social,prospecting_video,,,0
504558,2025-02-14,referral,,,,0
504559,2025-02-14,paid_social,prospecting_video,,,0
504560,2025-02-14,paid_social,prospecting_video,,,0
504561,2025-02-14,organic,,,,0
504562,2025-02-14,paid_social,retargeting,,,0
504563,2025-02-14,paid_social,retargeting,,,0
504564,2025-02-14,paid_social,retargeting,,,0
504565,2025-02-14,paid_social,prospecting_video,,,0
504566,2025-02-14,organic,,,,0
504567,2025-02-14,paid_social,prospecting_video,,,0
504568,2025-02-14,paid_social,prospecting_video,,,0
504569,2025-02-14,paid_social,retargeting,,,0
504570,2025-02-14,paid_search,brand_search,,,0
504571,2025-02-14,paid_social,prospecting_video,,,0
504572,2025-02-14,paid_social,prospecting_video,,,0
504573,2025-02-14,organic,,,,0
504574,2025-02-14,paid_search,generic_search,2025-02-16,monthly,29.97
504575,2025-02-14,paid_social,prospecting_video,,,0
504576,2025-02-14,paid_search,brand_search,,,0
504577,2025-02-14,affiliate,finance_blogs,2025-02-21,annual,79.99
504578,2025-02-14,paid_search,brand_search,,,0
504579,2025-02-14,organic,,,,0
504580,2025-02-14,paid_social,prospecting_video,,,0
504581,2025-02-14,paid_social,prospecting_video,,,0
504582,2025-02-14,paid_search,brand_search,,,0
504583,2025-02-14,organic,,,,0
504584,2025-02-14,paid_search,generic_search,2025-02-16,monthly,29.97
504585,2025-02-14,paid_search,brand_search,,,0
504586,2025-02-14,organic,,,,0
504587,2025-02-14,paid_social,prospecting_video,,,0
504588,2025-02-14,referral,,,,0
504589,2025-02-14,paid_social,prospecting_video,,,0
504590,2025-02-14,paid_social,prospecting_video,,,0
504591,2025-02-14,paid_social,prospecting_video,,,0
504592,2025-02-14,paid_search,brand_search,,,0
504593,2025-02-14,paid_social,prospecting_video,,,0
504594,2025-02-14,paid_search,brand_search,,,0
504595,2025-02-14,paid_search,brand_search,,,0
504596,2025-02-14,paid_social,prospecting_video,,,0
504597,2025-02-14,paid_social,prospecting_video,,,0
504598,2025-02-14,organic,,,,0
504599,2025-02-14,paid_social,retargeting,,,0
504600,2025-02-14,paid_search,brand_search,,,0
504601,2025-02-14,referral,,,,0
504602,2025-02-14,paid_social,prospecting_video,,,0
504603,2025-02-14,paid_search,brand_search,,,0
504604,2025-02-14,paid_search,generic_search,,,0
504605,2025-02-14,paid_search,generic_search,,,0
504606,2025-02-14,paid_search,brand_search,,,0
504607,2025-02-14,paid_social,retargeting,2025-02-17,annual,79.99
504608,2025-02-14,paid_social,prospecting_video,,,0
504609,2025-02-14,paid_social,prospecting_video,,,0
504610,2025-02-14,paid_social,prospecting_video,,,0
504611,2025-02-14,referral,,,,0
504612,2025-02-14,paid_search,generic_search,,,0
504613,2025-02-14,paid_social,retargeting,,,0
504614,2025-02-14,organic,,,,0
504615,2025-02-14,paid_search,brand_search,,,0
504616,2025-02-14,paid_search,brand_search,,,0
504617,2025-02-14,paid_search,generic_search,,,0
504618,2025-02-14,paid_social,prospecting_video,,,0
504619,2025-02-14,paid_social,prospecting_video,,,0
504620,2025-02-14,paid_social,retargeting,,,0
504621,2025-02-14,organic,,,,0
504622,2025-02-14,paid_social,prospecting_video,,,0
504623,2025-02-14,paid_social,prospecting_video,,,0
504624,2025-02-14,referral,,,,0
504625,2025-02-14,paid_search,generic_search,2025-02-14,monthly,29.97
504626,2025-02-14,paid_search,generic_search,,,0
504627,2025-02-14,paid_search,generic_search,,,0
504628,2025-02-14,paid_search,generic_search,,,0
504629,2025-02-14,referral,,,,0
504630,2025-02-14,paid_social,prospecting_video,,,0
504631,2025-02-14,paid_search,brand_search,,,0
504632,2025-02-14,paid_social,prospecting_video,,,0
504633,2025-02-14,paid_search,generic_search,,,0
504634,2025-02-14,paid_social,retargeting,,,0
504635,2025-02-14,paid_social,prospecting_video,,,0
504636,2025-02-14,paid_search,generic_search,,,0
504637,2025-02-14,paid_social,prospecting_video,,,0
504638,2025-02-14,paid_social,prospecting_video,,,0
504639,2025-02-14,referral,,,,0
504640,2025-02-14,organic,,,,0
504641,2025-02-15,paid_social,prospecting_video,,,0
504642,2025-02-15,organic,,,,0
504643,2025-02-15,paid_search,generic_search,,,0
504644,2025-02-15,organic,,,,0
504645,2025-02-15,paid_search,brand_search,,,0
504646,2025-02-15,paid_social,prospecting_video,,,0
504647,2025-02-15,paid_search,brand_search,2025-02-21,annual,79.99
504648,2025-02-15,organic,,2025-02-24,annual,79.99
504649,2025-02-15,paid_social,retargeting,,,0
504650,2025-02-15,organic,,,,0
504651,2025-02-15,paid_search,brand_search,,,0
504652,2025-02-15,paid_social,prospecting_video,,,0
504653,2025-02-15,paid_social,prospecting_video,,,0
504654,2025-02-15,paid_social,prospecting_video,,,0
504655,2025-02-15,paid_social,retargeting,,,0
504656,2025-02-15,paid_search,generic_search,2025-02-19,monthly,29.97
504657,2025-02-15,paid_search,brand_search,,,0
504658,2025-02-15,paid_social,prospecting_video,,,0
504659,2025-02-15,organic,,,,0
504660,2025-02-15,paid_social,prospecting_video,,,0
504661,2025-02-15,paid_search,brand_search,2025-02-19,monthly,29.97
504662,2025-02-15,organic,,,,0
504663,2025-02-15,display,display_network,,,0
504664,2025-02-15,paid_social,prospecting_video,,,0
504665,2025-02-15,organic,,,,0
504666,2025-02-15,paid_social,prospecting_video,,,0
504667,2025-02-15,referral,,,,0
504668,2025-02-15,organic,,,,0
504669,2025-02-15,organic,,,,0
504670,2025-02-15,paid_search,generic_search,2025-02-23,monthly,9.99
504671,2025-02-15,paid_social,prospecting_video,,,0
504672,2025-02-15,organic,,,,0
504673,2025-02-15,paid_social,prospecting_video,,,0
504674,2025-02-15,paid_search,generic_search,,,0
504675,2025-02-15,paid_social,prospecting_video,,,0
504676,2025-02-15,paid_search,generic_search,2025-02-28,monthly,29.97
504677,2025-02-15,paid_social,prospecting_video,,,0
504678,2025-02-15,paid_social,prospecting_video,,,0
504679,2025-02-15,paid_search,brand_search,,,0
504680,2025-02-15,organic,,,,0
504681,2025-02-15,paid_social,prospecting_video,,,0
504682,2025-02-15,paid_social,retargeting,,,0
504683,2025-02-15,referral,,2025-02-18,monthly,29.97
504684,2025-02-15,affiliate,finance_blogs,,,0
504685,2025-02-15,paid_search,brand_search,,,0
504686,2025-02-15,affiliate,finance_blogs,,,0
504687,2025-02-15,paid_social,retargeting,,,0
504688,2025-02-15,paid_social,retargeting,,,0
504689,2025-02-15,organic,,,,0
504690,2025-02-15,paid_social,retargeting,,,0
504691,2025-02-15,paid_social,retargeting,,,0
504692,2025-02-15,referral,,,,0
504693,2025-02-15,affiliate,finance_blogs,,,0
504694,2025-02-15,paid_social,prospecting_video,,,0
504695,2025-02-15,organic,,2025-02-23,annual,79.99
504696,2025-02-15,paid_search,brand_search,,,0
504697,2025-02-15,organic,,,,0
504698,2025-02-15,organic,,,,0
504699,2025-02-15,organic,,,,0
504700,2025-02-15,paid_social,retargeting,,,0
504701,2025-02-15,paid_social,prospecting_video,,,0
504702,2025-02-15,paid_social,prospecting_video,,,0
504703,2025-02-15,referral,,2025-02-23,monthly,29.97
504704,2025-02-15,affiliate,finance_blogs,2025-02-19,annual,79.99
504705,2025-02-15,organic,,,,0
504706,2025-02-15,paid_social,prospecting_video,,,0
504707,2025-02-15,affiliate,finance_blogs,,,0
504708,2025-02-15,paid_social,prospecting_video,,,0
504709,2025-02-15,paid_social,retargeting,,,0
504710,2025-02-15,paid_social,retargeting,,,0
504711,2025-02-15,affiliate,finance_blogs,,,0
504712,2025-02-15,paid_social,retargeting,,,0
504713,2025-02-15,paid_social,prospecting_video,,,0
504714,2025-02-15,organic,,,,0
504715,2025-02-15,paid_social,prospecting_video,,,0
504716,2025-02-15,paid_social,prospecting_video,,,0
504717,2025-02-15,paid_social,prospecting_video,,,0
504718,2025-02-15,organic,,,,0
504719,2025-02-15,organic,,2025-02-19,monthly,29.97
504720,2025-02-15,paid_social,retargeting,,,0
504721,2025-02-15,paid_search,generic_search,,,0
504722,2025-02-15,referral,,,,0
504723,2025-02-15,paid_social,retargeting,2025-02-16,annual,79.99
504724,2025-02-15,paid_search,generic_search,2025-02-15,monthly,29.97
504725,2025-02-15,paid_search,generic_search,,,0
504726,2025-02-15,organic,,,,0
504727,2025-02-15,paid_social,prospecting_video,,,0
504728,2025-02-15,organic,,,,0
504729,2025-02-15,paid_social,retargeting,,,0
504730,2025-02-15,paid_search,brand_search,,,0
504731,2025-02-15,paid_social,prospecting_video,,,0
504732,2025-02-15,paid_social,retargeting,,,0
504733,2025-02-15,paid_social,retargeting,,,0
504734,2025-02-15,paid_social,retargeting,,,0
504735,2025-02-15,referral,,,,0
504736,2025-02-15,display,display_network,,,0
504737,2025-02-15,paid_social,prospecting_video,,,0
504738,2025-02-15,paid_social,prospecting_video,,,0
504739,2025-02-15,affiliate,finance_blogs,,,0
504740,2025-02-15,paid_social,retargeting,,,0
504741,2025-02-15,affiliate,finance_blogs,,,0
504742,2025-02-15,paid_social,prospecting_video,,,0
504743,2025-02-15,organic,,,,0
504744,2025-02-15,paid_social,prospecting_video,,,0
504745,2025-02-15,paid_social,prospecting_video,,,0
504746,2025-02-16,paid_search,brand_search,,,0
504747,2025-02-16,paid_social,prospecting_video,,,0
504748,2025-02-16,paid_social,prospecting_video,,,0
504749,2025-02-16,organic,,,,0
504750,2025-02-16,paid_search,generic_search,2025-02-21,monthly,29.97
504751,2025-02-16,paid_social,prospecting_video,,,0
504752,2025-02-16,organic,,,,0
504753,2025-02-16,paid_social,prospecting_video,,,0
504754,2025-02-16,organic,,,,0
504755,2025-02-16,paid_social,prospecting_video,,,0
504756,2025-02-16,paid_social,prospecting_video,,,0
504757,2025-02-16,paid_search,generic_search,,,0
504758,2025-02-16,paid_social,prospecting_video,,,0
504759,2025-02-16,paid_social,prospecting_video,,,0
504760,2025-02-16,paid_social,retargeting,,,0
504761,2025-02-16,paid_search,brand_search,2025-02-16,annual,79.99
504762,2025-02-16,paid_social,prospecting_video,,,0
504763,2025-02-16,paid_social,prospecting_video,,,0
504764,2025-02-16,paid_social,prospecting_video,,,0
504765,2025-02-16,organic,,,,0
504766,2025-02-16,organic,,,,0
504767,2025-02-16,organic,,,,0
504768,2025-02-16,organic,,,,0
504769,2025-02-16,paid_social,prospecting_video,,,0
504770,2025-02-16,paid_social,prospecting_video,,,0
504771,2025-02-16,paid_social,retargeting,,,0
504772,2025-02-16,referral,,,,0
504773,2025-02-16,paid_social,prospecting_video,,,0
504774,2025-02-16,paid_search,generic_search,2025-02-18,monthly,19.98
504775,2025-02-16,organic,,,,0
504776,2025-02-16,paid_search,generic_search,,,0
504777,2025-02-16,paid_social,prospecting_video,,,0
504778,2025-02-16,paid_social,retargeting,,,0
504779,2025-02-16,paid_social,prospecting_video,,,0
504780,2025-02-16,organic,,2025-03-01,monthly,29.97
504781,2025-02-16,organic,,2025-02-16,monthly,29.97
504782,2025-02-16,paid_social,prospecting_video,,,0
504783,2025-02-16,display,display_network,,,0
504784,2025-02-16,organic,,2025-02-21,monthly,9.99
504785,2025-02-16,organic,,,,0
504786,2025-02-16,paid_social,prospecting_video,,,0
504787,2025-02-16,paid_search,generic_search,,,0
504788,2025-02-16,organic,,2025-02-16,monthly,29.97
504789,2025-02-16,paid_search,generic_search,,,0
504790,2025-02-16,organic,,,,0
504791,2025-02-16,paid_social,prospecting_video,,,0
504792,2025-02-16,affiliate,finance_blogs,2025-02-16,monthly,29.97
504793,2025-02-16,organic,,,,0
504794,2025-02-16,display,display_network,,,0
504795,2025-02-16,organic,,,,0
504796,2025-02-16,paid_social,prospecting_video,,,0
504797,2025-02-16,paid_social,prospecting_video,,,0
504798,2025-02-16,paid_search,brand_search,,,0
504799,2025-02-16,organic,,,,0
504800,2025-02-16,paid_social,prospecting_video,,,0
504801,2025-02-16,paid_social,prospecting_video,,,0
504802,2025-02-16,paid_search,generic_search,,,0
504803,2025-02-16,paid_search,generic_search,,,0
504804,2025-02-16,organic,,,,0
504805,2025-02-16,paid_search,brand_search,2025-02-16,monthly,19.98
504806,2025-02-16,organic,,,,0
504807,2025-02-16,paid_social,prospecting_video,,,0
504808,2025-02-16,paid_social,prospecting_video,,,0
504809,2025-02-16,paid_social,prospecting_video,,,0
504810,2025-02-16,referral,,2025-02-18,annual,79.99
504811,2025-02-16,affiliate,finance_blogs,,,0
504812,2025-02-16,paid_social,prospecting_video,,,0
504813,2025-02-16,paid_social,prospecting_video,,,0
504814,2025-02-16,paid_social,prospecting_video,,,0
504815,2025-02-16,organic,,,,0
504816,2025-02-16,paid_search,generic_search,,,0
504817,2025-02-16,referral,,,,0
504818,2025-02-16,paid_search,brand_search,,,0
504819,2025-02-16,referral,,2025-02-19,annual,79.99
504820,2025-02-16,paid_search,brand_search,,,0
504821,2025-02-16,paid_social,prospecting_video,,,0
504822,2025-02-16,paid_social,prospecting_video,,,0
504823,2025-02-16,paid_social,prospecting_video,,,0
504824,2025-02-16,paid_search,generic_search,,,0
504825,2025-02-16,paid_search,brand_search,2025-02-25,monthly,9.99
504826,2025-02-16,referral,,,,0
504827,2025-02-16,paid_search,generic_search,,,0
504828,2025-02-16,paid_search,brand_search,2025-02-21,monthly,29.97
504829,2025-02-16,affiliate,finance_blogs,2025-02-16,monthly,19.98
504830,2025-02-16,referral,,,,0
504831,2025-02-16,organic,,2025-02-16,monthly,29.97
504832,2025-02-16,organic,,,,0
504833,2025-02-16,paid_search,brand_search,,,0
504834,2025-02-16,paid_social,retargeting,,,0
504835,2025-02-16,organic,,2025-02-16,annual,79.99
504836,2025-02-16,paid_search,brand_search,,,0
504837,2025-02-17,paid_social,retargeting,,,0
504838,2025-02-17,paid_search,generic_search,,,0
504839,2025-02-17,paid_social,prospecting_video,,,0
504840,2025-02-17,paid_search,generic_search,,,0
504841,2025-02-17,paid_search,generic_search,2025-02-27,monthly,29.97
504842,2025-02-17,paid_search,brand_search,,,0
504843,2025-02-17,organic,,,,0
504844,2025-02-17,referral,,,,0
504845,2025-02-17,paid_search,brand_search,,,0
504846,2025-02-17,paid_social,prospecting_video,,,0
504847,2025-02-17,paid_search,generic_search,,,0
504848,2025-02-17,affiliate,finance_blogs,,,0
504849,2025-02-17,paid_search,brand_search,,,0
504850,2025-02-17,paid_social,retargeting,,,0
504851,2025-02-17,paid_social,prospecting_video,,,0
504852,2025-02-17,paid_social,prospecting_video,,,0
504853,2025-02-17,paid_social,prospecting_video,,,0
504854,2025-02-17,paid_social,prospecting_video,,,0
504855,2025-02-17,paid_social,prospecting_video,,,0
504856,2025-02-17,paid_social,prospecting_video,,,0
504857,2025-02-17,paid_search,brand_search,,,0
504858,2025-02-17,organic,,,,0
504859,2025-02-17,paid_search,brand_search,,,0
504860,2025-02-17,paid_social,retargeting,,,0
504861,2025-02-17,paid_social,retargeting,,,0
504862,2025-02-17,paid_social,prospecting_video,,,0
504863,2025-02-17,paid_social,prospecting_video,,,0
504864,2025-02-17,paid_social,retargeting,,,0
504865,2025-02-17,paid_social,prospecting_video,,,0
504866,2025-02-17,paid_social,prospecting_video,,,0
504867,2025-02-17,paid_social,retargeting,,,0
504868,2025-02-17,organic,,2025-02-19,monthly,19.98
504869,2025-02-17,affiliate,finance_blogs,,,0
504870,2025-02-17,paid_search,brand_search,,,0
504871,2025-02-17,paid_social,prospecting_video,2025-02-23,monthly,9.99
504872,2025-02-17,paid_social,prospecting_video,,,0
504873,2025-02-17,paid_social,prospecting_video,,,0
504874,2025-02-17,paid_social,retargeting,,,0
504875,2025-02-17,paid_search,generic_search,2025-02-18,annual,79.99
504876,2025-02-17,paid_social,prospecting_video,,,0
504877,2025-02-17,paid_social,retargeting,,,0
504878,2025-02-17,paid_social,prospecting_video,,,0
504879,2025-02-17,organic,,,,0
504880,2025-02-17,paid_social,prospecting_video,,,0
504881,2025-02-17,paid_social,prospecting_video,,,0
504882,2025-02-17,affiliate,finance_blogs,2025-02-18,monthly,9.99
504883,2025-02-17,paid_social,prospecting_video,2025-02-27,annual,79.99
504884,2025-02-17,paid_search,generic_search,,,0
504885,2025-02-17,paid_social,prospecting_video,,,0
504886,2025-02-17,paid_social,retargeting,,,0
504887,2025-02-17,paid_social,prospecting_video,,,0
504888,2025-02-17,paid_social,prospecting_video,,,0
504889,2025-02-17,paid_search,brand_search,2025-02-20,monthly,29.97
504890,2025-02-17,paid_search,generic_search,,,0
504891,2025-02-17,paid_social,prospecting_video,,,0
504892,2025-02-17,paid_social,prospecting_video,,,0
504893,2025-02-17,affiliate,finance_blogs,,,0
504894,2025-02-17,organic,,,,0
504895,2025-02-17,paid_social,prospecting_video,,,0
504896,2025-02-17,paid_social,prospecting_video,,,0
504897,2025-02-17,organic,,,,0
504898,2025-02-17,organic,,,,0
504899,2025-02-17,paid_social,prospecting_video,,,0
504900,2025-02-17,paid_social,prospecting_video,,,0
504901,2025-02-17,referral,,,,0
504902,2025-02-17,paid_social,retargeting,,,0
504903,2025-02-17,paid_social,prospecting_video,,,0
504904,2025-02-17,paid_search,brand_search,2025-02-17,monthly,19.98
504905,2025-02-17,paid_social,prospecting_video,,,0
504906,2025-02-17,organic,,,,0
504907,2025-02-17,paid_social,prospecting_video,,,0
504908,2025-02-17,organic,,,,0
504909,2025-02-17,organic,,,,0
504910,2025-02-17,paid_search,generic_search,,,0
504911,2025-02-17,paid_search,generic_search,,,0
504912,2025-02-17,organic,,,,0
504913,2025-02-17,affiliate,finance_blogs,,,0
504914,2025-02-17,paid_social,retargeting,2025-02-17,monthly,29.97
504915,2025-02-17,paid_search,brand_search,2025-02-19,annual,79.99
504916,2025-02-17,paid_social,retargeting,2025-02-25,monthly,29.97
504917,2025-02-17,organic,,,,0
504918,2025-02-17,referral,,,,0
504919,2025-02-17,display,display_network,,,0
504920,2025-02-17,paid_social,prospecting_video,,,0
504921,2025-02-17,paid_social,prospecting_video,,,0
504922,2025-02-17,paid_social,retargeting,2025-02-17,annual,79.99
504923,2025-02-17,organic,,,,0
504924,2025-02-17,paid_social,prospecting_video,,,0
504925,2025-02-17,organic,,,,0
504926,2025-02-17,paid_social,retargeting,,,0
504927,2025-02-17,organic,,,,0
504928,2025-02-17,paid_search,generic_search,,,0
504929,2025-02-17,organic,,,,0
504930,2025-02-17,paid_social,prospecting_video,,,0
504931,2025-02-17,organic,,,,0
504932,2025-02-17,paid_social,retargeting,,,0
504933,2025-02-17,paid_search,brand_search,2025-02-19,annual,79.99
504934,2025-02-17,paid_search,brand_search,,,0
504935,2025-02-17,paid_search,brand_search,,,0
504936,2025-02-17,paid_social,prospecting_video,,,0
504937,2025-02-17,paid_search,brand_search,,,0
504938,2025-02-17,paid_social,prospecting_video,,,0
504939,2025-02-17,referral,,,,0
504940,2025-02-17,paid_social,prospecting_video,,,0
504941,2025-02-17,paid_search,generic_search,,,0
504942,2025-02-17,paid_social,prospecting_video,,,0
504943,2025-02-17,paid_search,brand_search,,,0
504944,2025-02-17,paid_social,prospecting_video,,,0
504945,2025-02-17,paid_social,prospecting_video,,,0
504946,2025-02-17,organic,,,,0
504947,2025-02-17,paid_social,prospecting_video,,,0
504948,2025-02-18,display,display_network,,,0
504949,2025-02-18,paid_social,prospecting_video,2025-02-19,monthly,9.99
504950,2025-02-18,paid_search,generic_search,,,0
504951,2025-02-18,paid_social,prospecting_video,,,0
504952,2025-02-18,paid_social,prospecting_video,,,0
504953,2025-02-18,paid_search,brand_search,2025-02-19,annual,79.99
504954,2025-02-18,paid_social,prospecting_video,,,0
504955,2025-02-18,paid_social,prospecting_video,,,0
504956,2025-02-18,paid_search,brand_search,2025-02-20,monthly,29.97
504957,2025-02-18,paid_search,generic_search,,,0
504958,2025-02-18,paid_social,retargeting,,,0
504959,2025-02-18,paid_search,brand_search,2025-02-18,monthly,9.99
504960,2025-02-18,paid_social,prospecting_video,,,0
504961,2025-02-18,organic,,,,0
504962,2025-02-18,organic,,,,0
504963,2025-02-18,paid_social,prospecting_video,,,0
504964,2025-02-18,paid_search,generic_search,,,0
504965,2025-02-18,paid_social,prospecting_video,,,0
504966,2025-02-18,organic,,,,0
504967,2025-02-18,paid_social,retargeting,,,0
504968,2025-02-18,referral,,,,0
504969,2025-02-18,paid_social,prospecting_video,,,0
504970,2025-02-18,paid_social,prospecting_video,,,0
504971,2025-02-18,paid_search,generic_search,,,0
504972,2025-02-18,paid_social,prospecting_video,,,0
504973,2025-02-18,paid_social,prospecting_video,,,0
504974,2025-02-18,paid_search,generic_search,,,0
504975,2025-02-18,paid_social,prospecting_video,,,0
504976,2025-02-18,paid_social,prospecting_video,,,0
504977,2025-02-18,paid_search,generic_search,,,0
504978,2025-02-18,paid_search,generic_search,,,0
504979,2025-02-18,paid_search,generic_search,,,0
504980,2025-02-18,paid_search,generic_search,,,0
504981,2025-02-18,paid_social,retargeting,,,0
504982,2025-02-18,paid_social,retargeting,2025-02-22,monthly,9.99
504983,2025-02-18,paid_social,prospecting_video,,,0
504984,2025-02-18,organic,,,,0
504985,2025-02-18,organic,,,,0
504986,2025-02-18,paid_search,brand_search,,,0
504987,2025-02-18,paid_social,prospecting_video,,,0
504988,2025-02-18,organic,,,,0
504989,2025-02-18,paid_social,prospecting_video,,,0
504990,2025-02-18,paid_social,prospecting_video,,,0
504991,2025-02-18,paid_search,brand_search,2025-02-25,monthly,9.99
504992,2025-02-18,paid_social,prospecting_video,,,0
504993,2025-02-18,referral,,,,0
504994,2025-02-18,paid_search,generic_search,,,0
504995,2025-02-18,paid_social,prospecting_video,,,0
504996,2025-02-18,affiliate,finance_blogs,,,0
504997,2025-02-18,referral,,,,0
504998,2025-02-18,paid_social,prospecting_video,,,0
504999,2025-02-18,paid_search,generic_search,,,0
505000,2025-02-18,paid_search,generic_search,,,0
505001,2025-02-18,paid_social,prospecting_video,,,0
505002,2025-02-18,display,display_network,,,0
505003,2025-02-18,organic,,,,0
505004,2025-02-18,paid_social,prospecting_video,,,0
505005,2025-02-18,organic,,,,0
505006,2025-02-18,organic,,,,0
505007,2025-02-18,organic,,,,0
505008,2025-02-18,affiliate,finance_blogs,,,0
505009,2025-02-18,paid_social,prospecting_video,,,0
505010,2025-02-18,paid_social,retargeting,,,0
505011,2025-02-18,paid_search,brand_search,,,0
505012,2025-02-18,organic,,,,0
505013,2025-02-18,organic,,,,0
505014,2025-02-18,paid_social,prospecting_video,,,0
505015,2025-02-18,paid_social,prospecting_video,,,0
505016,2025-02-18,organic,,,,0
505017,2025-02-18,paid_search,generic_search,2025-02-18,monthly,9.99
505018,2025-02-18,paid_search,brand_search,,,0
505019,2025-02-18,paid_search,generic_search,2025-02-19,monthly,9.99
505020,2025-02-18,organic,,,,0
505021,2025-02-18,paid_social,prospecting_video,,,0
505022,2025-02-18,paid_social,retargeting,,,0
505023,2025-02-18,paid_social,retargeting,,,0
505024,2025-02-18,paid_social,prospecting_video,,,0
505025,2025-02-18,organic,,,,0
505026,2025-02-18,paid_social,retargeting,,,0
505027,2025-02-18,paid_social,prospecting_video,,,0
505028,2025-02-18,paid_search,generic_search,,,0
505029,2025-02-18,paid_social,retargeting,,,0
505030,2025-02-18,organic,,,,0
505031,2025-02-18,display,display_network,,,0
505032,2025-02-18,paid_social,prospecting_video,,,0
505033,2025-02-18,organic,,2025-02-20,monthly,29.97
505034,2025-02-18,paid_social,retargeting,,,0
505035,2025-02-18,paid_social,prospecting_video,,,0
505036,2025-02-18,referral,,,,0
505037,2025-02-18,paid_social,prospecting_video,,,0
505038,2025-02-18,paid_social,prospecting_video,,,0
505039,2025-02-18,paid_social,prospecting_video,,,0
505040,2025-02-18,referral,,2025-03-03,annual,79.99
505041,2025-02-18,organic,,2025-02-18,monthly,29.97
505042,2025-02-18,paid_search,brand_search,2025-02-23,monthly,29.97
505043,2025-02-18,organic,,,,0
505044,2025-02-18,paid_social,prospecting_video,,,0
505045,2025-02-18,paid_social,prospecting_video,,,0
505046,2025-02-18,paid_search,brand_search,2025-02-21,annual,79.99
505047,2025-02-18,paid_social,prospecting_video,,,0
505048,2025-02-18,paid_search,brand_search,2025-02-19,monthly,29.97
505049,2025-02-18,organic,,,,0
505050,2025-02-18,organic,,,,0
505051,2025-02-18,paid_search,generic_search,,,0
505052,2025-02-18,paid_search,generic_search,,,0
505053,2025-02-18,paid_social,prospecting_video,,,0
505054,2025-02-18,organic,,,,0
505055,2025-02-18,paid_social,prospecting_video,,,0
505056,2025-02-18,paid_social,prospecting_video,,,0
505057,2025-02-18,paid_social,prospecting_video,,,0
505058,2025-02-18,affiliate,finance_blogs,,,0
505059,2025-02-18,paid_social,prospecting_video,,,0
505060,2025-02-18,paid_social,retargeting,2025-02-20,annual,79.99
505061,2025-02-18,paid_social,retargeting,,,0
505062,2025-02-18,paid_social,prospecting_video,,,0
505063,2025-02-18,paid_social,retargeting,,,0
505064,2025-02-18,paid_search,generic_search,2025-02-24,annual,79.99
505065,2025-02-18,paid_social,prospecting_video,,,0
505066,2025-02-18,paid_search,generic_search,,,0
505067,2025-02-18,paid_social,retargeting,,,0
505068,2025-02-18,organic,,,,0
505069,2025-02-18,organic,,,,0
505070,2025-02-18,paid_social,prospecting_video,,,0
505071,2025-02-18,paid_social,prospecting_video,2025-02-21,monthly,29.97
505072,2025-02-18,paid_search,generic_search,,,0
505073,2025-02-18,affiliate,finance_blogs,,,0
505074,2025-02-18,paid_social,prospecting_video,,,0
505075,2025-02-18,paid_social,prospecting_video,,,0
505076,2025-02-19,paid_social,prospecting_video,,,0
505077,2025-02-19,paid_social,prospecting_video,,,0
505078,2025-02-19,affiliate,finance_blogs,,,0
505079,2025-02-19,display,display_network,,,0
505080,2025-02-19,organic,,,,0
505081,2025-02-19,paid_search,brand_search,,,0
505082,2025-02-19,organic,,,,0
505083,2025-02-19,paid_search,generic_search,2025-02-23,annual,79.99
505084,2025-02-19,paid_social,retargeting,2025-02-26,annual,79.99
505085,2025-02-19,paid_social,retargeting,,,0
505086,2025-02-19,paid_social,prospecting_video,,,0
505087,2025-02-19,paid_social,prospecting_video,,,0
505088,2025-02-19,organic,,,,0
505089,2025-02-19,paid_search,brand_search,,,0
505090,2025-02-19,paid_social,prospecting_video,,,0
505091,2025-02-19,paid_search,generic_search,,,0
505092,2025-02-19,paid_search,brand_search,,,0
505093,2025-02-19,referral,,,,0
505094,2025-02-19,paid_social,prospecting_video,,,0
505095,2025-02-19,paid_social,prospecting_video,,,0
505096,2025-02-19,paid_social,retargeting,,,0
505097,2025-02-19,paid_social,prospecting_video,,,0
505098,2025-02-19,paid_search,brand_search,,,0
505099,2025-02-19,paid_search,generic_search,2025-02-25,annual,79.99
505100,2025-02-19,paid_social,prospecting_video,,,0
505101,2025-02-19,paid_search,brand_search,2025-02-20,annual,79.99
505102,2025-02-19,paid_search,brand_search,,,0
505103,2025-02-19,paid_social,retargeting,,,0
505104,2025-02-19,paid_search,generic_search,,,0
505105,2025-02-19,paid_social,prospecting_video,,,0
505106,2025-02-19,paid_social,prospecting_video,,,0
505107,2025-02-19,paid_social,retargeting,2025-02-25,monthly,29.97
505108,2025-02-19,paid_social,prospecting_video,,,0
505109,2025-02-19,paid_social,prospecting_video,,,0
505110,2025-02-19,paid_search,brand_search,,,0
505111,2025-02-19,organic,,,,0
505112,2025-02-19,paid_social,retargeting,,,0
505113,2025-02-19,referral,,,,0
505114,2025-02-19,paid_social,prospecting_video,,,0
505115,2025-02-19,paid_search,generic_search,,,0
505116,2025-02-19,display,display_network,,,0
505117,2025-02-19,organic,,,,0
505118,2025-02-19,paid_social,prospecting_video,,,0
505119,2025-02-19,organic,,,,0
505120,2025-02-19,organic,,,,0
505121,2025-02-19,paid_social,prospecting_video,,,0
505122,2025-02-19,paid_search,generic_search,,,0
505123,2025-02-19,paid_social,retargeting,2025-02-19,monthly,29.97
505124,2025-02-19,paid_search,generic_search,2025-02-20,monthly,29.97
505125,2025-02-19,paid_social,retargeting,2025-02-26,annual,79.99
505126,2025-02-19,paid_search,generic_search,,,0
505127,2025-02-19,paid_search,brand_search,,,0
505128,2025-02-19,paid_search,generic_search,,,0
505129,2025-02-19,affiliate,finance_blogs,,,0
505130,2025-02-19,paid_social,prospecting_video,,,0
505131,2025-02-19,paid_search,generic_search,,,0
505132,2025-02-19,paid_social,retargeting,2025-02-21,monthly,19.98
505133,2025-02-19,paid_search,generic_search,,,0
505134,2025-02-19,paid_social,prospecting_video,,,0
505135,2025-02-19,affiliate,finance_blogs,2025-02-19,monthly,29.97
505136,2025-02-19,paid_search,generic_search,2025-02-21,annual,79.99
505137,2025-02-19,paid_social,prospecting_video,,,0
505138,2025-02-19,affiliate,finance_blogs,,,0
505139,2025-02-19,paid_social,prospecting_video,,,0
505140,2025-02-19,organic,,,,0
505141,2025-02-19,display,display_network,,,0
505142,2025-02-19,paid_search,generic_search,,,0
505143,2025-02-19,paid_search,generic_search,,,0
505144,2025-02-19,organic,,,,0
505145,2025-02-19,paid_social,retargeting,,,0
505146,2025-02-19,paid_social,retargeting,2025-02-20,annual,79.99
505147,2025-02-19,paid_social,retargeting,,,0
505148,2025-02-19,paid_search,generic_search,2025-02-28,monthly,29.97
505149,2025-02-19,paid_search,brand_search,,,0
505150,2025-02-19,paid_social,prospecting_video,,,0
505151,2025-02-19,organic,,,,0
505152,2025-02-19,paid_search,generic_search,2025-02-19,monthly,29.97
505153,2025-02-19,paid_search,generic_search,,,0
505154,2025-02-19,paid_social,prospecting_video,,,0
505155,2025-02-19,paid_social,retargeting,,,0
505156,2025-02-19,paid_social,prospecting_video,,,0
505157,2025-02-19,paid_social,retargeting,,,0
505158,2025-02-19,paid_social,prospecting_video,,,0
505159,2025-02-19,paid_search,brand_search,2025-02-19,annual,79.99
505160,2025-02-19,paid_social,prospecting_video,,,0
505161,2025-02-19,display,display_network,,,0
505162,2025-02-20,organic,,,,0
505163,2025-02-20,paid_search,brand_search,,,0
505164,2025-02-20,paid_search,generic_search,,,0
505165,2025-02-20,paid_social,prospecting_video,,,0
505166,2025-02-20,paid_social,retargeting,,,0
505167,2025-02-20,paid_search,brand_search,,,0
505168,2025-02-20,paid_social,prospecting_video,,,0
505169,2025-02-20,paid_search,brand_search,,,0
505170,2025-02-20,organic,,,,0
505171,2025-02-20,paid_search,brand_search,,,0
505172,2025-02-20,paid_social,prospecting_video,,,0
505173,2025-02-20,affiliate,finance_blogs,,,0
505174,2025-02-20,paid_social,prospecting_video,,,0
505175,2025-02-20,organic,,,,0
505176,2025-02-20,paid_social,prospecting_video,,,0
505177,2025-02-20,organic,,,,0
505178,2025-02-20,paid_social,prospecting_video,,,0
505179,2025-02-20,organic,,,,0
505180,2025-02-20,paid_social,prospecting_video,,,0
505181,2025-02-20,paid_search,generic_search,2025-02-26,monthly,9.99
505182,2025-02-20,paid_social,retargeting,,,0
505183,2025-02-20,paid_social,retargeting,,,0
505184,2025-02-20,paid_social,prospecting_video,,,0
505185,2025-02-20,paid_social,prospecting_video,,,0
505186,2025-02-20,paid_social,prospecting_video,,,0
505187,2025-02-20,paid_social,prospecting_video,,,0
505188,2025-02-20,paid_search,generic_search,,,0
505189,2025-02-20,referral,,,,0
505190,2025-02-20,organic,,,,0
505191,2025-02-20,organic,,2025-02-24,annual,79.99
505192,2025-02-20,organic,,,,0
505193,2025-02-20,paid_search,brand_search,,,0
505194,2025-02-20,paid_social,retargeting,,,0
505195,2025-02-20,paid_search,generic_search,,,0
505196,2025-02-20,paid_search,brand_search,2025-02-24,monthly,29.97
505197,2025-02-20,referral,,,,0
505198,2025-02-20,organic,,,,0
505199,2025-02-20,paid_social,retargeting,,,0
505200,2025-02-20,organic,,,,0
505201,2025-02-20,paid_social,retargeting,,,0
505202,2025-02-20,paid_search,brand_search,,,0
505203,2025-02-20,organic,,,,0
505204,2025-02-20,paid_social,prospecting_video,,,0
505205,2025-02-20,organic,,,,0
505206,2025-02-20,paid_search,generic_search,,,0
505207,2025-02-20,paid_social,prospecting_video,,,0
505208,2025-02-20,paid_search,generic_search,,,0
505209,2025-02-20,paid_social,prospecting_video,,,0
505210,2025-02-20,affiliate,finance_blogs,,,0
505211,2025-02-20,paid_social,prospecting_video,,,0
505212,2025-02-20,paid_search,brand_search,,,0
505213,2025-02-20,paid_search,brand_search,2025-02-23,monthly,29.97
505214,2025-02-20,paid_search,generic_search,,,0
505215,2025-02-20,paid_search,brand_search,,,0
505216,2025-02-20,paid_social,prospecting_video,,,0
505217,2025-02-20,paid_social,prospecting_video,,,0
505218,2025-02-20,referral,,,,0
505219,2025-02-20,paid_social,retargeting,,,0
505220,2025-02-20,organic,,,,0
505221,2025-02-20,paid_social,prospecting_video,,,0
505222,2025-02-20,paid_social,prospecting_video,2025-02-20,monthly,19.98
505223,2025-02-20,paid_social,prospecting_video,,,0
505224,2025-02-20,organic,,,,0
505225,2025-02-20,paid_search,generic_search,,,0
505226,2025-02-20,paid_search,generic_search,,,0
505227,2025-02-20,paid_search,generic_search,,,0
505228,2025-02-20,paid_search,generic_search,,,0
505229,2025-02-20,organic,,,,0
505230,2025-02-20,paid_social,prospecting_video,,,0
505231,2025-02-20,paid_social,prospecting_video,,,0
505232,2025-02-20,organic,,,,0
505233,2025-02-20,organic,,,,0
505234,2025-02-20,paid_social,retargeting,,,0
505235,2025-02-20,paid_social,prospecting_video,,,0
505236,2025-02-20,paid_social,prospecting_video,,,0
505237,2025-02-20,paid_social,prospecting_video,,,0
505238,2025-02-20,paid_social,prospecting_video,,,0
505239,2025-02-20,organic,,,,0
505240,2025-02-20,paid_search,brand_search,,,0
505241,2025-02-20,paid_search,brand_search,,,0
505242,2025-02-20,paid_search,brand_search,,,0
505243,2025-02-20,organic,,,,0
505244,2025-02-20,paid_search,brand_search,,,0
505245,2025-02-20,paid_search,brand_search,,,0
505246,2025-02-20,paid_search,brand_search,,,0
505247,2025-02-20,paid_search,brand_search,,,0
505248,2025-02-20,paid_search,brand_search,,,0
505249,2025-02-20,organic,,,,0
505250,2025-02-20,paid_social,prospecting_video,,,0
505251,2025-02-20,paid_search,brand_search,,,0
505252,2025-02-20,paid_search,brand_search,2025-03-04,monthly,29.97
505253,2025-02-20,paid_social,prospecting_video,,,0
505254,2025-02-20,paid_social,retargeting,,,0
505255,2025-02-20,paid_social,retargeting,,,0
505256,2025-02-20,paid_search,brand_search,2025-03-02,annual,79.99
505257,2025-02-20,organic,,,,0
505258,2025-02-20,organic,,,,0
505259,2025-02-20,organic,,,,0
505260,2025-02-20,organic,,,,0
505261,2025-02-20,referral,,,,0
505262,2025-02-20,referral,,,,0
505263,2025-02-20,paid_search,generic_search,,,0
505264,2025-02-20,paid_search,generic_search,,,0
505265,2025-02-20,referral,,,,0
505266,2025-02-20,organic,,,,0
505267,2025-02-20,paid_social,prospecting_video,,,0
505268,2025-02-20,affiliate,finance_blogs,,,0
505269,2025-02-20,paid_social,prospecting_video,,,0
505270,2025-02-20,paid_social,prospecting_video,,,0
505271,2025-02-20,paid_search,brand_search,,,0
505272,2025-02-21,paid_social,prospecting_video,,,0
505273,2025-02-21,paid_social,retargeting,,,0
505274,2025-02-21,organic,,,,0
505275,2025-02-21,paid_social,prospecting_video,,,0
505276,2025-02-21,paid_social,prospecting_video,,,0
505277,2025-02-21,paid_search,generic_search,,,0
505278,2025-02-21,paid_social,prospecting_video,,,0
505279,2025-02-21,organic,,,,0
505280,2025-02-21,display,display_network,,,0
505281,2025-02-21,paid_social,retargeting,,,0
505282,2025-02-21,paid_social,prospecting_video,,,0
505283,2025-02-21,paid_social,prospecting_video,,,0
505284,2025-02-21,referral,,,,0
505285,2025-02-21,paid_search,generic_search,,,0
505286,2025-02-21,organic,,,,0
505287,2025-02-21,paid_search,brand_search,2025-03-01,annual,79.99
505288,2025-02-21,paid_search,brand_search,,,0
505289,2025-02-21,paid_search,brand_search,,,0
505290,2025-02-21,paid_social,retargeting,,,0
505291,2025-02-21,paid_social,prospecting_video,,,0
505292,2025-02-21,paid_social,prospecting_video,,,0
505293,2025-02-21,display,display_network,,,0
505294,2025-02-21,display,display_network,,,0
505295,2025-02-21,paid_social,retargeting,2025-02-22,monthly,19.98
505296,2025-02-21,paid_social,prospecting_video,,,0
505297,2025-02-21,paid_social,prospecting_video,,,0
505298,2025-02-21,paid_social,retargeting,,,0
505299,2025-02-21,paid_social,prospecting_video,,,0
505300,2025-02-21,organic,,,,0
505301,2025-02-21,paid_social,prospecting_video,,,0
505302,2025-02-21,paid_social,prospecting_video,,,0
505303,2025-02-21,paid_social,retargeting,,,0
505304,2025-02-21,affiliate,finance_blogs,,,0
505305,2025-02-21,paid_social,retargeting,2025-03-01,monthly,9.99
505306,2025-02-21,paid_social,prospecting_video,,,0
505307,2025-02-21,paid_social,prospecting_video,,,0
505308,2025-02-21,paid_search,brand_search,,,0
505309,2025-02-21,referral,,,,0
505310,2025-02-21,paid_search,brand_search,2025-02-23,monthly,9.99
505311,2025-02-21,paid_social,retargeting,,,0
505312,2025-02-21,paid_social,retargeting,,,0
505313,2025-02-21,organic,,,,0
505314,2025-02-21,organic,,,,0
505315,2025-02-21,paid_social,retargeting,,,0
505316,2025-02-21,referral,,,,0
505317,2025-02-21,referral,,,,0
505318,2025-02-21,organic,,2025-02-26,annual,79.99
505319,2025-02-21,paid_search,brand_search,2025-02-23,monthly,29.97
505320,2025-02-21,affiliate,finance_blogs,2025-02-24,monthly,29.97
505321,2025-02-21,referral,,,,0
505322,2025-02-21,paid_search,brand_search,,,0
505323,2025-02-21,paid_social,prospecting_video,,,0
505324,2025-02-21,paid_social,prospecting_video,,,0
505325,2025-02-21,paid_social,prospecting_video,,,0
505326,2025-02-21,paid_social,prospecting_video,,,0
505327,2025-02-21,organic,,,,0
505328,2025-02-21,paid_social,retargeting,,,0
505329,2025-02-21,paid_social,prospecting_video,,,0
505330,2025-02-21,paid_social,prospecting_video,2025-02-26,monthly,29.97
505331,2025-02-21,affiliate,finance_blogs,,,0
505332,2025-02-21,paid_search,brand_search,,,0
505333,2025-02-21,paid_social,retargeting,2025-02-26,monthly,9.99
505334,2025-02-21,paid_search,brand_search,,,0
505335,2025-02-21,paid_search,brand_search,2025-02-26,monthly,19.98
505336,2025-02-21,organic,,,,0
505337,2025-02-21,paid_social,prospecting_video,,,0
505338,2025-02-21,display,display_network,,,0
505339,2025-02-21,referral,,,,0
505340,2025-02-21,paid_social,retargeting,,,0
505341,2025-02-21,paid_search,brand_search,,,0
505342,2025-02-21,referral,,,,0
505343,2025-02-21,organic,,,,0
505344,2025-02-21,organic,,,,0
505345,2025-02-21,paid_search,generic_search,,,0
505346,2025-02-21,paid_social,prospecting_video,,,0
505347,2025-02-21,paid_social,prospecting_video,,,0
505348,2025-02-21,paid_social,retargeting,,,0
505349,2025-02-21,organic,,,,0
505350,2025-02-21,paid_search,generic_search,,,0
505351,2025-02-21,paid_search,brand_search,,,0
505352,2025-02-21,paid_social,prospecting_video,,,0
505353,2025-02-21,paid_search,brand_search,2025-02-22,monthly,29.97
505354,2025-02-21,paid_search,brand_search,2025-02-23,monthly,9.99
505355,2025-02-21,referral,,,,0
505356,2025-02-21,referral,,,,0
505357,2025-02-21,paid_social,prospecting_video,,,0
505358,2025-02-21,paid_social,retargeting,2025-02-22,monthly,19.98
505359,2025-02-21,paid_search,generic_search,,,0
505360,2025-02-21,paid_social,prospecting_video,,,0
505361,2025-02-21,paid_search,generic_search,2025-02-23,annual,79.99
505362,2025-02-21,paid_social,prospecting_video,,,0
505363,2025-02-21,organic,,,,0
505364,2025-02-21,paid_social,prospecting_video,,,0
505365,2025-02-21,paid_social,prospecting_video,,,0
505366,2025-02-21,paid_social,prospecting_video,,,0
505367,2025-02-21,paid_social,prospecting_video,,,0
505368,2025-02-22,paid_search,brand_search,,,0
505369,2025-02-22,paid_social,prospecting_video,,,0
505370,2025-02-22,organic,,,,0
505371,2025-02-22,paid_search,generic_search,2025-02-25,monthly,19.98
505372,2025-02-22,paid_social,prospecting_video,,,0
505373,2025-02-22,paid_search,generic_search,,,0
505374,2025-02-22,paid_social,prospecting_video,,,0
505375,2025-02-22,paid_search,generic_search,,,0
505376,2025-02-22,paid_search,brand_search,,,0
505377,2025-02-22,referral,,,,0
505378,2025-02-22,organic,,,,0
505379,2025-02-22,paid_social,prospecting_video,,,0
505380,2025-02-22,paid_search,brand_search,2025-02-23,annual,79.99
505381,2025-02-22,paid_social,retargeting,,,0
505382,2025-02-22,paid_social,retargeting,2025-03-07,annual,79.99
505383,2025-02-22,paid_social,prospecting_video,,,0
505384,2025-02-22,organic,,,,0
505385,2025-02-22,paid_social,prospecting_video,,,0
505386,2025-02-22,paid_social,prospecting_video,,,0
505387,2025-02-22,paid_social,prospecting_video,,,0
505388,2025-02-22,organic,,2025-02-24,monthly,9.99
505389,2025-02-22,paid_search,generic_search,,,0
505390,2025-02-22,paid_social,prospecting_video,,,0
505391,2025-02-22,referral,,,,0
505392,2025-02-22,paid_social,prospecting_video,2025-03-02,monthly,19.98
505393,2025-02-22,organic,,,,0
505394,2025-02-22,paid_search,brand_search,,,0
505395,2025-02-22,paid_search,generic_search,2025-02-22,monthly,19.98
505396,2025-02-22,paid_search,generic_search,,,0
505397,2025-02-22,paid_search,generic_search,,,0
505398,2025-02-22,organic,,,,0
505399,2025-02-22,paid_social,prospecting_video,2025-02-27,annual,79.99
505400,2025-02-22,paid_social,prospecting_video,,,0
505401,2025-02-22,paid_social,prospecting_video,,,0
505402,2025-02-22,paid_social,prospecting_video,,,0
505403,2025-02-22,paid_social,prospecting_video,,,0
505404,2025-02-22,paid_social,retargeting,,,0
505405,2025-02-22,paid_search,brand_search,2025-02-28,monthly,29.97
505406,2025-02-22,paid_social,retargeting,2025-02-23,monthly,19.98
505407,2025-02-22,paid_search,generic_search,,,0
505408,2025-02-22,paid_social,prospecting_video,,,0
505409,2025-02-22,display,display_network,,,0
505410,2025-02-22,paid_search,generic_search,,,0
505411,2025-02-22,affiliate,finance_blogs,,,0
505412,2025-02-22,paid_search,generic_search,,,0
505413,2025-02-22,paid_social,prospecting_video,,,0
505414,2025-02-22,organic,,,,0
505415,2025-02-22,paid_search,brand_search,,,0
505416,2025-02-22,affiliate,finance_blogs,,,0
505417,2025-02-22,paid_search,generic_search,,,0
505418,2025-02-22,organic,,,,0
505419,2025-02-22,paid_search,brand_search,2025-02-24,monthly,29.97
505420,2025-02-22,paid_social,retargeting,,,0
505421,2025-02-22,paid_social,prospecting_video,,,0
505422,2025-02-22,paid_social,prospecting_video,,,0
505423,2025-02-22,organic,,,,0
505424,2025-02-22,organic,,,,0
505425,2025-02-22,paid_search,brand_search,,,0
505426,2025-02-22,organic,,2025-02-28,annual,79.99
505427,2025-02-22,paid_search,brand_search,,,0
505428,2025-02-22,paid_social,prospecting_video,,,0
505429,2025-02-22,paid_social,retargeting,,,0
505430,2025-02-22,organic,,2025-02-26,monthly,29.97
505431,2025-02-22,referral,,,,0
505432,2025-02-22,affiliate,finance_blogs,,,0
505433,2025-02-22,paid_social,prospecting_video,,,0
505434,2025-02-22,paid_social,prospecting_video,,,0
505435,2025-02-22,paid_social,prospecting_video,,,0
505436,2025-02-22,paid_social,retargeting,,,0
505437,2025-02-22,paid_social,prospecting_video,,,0
505438,2025-02-22,paid_social,prospecting_video,,,0
505439,2025-02-22,paid_search,brand_search,,,0
505440,2025-02-22,paid_social,retargeting,,,0
505441,2025-02-22,organic,,,,0
505442,2025-02-22,paid_social,prospecting_video,,,0
505443,2025-02-22,paid_social,prospecting_video,,,0
505444,2025-02-22,organic,,,,0
505445,2025-02-22,paid_social,retargeting,,,0
505446,2025-02-22,paid_social,prospecting_video,,,0
505447,2025-02-22,paid_social,prospecting_video,,,0
505448,2025-02-22,paid_social,prospecting_video,,,0
505449,2025-02-22,paid_social,prospecting_video,,,0
505450,2025-02-23,paid_social,prospecting_video,,,0
505451,2025-02-23,paid_social,prospecting_video,2025-02-25,annual,79.99
505452,2025-02-23,paid_social,prospecting_video,,,0
505453,2025-02-23,organic,,,,0
505454,2025-02-23,paid_social,retargeting,,,0
505455,2025-02-23,organic,,,,0
505456,2025-02-23,paid_social,prospecting_video,,,0
505457,2025-02-23,referral,,,,0
505458,2025-02-23,organic,,,,0
505459,2025-02-23,paid_social,retargeting,,,0
505460,2025-02-23,paid_social,retargeting,,,0
505461,2025-02-23,referral,,2025-02-23,monthly,29.97
505462,2025-02-23,paid_social,retargeting,,,0
505463,2025-02-23,referral,,,,0
505464,2025-02-23,paid_search,generic_search,,,0
505465,2025-02-23,paid_social,prospecting_video,,,0
505466,2025-02-23,referral,,,,0
505467,2025-02-23,paid_social,prospecting_video,2025-02-24,monthly,29.97
505468,2025-02-23,paid_social,prospecting_video,,,0
505469,2025-02-23,paid_search,generic_search,,,0
505470,2025-02-23,paid_social,prospecting_video,,,0
505471,2025-02-23,paid_social,prospecting_video,,,0
505472,2025-02-23,paid_social,retargeting,,,0
505473,2025-02-23,display,display_network,,,0
505474,2025-02-23,referral,,2025-02-27,monthly,29.97
505475,2025-02-23,paid_search,brand_search,,,0
505476,2025-02-23,organic,,,,0
505477,2025-02-23,paid_social,prospecting_video,,,0
505478,2025-02-23,referral,,,,0
505479,2025-02-23,paid_social,prospecting_video,,,0
505480,2025-02-23,organic,,,,0
505481,2025-02-23,paid_social,prospecting_video,,,0
505482,2025-02-23,paid_social,prospecting_video,,,0
505483,2025-02-23,paid_social,prospecting_video,2025-02-26,monthly,19.98
505484,2025-02-23,paid_social,prospecting_video,,,0
505485,2025-02-23,paid_search,brand_search,,,0
505486,2025-02-23,display,display_network,2025-02-26,annual,79.99
505487,2025-02-23,affiliate,finance_blogs,2025-03-08,monthly,29.97
505488,2025-02-23,paid_social,prospecting_video,,,0
505489,2025-02-23,paid_search,brand_search,,,0
505490,2025-02-23,affiliate,finance_blogs,,,0
505491,2025-02-23,paid_search,brand_search,,,0
505492,2025-02-23,paid_social,prospecting_video,,,0
505493,2025-02-23,paid_social,prospecting_video,,,0
505494,2025-02-23,paid_social,prospecting_video,,,0
505495,2025-02-23,paid_social,prospecting_video,,,0
505496,2025-02-23,paid_social,prospecting_video,,,0
505497,2025-02-23,paid_social,prospecting_video,,,0
505498,2025-02-23,paid_search,generic_search,,,0
505499,2025-02-23,paid_social,retargeting,2025-02-24,monthly,29.97
505500,2025-02-23,paid_search,brand_search,2025-02-28,monthly,29.97
505501,2025-02-23,paid_social,prospecting_video,,,0
505502,2025-02-23,paid_search,generic_search,,,0
505503,2025-02-23,display,display_network,,,0
505504,2025-02-23,paid_social,retargeting,,,0
505505,2025-02-23,paid_social,prospecting_video,,,0
505506,2025-02-23,referral,,2025-03-08,annual,79.99
505507,2025-02-23,paid_search,generic_search,,,0
505508,2025-02-23,organic,,,,0
505509,2025-02-23,paid_social,prospecting_video,,,0
505510,2025-02-23,paid_social,prospecting_video,,,0
505511,2025-02-23,paid_social,retargeting,,,0
505512,2025-02-23,paid_social,prospecting_video,,,0
505513,2025-02-23,paid_search,generic_search,,,0
505514,2025-02-23,paid_social,prospecting_video,,,0
505515,2025-02-23,display,display_network,,,0
505516,2025-02-23,organic,,,,0
505517,2025-02-23,paid_social,prospecting_video,,,0
505518,2025-02-23,paid_social,prospecting_video,,,0
505519,2025-02-23,organic,,,,0
505520,2025-02-23,organic,,,,0
505521,2025-02-23,paid_search,generic_search,,,0
505522,2025-02-23,organic,,,,0
505523,2025-02-23,organic,,,,0
505524,2025-02-23,paid_search,generic_search,,,0
505525,2025-02-23,paid_search,brand_search,,,0
505526,2025-02-23,paid_social,prospecting_video,,,0
505527,2025-02-23,paid_search,generic_search,,,0
505528,2025-02-23,paid_social,prospecting_video,,,0
505529,2025-02-23,organic,,,,0
505530,2025-02-23,paid_social,retargeting,,,0
505531,2025-02-23,paid_search,brand_search,,,0
505532,2025-02-23,paid_social,prospecting_video,,,0
505533,2025-02-23,paid_search,brand_search,,,0
505534,2025-02-23,display,display_network,,,0
505535,2025-02-23,organic,,2025-02-24,monthly,29.97
505536,2025-02-23,paid_social,prospecting_video,,,0
505537,2025-02-23,paid_social,retargeting,,,0
505538,2025-02-23,paid_social,retargeting,,,0
505539,2025-02-23,paid_social,prospecting_video,,,0
505540,2025-02-23,organic,,,,0
505541,2025-02-23,paid_social,prospecting_video,,,0
505542,2025-02-24,paid_search,brand_search,,,0
505543,2025-02-24,affiliate,finance_blogs,,,0
505544,2025-02-24,paid_social,prospecting_video,,,0
505545,2025-02-24,paid_social,retargeting,,,0
505546,2025-02-24,display,display_network,,,0
505547,2025-02-24,paid_social,prospecting_video,,,0
505548,2025-02-24,organic,,,,0
505549,2025-02-24,paid_search,generic_search,,,0
505550,2025-02-24,display,display_network,,,0
505551,2025-02-24,organic,,,,0
505552,2025-02-24,paid_social,retargeting,,,0
505553,2025-02-24,paid_social,prospecting_video,,,0
505554,2025-02-24,paid_social,prospecting_video,,,0
505555,2025-02-24,organic,,,,0
505556,2025-02-24,paid_social,prospecting_video,,,0
505557,2025-02-24,paid_social,prospecting_video,,,0
505558,2025-02-24,paid_search,brand_search,,,0
505559,2025-02-24,paid_social,prospecting_video,,,0
505560,2025-02-24,affiliate,finance_blogs,,,0
505561,2025-02-24,paid_search,brand_search,,,0
505562,2025-02-24,paid_social,retargeting,,,0
505563,2025-02-24,paid_social,prospecting_video,,,0
505564,2025-02-24,organic,,,,0
505565,2025-02-24,paid_social,prospecting_video,,,0
505566,2025-02-24,referral,,2025-02-24,annual,79.99
505567,2025-02-24,paid_social,prospecting_video,,,0
505568,2025-02-24,referral,,,,0
505569,2025-02-24,paid_social,retargeting,,,0
505570,2025-02-24,paid_social,prospecting_video,,,0
505571,2025-02-24,referral,,2025-03-01,monthly,29.97
505572,2025-02-24,paid_social,retargeting,,,0
505573,2025-02-24,paid_social,prospecting_video,,,0
505574,2025-02-24,paid_social,prospecting_video,,,0
505575,2025-02-24,paid_social,prospecting_video,,,0
505576,2025-02-24,affiliate,finance_blogs,,,0
505577,2025-02-24,paid_social,prospecting_video,,,0
505578,2025-02-24,paid_social,prospecting_video,2025-02-25,monthly,29.97
505579,2025-02-24,paid_social,prospecting_video,,,0
505580,2025-02-24,paid_search,generic_search,,,0
505581,2025-02-24,organic,,,,0
505582,2025-02-24,paid_social,retargeting,2025-03-04,monthly,29.97
505583,2025-02-24,organic,,2025-02-25,monthly,29.97
505584,2025-02-24,paid_social,retargeting,,,0
505585,2025-02-24,paid_social,prospecting_video,2025-02-26,monthly,29.97
505586,2025-02-24,paid_search,generic_search,,,0
505587,2025-02-24,paid_search,generic_search,,,0
505588,2025-02-24,organic,,,,0
505589,2025-02-24,paid_search,generic_search,,,0
505590,2025-02-24,referral,,,,0
505591,2025-02-24,paid_social,prospecting_video,,,0
505592,2025-02-24,referral,,,,0
505593,2025-02-24,paid_search,generic_search,,,0
505594,2025-02-24,paid_search,brand_search,,,0
505595,2025-02-24,paid_social,prospecting_video,,,0
505596,2025-02-24,paid_search,brand_search,2025-03-04,annual,79.99
505597,2025-02-24,paid_social,prospecting_video,,,0
505598,2025-02-24,paid_search,brand_search,,,0
505599,2025-02-24,paid_search,brand_search,,,0
505600,2025-02-24,organic,,,,0
505601,2025-02-24,paid_social,retargeting,,,0
505602,2025-02-24,referral,,,,0
505603,2025-02-24,paid_search,generic_search,,,0
505604,2025-02-24,paid_social,retargeting,,,0
505605,2025-02-24,paid_search,generic_search,,,0
505606,2025-02-24,paid_social,prospecting_video,,,0
505607,2025-02-24,paid_social,prospecting_video,,,0
505608,2025-02-24,paid_search,brand_search,,,0
505609,2025-02-24,paid_social,prospecting_video,,,0
505610,2025-02-24,paid_search,generic_search,2025-03-03,monthly,9.99
505611,2025-02-24,paid_social,prospecting_video,,,0
505612,2025-02-24,paid_search,brand_search,,,0
505613,2025-02-24,paid_search,generic_search,,,0
505614,2025-02-24,paid_social,prospecting_video,,,0
505615,2025-02-24,referral,,2025-02-24,monthly,19.98
505616,2025-02-24,paid_social,prospecting_video,,,0
505617,2025-02-24,paid_social,prospecting_video,,,0
505618,2025-02-24,paid_search,brand_search,,,0
505619,2025-02-24,paid_social,prospecting_video,,,0
505620,2025-02-24,paid_search,brand_search,,,0
505621,2025-02-24,paid_search,brand_search,2025-02-25,monthly,29.97
505622,2025-02-24,paid_search,brand_search,,,0
505623,2025-02-24,paid_search,brand_search,,,0
505624,2025-02-24,paid_search,brand_search,,,0
505625,2025-02-24,paid_social,prospecting_video,,,0
505626,2025-02-24,organic,,,,0
505627,2025-02-24,paid_social,prospecting_video,,,0
505628,2025-02-24,paid_social,prospecting_video,,,0
505629,2025-02-24,paid_search,brand_search,,,0
505630,2025-02-24,paid_search,brand_search,,,0
505631,2025-02-24,paid_social,prospecting_video,,,0
505632,2025-02-24,display,display_network,,,0
505633,2025-02-24,organic,,,,0
505634,2025-02-24,paid_social,prospecting_video,,,0
505635,2025-02-24,paid_search,brand_search,2025-02-28,monthly,29.97
505636,2025-02-24,paid_search,generic_search,,,0
505637,2025-02-24,affiliate,finance_blogs,,,0
505638,2025-02-24,organic,,,,0
505639,2025-02-24,paid_social,prospecting_video,,,0
505640,2025-02-24,paid_search,brand_search,,,0
505641,2025-02-24,paid_social,retargeting,,,0
505642,2025-02-24,paid_social,retargeting,,,0
505643,2025-02-24,organic,,,,0
505644,2025-02-25,paid_social,retargeting,,,0
505645,2025-02-25,paid_social,prospecting_video,,,0
505646,2025-02-25,paid_social,prospecting_video,,,0
505647,2025-02-25,paid_search,generic_search,,,0
505648,2025-02-25,paid_social,prospecting_video,,,0
505649,2025-02-25,paid_social,retargeting,,,0
505650,2025-02-25,paid_social,retargeting,,,0
505651,2025-02-25,paid_search,brand_search,,,0
505652,2025-02-25,paid_search,generic_search,,,0
505653,2025-02-25,paid_social,prospecting_video,,,0
505654,2025-02-25,paid_social,retargeting,,,0
505655,2025-02-25,paid_social,prospecting_video,,,0
505656,2025-02-25,paid_social,prospecting_video,,,0
505657,2025-02-25,paid_search,brand_search,2025-02-25,monthly,29.97
505658,2025-02-25,paid_social,prospecting_video,,,0
505659,2025-02-25,organic,,,,0
505660,2025-02-25,paid_search,generic_search,2025-02-28,annual,79.99
505661,2025-02-25,organic,,,,0
505662,2025-02-25,paid_social,prospecting_video,,,0
505663,2025-02-25,paid_search,generic_search,2025-02-26,monthly,29.97
505664,2025-02-25,paid_social,prospecting_video,,,0
505665,2025-02-25,paid_search,brand_search,,,0
505666,2025-02-25,affiliate,finance_blogs,,,0
505667,2025-02-25,affiliate,finance_blogs,,,0
505668,2025-02-25,referral,,,,0
505669,2025-02-25,paid_social,prospecting_video,,,0
505670,2025-02-25,organic,,,,0
505671,2025-02-25,paid_social,retargeting,,,0
505672,2025-02-25,paid_search,generic_search,,,0
505673,2025-02-25,paid_social,prospecting_video,,,0
505674,2025-02-25,paid_search,generic_search,,,0
505675,2025-02-25,paid_social,prospecting_video,,,0
505676,2025-02-25,paid_social,prospecting_video,,,0
505677,2025-02-25,affiliate,finance_blogs,,,0
505678,2025-02-25,paid_search,generic_search,,,0
505679,2025-02-25,paid_social,prospecting_video,,,0
505680,2025-02-25,organic,,,,0
505681,2025-02-25,organic,,,,0
505682,2025-02-25,paid_social,retargeting,2025-02-28,monthly,29.97
505683,2025-02-25,organic,,,,0
505684,2025-02-25,organic,,,,0
505685,2025-02-25,paid_social,prospecting_video,,,0
505686,2025-02-25,organic,,,,0
505687,2025-02-25,paid_search,brand_search,,,0
505688,2025-02-25,referral,,,,0
505689,2025-02-25,paid_social,prospecting_video,,,0
505690,2025-02-25,organic,,,,0
505691,2025-02-25,paid_social,prospecting_video,,,0
505692,2025-02-25,paid_social,retargeting,2025-02-25,monthly,29.97
505693,2025-02-25,paid_social,prospecting_video,,,0
505694,2025-02-25,referral,,,,0
505695,2025-02-25,paid_search,generic_search,2025-03-02,monthly,19.98
505696,2025-02-25,paid_search,brand_search,,,0
505697,2025-02-25,organic,,,,0
505698,2025-02-25,paid_search,brand_search,,,0
505699,2025-02-25,referral,,,,0
505700,2025-02-25,paid_social,prospecting_video,,,0
505701,2025-02-25,paid_search,brand_search,,,0
505702,2025-02-25,affiliate,finance_blogs,,,0
505703,2025-02-25,paid_search,generic_search,,,0
505704,2025-02-25,paid_search,brand_search,,,0
505705,2025-02-25,paid_search,generic_search,2025-02-25,monthly,19.98
505706,2025-02-25,paid_social,retargeting,,,0
505707,2025-02-25,paid_search,generic_search,,,0
505708,2025-02-25,organic,,,,0
505709,2025-02-25,organic,,,,0
505710,2025-02-25,paid_social,prospecting_video,,,0
505711,2025-02-25,paid_social,prospecting_video,2025-02-28,annual,79.99
505712,2025-02-25,organic,,,,0
505713,2025-02-25,affiliate,finance_blogs,,,0
505714,2025-02-25,paid_search,generic_search,,,0
505715,2025-02-25,organic,,,,0
505716,2025-02-25,paid_social,prospecting_video,,,0
505717,2025-02-25,paid_social,prospecting_video,,,0
505718,2025-02-25,organic,,,,0
505719,2025-02-25,organic,,,,0
505720,2025-02-25,paid_social,retargeting,,,0
505721,2025-02-25,paid_social,retargeting,,,0
505722,2025-02-25,paid_social,retargeting,,,0
505723,2025-02-25,paid_search,brand_search,2025-03-05,monthly,9.99
505724,2025-02-25,paid_search,generic_search,,,0
505725,2025-02-25,organic,,,,0
505726,2025-02-25,organic,,,,0
505727,2025-02-25,paid_social,prospecting_video,,,0
505728,2025-02-25,paid_social,prospecting_video,2025-02-26,monthly,29.97
505729,2025-02-25,organic,,,,0
505730,2025-02-25,organic,,2025-03-01,monthly,29.97
505731,2025-02-25,paid_search,brand_search,2025-03-10,monthly,29.97
505732,2025-02-25,paid_social,prospecting_video,,,0
505733,2025-02-25,paid_social,prospecting_video,,,0
505734,2025-02-25,paid_social,retargeting,,,0
505735,2025-02-25,paid_social,retargeting,,,0
505736,2025-02-25,paid_social,prospecting_video,,,0
505737,2025-02-25,paid_social,retargeting,,,0
505738,2025-02-25,referral,,,,0
505739,2025-02-25,paid_social,retargeting,2025-03-06,annual,79.99
505740,2025-02-25,paid_social,prospecting_video,,,0
505741,2025-02-25,paid_search,brand_search,,,0
505742,2025-02-25,organic,,,,0
505743,2025-02-25,paid_search,brand_search,,,0
505744,2025-02-25,organic,,,,0
505745,2025-02-25,organic,,,,0
505746,2025-02-25,paid_social,retargeting,2025-02-25,annual,79.99
505747,2025-02-25,paid_search,brand_search,,,0
505748,2025-02-25,paid_social,retargeting,,,0
505749,2025-02-25,organic,,,,0
505750,2025-02-25,paid_search,generic_search,,,0
505751,2025-02-25,paid_social,prospecting_video,,,0
505752,2025-02-25,affiliate,finance_blogs,,,0
505753,2025-02-25,organic,,,,0
505754,2025-02-25,paid_social,prospecting_video,,,0
505755,2025-02-26,referral,,,,0
505756,2025-02-26,paid_social,retargeting,,,0
505757,2025-02-26,organic,,,,0
505758,2025-02-26,paid_search,brand_search,,,0
505759,2025-02-26,paid_social,prospecting_video,2025-03-07,monthly,29.97
505760,2025-02-26,paid_social,prospecting_video,,,0
505761,2025-02-26,paid_social,prospecting_video,,,0
505762,2025-02-26,display,display_network,,,0
505763,2025-02-26,referral,,,,0
505764,2025-02-26,affiliate,finance_blogs,,,0
505765,2025-02-26,organic,,,,0
505766,2025-02-26,paid_social,prospecting_video,,,0
505767,2025-02-26,paid_search,generic_search,2025-02-28,monthly,29.97
505768,2025-02-26,affiliate,finance_blogs,,,0
505769,2025-02-26,organic,,,,0
505770,2025-02-26,paid_search,generic_search,,,0
505771,2025-02-26,paid_social,prospecting_video,2025-03-03,monthly,29.97
505772,2025-02-26,paid_search,generic_search,2025-02-28,annual,79.99
505773,2025-02-26,paid_search,generic_search,,,0
505774,2025-02-26,paid_social,prospecting_video,,,0
505775,2025-02-26,affiliate,finance_blogs,,,0
505776,2025-02-26,paid_social,retargeting,,,0
505777,2025-02-26,organic,,,,0
505778,2025-02-26,referral,,2025-03-07,monthly,29.97
505779,2025-02-26,paid_social,prospecting_video,,,0
505780,2025-02-26,organic,,2025-03-03,monthly,29.97
505781,2025-02-26,paid_social,prospecting_video,,,0
505782,2025-02-26,paid_search,generic_search,2025-03-06,monthly,29.97
505783,2025-02-26,paid_social,prospecting_video,,,0
505784,2025-02-26,paid_social,prospecting_video,,,0
505785,2025-02-26,paid_search,brand_search,2025-02-26,monthly,9.99
505786,2025-02-26,paid_search,brand_search,2025-03-04,monthly,9.99
505787,2025-02-26,organic,,,,0
505788,2025-02-26,paid_social,prospecting_video,,,0
505789,2025-02-26,paid_search,brand_search,,,0
505790,2025-02-26,paid_search,brand_search,,,0
505791,2025-02-26,paid_search,generic_search,,,0
505792,2025-02-26,paid_social,retargeting,,,0
505793,2025-02-26,paid_search,brand_search,,,0
505794,2025-02-26,paid_social,prospecting_video,,,0
505795,2025-02-26,organic,,,,0
505796,2025-02-26,paid_social,prospecting_video,,,0
505797,2025-02-26,paid_social,prospecting_video,,,0
505798,2025-02-26,paid_social,prospecting_video,,,0
505799,2025-02-26,paid_search,generic_search,,,0
505800,2025-02-26,paid_social,prospecting_video,,,0
505801,2025-02-26,paid_social,prospecting_video,,,0
505802,2025-02-26,organic,,,,0
505803,2025-02-26,paid_social,retargeting,,,0
505804,2025-02-26,referral,,,,0
505805,2025-02-26,paid_search,brand_search,,,0
505806,2025-02-26,paid_social,prospecting_video,,,0
505807,2025-02-26,paid_search,brand_search,2025-02-28,monthly,29.97
505808,2025-02-26,paid_search,generic_search,,,0
505809,2025-02-26,organic,,,,0
505810,2025-02-26,organic,,,,0
505811,2025-02-26,paid_search,brand_search,,,0
505812,2025-02-26,paid_social,prospecting_video,,,0
505813,2025-02-26,paid_social,prospecting_video,,,0
505814,2025-02-26,paid_social,prospecting_video,,,0
505815,2025-02-26,organic,,,,0
505816,2025-02-26,paid_social,prospecting_video,,,0
505817,2025-02-26,paid_social,prospecting_video,,,0
505818,2025-02-26,paid_social,prospecting_video,,,0
505819,2025-02-26,paid_social,prospecting_video,,,0
505820,2025-02-26,paid_search,brand_search,,,0
505821,2025-02-26,paid_social,prospecting_video,,,0
505822,2025-02-26,paid_social,prospecting_video,,,0
505823,2025-02-26,paid_social,retargeting,2025-03-04,annual,79.99
505824,2025-02-26,referral,,2025-03-08,monthly,29.97
505825,2025-02-26,paid_social,prospecting_video,,,0
505826,2025-02-26,affiliate,finance_blogs,,,0
505827,2025-02-26,paid_social,prospecting_video,,,0
505828,2025-02-26,paid_social,prospecting_video,,,0
505829,2025-02-26,paid_social,prospecting_video,,,0
505830,2025-02-26,paid_social,prospecting_video,,,0
505831,2025-02-26,paid_social,prospecting_video,,,0
505832,2025-02-26,paid_search,generic_search,2025-02-28,monthly,9.99
505833,2025-02-26,paid_social,prospecting_video,,,0
505834,2025-02-26,affiliate,finance_blogs,,,0
505835,2025-02-26,organic,,,,0
505836,2025-02-26,paid_social,prospecting_video,,,0
505837,2025-02-26,organic,,,,0
505838,2025-02-26,paid_social,prospecting_video,,,0
505839,2025-02-26,paid_search,brand_search,,,0
505840,2025-02-26,paid_social,retargeting,,,0
505841,2025-02-26,paid_social,prospecting_video,,,0
505842,2025-02-26,organic,,,,0
505843,2025-02-26,paid_social,prospecting_video,,,0
505844,2025-02-26,paid_social,prospecting_video,,,0
505845,2025-02-26,paid_social,prospecting_video,,,0
505846,2025-02-26,affiliate,finance_blogs,,,0
505847,2025-02-26,paid_social,prospecting_video,,,0
505848,2025-02-26,paid_social,prospecting_video,,,0
505849,2025-02-26,paid_social,prospecting_video,,,0
505850,2025-02-26,paid_social,prospecting_video,,,0
505851,2025-02-26,paid_social,prospecting_video,,,0
505852,2025-02-26,paid_social,retargeting,,,0
505853,2025-02-26,paid_social,retargeting,,,0
505854,2025-02-26,paid_social,prospecting_video,,,0
505855,2025-02-26,paid_social,prospecting_video,,,0
505856,2025-02-26,paid_social,prospecting_video,,,0
505857,2025-02-26,paid_social,prospecting_video,,,0
505858,2025-02-26,paid_social,prospecting_video,,,0
505859,2025-02-26,paid_social,retargeting,2025-02-27,monthly,19.98
505860,2025-02-26,paid_social,prospecting_video,,,0
505861,2025-02-26,organic,,2025-02-26,monthly,29.97
505862,2025-02-26,paid_social,prospecting_video,,,0
505863,2025-02-26,paid_social,retargeting,,,0
505864,2025-02-26,organic,,,,0
505865,2025-02-26,paid_social,prospecting_video,,,0
505866,2025-02-26,paid_search,brand_search,,,0
505867,2025-02-26,paid_social,prospecting_video,,,0
505868,2025-02-26,paid_social,retargeting,2025-03-05,monthly,29.97
505869,2025-02-26,paid_social,retargeting,,,0
505870,2025-02-26,paid_search,brand_search,,,0
505871,2025-02-26,paid_social,retargeting,,,0
505872,2025-02-26,paid_social,retargeting,,,0
505873,2025-02-26,paid_search,generic_search,,,0
505874,2025-02-26,paid_social,prospecting_video,,,0
505875,2025-02-26,paid_social,prospecting_video,,,0
505876,2025-02-26,paid_social,retargeting,,,0
505877,2025-02-27,paid_social,prospecting_video,,,0
505878,2025-02-27,paid_social,retargeting,,,0
505879,2025-02-27,paid_social,prospecting_video,,,0
505880,2025-02-27,organic,,,,0
505881,2025-02-27,paid_search,brand_search,2025-02-27,monthly,29.97
505882,2025-02-27,paid_search,generic_search,,,0
505883,2025-02-27,paid_social,prospecting_video,,,0
505884,2025-02-27,organic,,,,0
505885,2025-02-27,paid_search,generic_search,,,0
505886,2025-02-27,paid_social,prospecting_video,,,0
505887,2025-02-27,paid_social,prospecting_video,,,0
505888,2025-02-27,paid_social,prospecting_video,,,0
505889,2025-02-27,paid_social,prospecting_video,,,0
505890,2025-02-27,paid_social,retargeting,,,0
505891,2025-02-27,paid_social,prospecting_video,,,0
505892,2025-02-27,paid_search,brand_search,,,0
505893,2025-02-27,paid_search,generic_search,2025-02-28,monthly,29.97
505894,2025-02-27,affiliate,finance_blogs,,,0
505895,2025-02-27,paid_social,prospecting_video,,,0
505896,2025-02-27,paid_search,generic_search,2025-02-27,monthly,29.97
505897,2025-02-27,paid_search,generic_search,,,0
505898,2025-02-27,paid_social,prospecting_video,,,0
505899,2025-02-27,affiliate,finance_blogs,,,0
505900,2025-02-27,paid_social,prospecting_video,,,0
505901,2025-02-27,affiliate,finance_blogs,,,0
505902,2025-02-27,paid_social,prospecting_video,,,0
505903,2025-02-27,paid_search,generic_search,,,0
505904,2025-02-27,organic,,,,0
505905,2025-02-27,display,display_network,,,0
505906,2025-02-27,paid_social,prospecting_video,,,0
505907,2025-02-27,affiliate,finance_blogs,,,0
505908,2025-02-27,paid_search,generic_search,,,0
505909,2025-02-27,paid_social,prospecting_video,,,0
505910,2025-02-27,paid_social,retargeting,2025-02-28,monthly,29.97
505911,2025-02-27,organic,,,,0
505912,2025-02-27,paid_search,brand_search,2025-03-02,monthly,29.97
505913,2025-02-27,paid_search,brand_search,,,0
505914,2025-02-27,paid_search,generic_search,,,0
505915,2025-02-27,organic,,,,0
505916,2025-02-27,paid_social,retargeting,,,0
505917,2025-02-27,organic,,,,0
505918,2025-02-27,paid_social,prospecting_video,,,0
505919,2025-02-27,paid_social,retargeting,,,0
505920,2025-02-27,paid_search,generic_search,,,0
505921,2025-02-27,paid_search,generic_search,,,0
505922,2025-02-27,paid_search,generic_search,,,0
505923,2025-02-27,paid_social,prospecting_video,,,0
505924,2025-02-27,paid_social,prospecting_video,,,0
505925,2025-02-27,paid_search,generic_search,,,0
505926,2025-02-27,referral,,,,0
505927,2025-02-27,paid_social,prospecting_video,,,0
505928,2025-02-27,paid_social,prospecting_video,,,0
505929,2025-02-27,paid_social,prospecting_video,,,0
505930,2025-02-27,organic,,,,0
505931,2025-02-27,paid_search,brand_search,,,0
505932,2025-02-27,paid_search,brand_search,2025-03-03,annual,79.99
505933,2025-02-27,paid_social,prospecting_video,,,0
505934,2025-02-27,paid_social,prospecting_video,,,0
505935,2025-02-27,paid_search,brand_search,,,0
505936,2025-02-27,paid_social,retargeting,,,0
505937,2025-02-27,organic,,,,0
505938,2025-02-27,paid_search,generic_search,2025-02-28,monthly,29.97
505939,2025-02-27,paid_social,prospecting_video,,,0
505940,2025-02-27,organic,,,,0
505941,2025-02-27,paid_social,prospecting_video,,,0
505942,2025-02-27,affiliate,finance_blogs,,,0
505943,2025-02-27,paid_social,prospecting_video,,,0
505944,2025-02-27,paid_search,brand_search,,,0
505945,2025-02-27,organic,,2025-02-28,monthly,19.98
505946,2025-02-27,paid_social,retargeting,,,0
505947,2025-02-27,paid_social,retargeting,2025-02-27,monthly,29.97
505948,2025-02-27,paid_social,prospecting_video,,,0
505949,2025-02-27,paid_social,retargeting,,,0
505950,2025-02-27,paid_search,generic_search,,,0
505951,2025-02-27,paid_search,brand_search,,,0
505952,2025-02-27,paid_social,prospecting_video,,,0
505953,2025-02-27,paid_social,prospecting_video,,,0
505954,2025-02-27,paid_social,prospecting_video,,,0
505955,2025-02-27,organic,,,,0
505956,2025-02-27,referral,,,,0
505957,2025-02-27,organic,,,,0
505958,2025-02-27,paid_social,prospecting_video,,,0
505959,2025-02-27,organic,,,,0
505960,2025-02-27,affiliate,finance_blogs,,,0
505961,2025-02-27,organic,,2025-03-01,monthly,29.97
505962,2025-02-27,organic,,,,0
505963,2025-02-27,paid_social,prospecting_video,,,0
505964,2025-02-27,paid_social,prospecting_video,,,0
505965,2025-02-27,organic,,,,0
505966,2025-02-27,paid_social,prospecting_video,,,0
505967,2025-02-27,paid_social,retargeting,,,0
505968,2025-02-27,paid_search,generic_search,2025-02-28,monthly,29.97
505969,2025-02-27,organic,,,,0
505970,2025-02-27,paid_search,generic_search,,,0
505971,2025-02-27,paid_social,retargeting,,,0
505972,2025-02-27,paid_social,prospecting_video,,,0
505973,2025-02-27,referral,,2025-03-03,monthly,29.97
505974,2025-02-27,paid_social,prospecting_video,,,0
505975,2025-02-27,paid_search,generic_search,2025-02-27,monthly,29.97
505976,2025-02-27,paid_social,prospecting_video,,,0
505977,2025-02-27,organic,,,,0
505978,2025-02-27,paid_social,prospecting_video,,,0
505979,2025-02-28,paid_social,prospecting_video,,,0
505980,2025-02-28,organic,,,,0
505981,2025-02-28,paid_social,retargeting,,,0
505982,2025-02-28,organic,,,,0
505983,2025-02-28,paid_search,generic_search,,,0
505984,2025-02-28,paid_search,generic_search,,,0
505985,2025-02-28,paid_social,retargeting,,,0
505986,2025-02-28,paid_social,retargeting,2025-03-02,monthly,19.98
505987,2025-02-28,paid_social,retargeting,2025-03-04,monthly,19.98
505988,2025-02-28,paid_social,retargeting,2025-03-04,monthly,29.97
505989,2025-02-28,paid_social,retargeting,2025-03-03,monthly,29.97
505990,2025-02-28,paid_search,generic_search,,,0
505991,2025-02-28,paid_social,prospecting_video,,,0
505992,2025-02-28,paid_social,prospecting_video,,,0
505993,2025-02-28,paid_social,prospecting_video,,,0
505994,2025-02-28,organic,,,,0
505995,2025-02-28,paid_social,retargeting,,,0
505996,2025-02-28,paid_social,prospecting_video,,,0
505997,2025-02-28,paid_social,retargeting,2025-03-03,monthly,19.98
505998,2025-02-28,paid_search,brand_search,,,0
505999,2025-02-28,paid_social,prospecting_video,,,0
506000,2025-02-28,paid_search,generic_search,2025-03-01,monthly,29.97
506001,2025-02-28,organic,,,,0
506002,2025-02-28,paid_social,prospecting_video,,,0
506003,2025-02-28,paid_search,generic_search,,,0
506004,2025-02-28,display,display_network,,,0
506005,2025-02-28,paid_social,prospecting_video,,,0
506006,2025-02-28,organic,,,,0
506007,2025-02-28,paid_social,prospecting_video,,,0
506008,2025-02-28,paid_social,prospecting_video,,,0
506009,2025-02-28,paid_search,brand_search,,,0
506010,2025-02-28,paid_social,retargeting,,,0
506011,2025-02-28,organic,,,,0
506012,2025-02-28,paid_search,generic_search,,,0
506013,2025-02-28,display,display_network,,,0
506014,2025-02-28,paid_social,prospecting_video,,,0
506015,2025-02-28,affiliate,finance_blogs,,,0
506016,2025-02-28,paid_search,brand_search,,,0
506017,2025-02-28,display,display_network,,,0
506018,2025-02-28,referral,,2025-02-28,annual,79.99
506019,2025-02-28,paid_search,brand_search,,,0
506020,2025-02-28,organic,,,,0
506021,2025-02-28,paid_social,prospecting_video,,,0
506022,2025-02-28,paid_social,retargeting,2025-03-02,annual,79.99
506023,2025-02-28,affiliate,finance_blogs,,,0
506024,2025-02-28,paid_social,prospecting_video,,,0
506025,2025-02-28,paid_search,generic_search,,,0
506026,2025-02-28,paid_social,retargeting,,,0
506027,2025-02-28,organic,,,,0
506028,2025-02-28,paid_social,prospecting_video,2025-02-28,annual,79.99
506029,2025-02-28,paid_search,brand_search,2025-03-01,monthly,29.97
506030,2025-02-28,affiliate,finance_blogs,2025-03-04,monthly,29.97
506031,2025-02-28,paid_social,prospecting_video,,,0
506032,2025-02-28,organic,,,,0
506033,2025-02-28,paid_social,retargeting,,,0
506034,2025-02-28,referral,,,,0
506035,2025-02-28,paid_social,prospecting_video,,,0
506036,2025-02-28,organic,,,,0
506037,2025-02-28,paid_social,prospecting_video,,,0
506038,2025-02-28,paid_social,prospecting_video,,,0
506039,2025-02-28,organic,,,,0
506040,2025-02-28,organic,,,,0
506041,2025-02-28,paid_social,prospecting_video,,,0
506042,2025-02-28,referral,,2025-03-01,annual,79.99
506043,2025-02-28,paid_social,retargeting,,,0
506044,2025-02-28,paid_social,retargeting,,,0
506045,2025-02-28,paid_social,retargeting,,,0
506046,2025-02-28,paid_social,prospecting_video,,,0
506047,2025-02-28,paid_social,prospecting_video,,,0
506048,2025-02-28,paid_social,prospecting_video,,,0
506049,2025-02-28,referral,,,,0
506050,2025-02-28,paid_social,prospecting_video,,,0
506051,2025-02-28,organic,,,,0
506052,2025-02-28,paid_social,prospecting_video,,,0
506053,2025-02-28,paid_social,prospecting_video,,,0
506054,2025-02-28,paid_social,prospecting_video,,,0
506055,2025-02-28,affiliate,finance_blogs,,,0
506056,2025-02-28,paid_social,prospecting_video,,,0
506057,2025-02-28,organic,,2025-03-01,monthly,29.97
506058,2025-02-28,paid_social,prospecting_video,,,0
506059,2025-02-28,referral,,2025-03-02,monthly,29.97
506060,2025-02-28,paid_search,generic_search,,,0
506061,2025-02-28,affiliate,finance_blogs,,,0
506062,2025-02-28,paid_search,brand_search,,,0
506063,2025-02-28,paid_social,retargeting,,,0
506064,2025-02-28,referral,,2025-03-01,monthly,9.99
506065,2025-02-28,organic,,,,0
506066,2025-02-28,paid_social,prospecting_video,,,0
506067,2025-02-28,paid_social,prospecting_video,,,0
506068,2025-02-28,affiliate,finance_blogs,,,0
506069,2025-02-28,paid_search,brand_search,,,0
506070,2025-02-28,organic,,,,0
506071,2025-02-28,paid_search,generic_search,,,0
506072,2025-02-28,paid_social,prospecting_video,,,0
506073,2025-02-28,paid_search,generic_search,,,0
506074,2025-02-28,paid_social,retargeting,,,0
506075,2025-02-28,paid_search,generic_search,2025-03-06,monthly,29.97
506076,2025-02-28,paid_social,prospecting_video,,,0
506077,2025-02-28,paid_social,prospecting_video,,,0
506078,2025-02-28,organic,,,,0
506079,2025-02-28,paid_social,prospecting_video,,,0
506080,2025-02-28,paid_social,prospecting_video,,,0
506081,2025-02-28,paid_social,prospecting_video,,,0
506082,2025-02-28,referral,,,,0
506083,2025-02-28,paid_search,generic_search,,,0
506084,2025-02-28,paid_social,prospecting_video,,,0
506085,2025-02-28,referral,,,,0
506086,2025-02-28,paid_social,prospecting_video,,,0
506087,2025-02-28,paid_social,prospecting_video,,,0
506088,2025-02-28,paid_search,generic_search,2025-03-02,annual,79.99
506089,2025-02-28,paid_social,prospecting_video,,,0
506090,2025-02-28,paid_social,prospecting_video,,,0
506091,2025-03-01,paid_search,generic_search,,,0
506092,2025-03-01,organic,,,,0
506093,2025-03-01,paid_social,retargeting,,,0
506094,2025-03-01,paid_social,prospecting_video,,,0
506095,2025-03-01,organic,,,,0
506096,2025-03-01,paid_social,prospecting_video,,,0
506097,2025-03-01,paid_social,prospecting_video,,,0
506098,2025-03-01,paid_search,brand_search,,,0
506099,2025-03-01,paid_search,brand_search,,,0
506100,2025-03-01,paid_social,prospecting_video,,,0
506101,2025-03-01,organic,,,,0
506102,2025-03-01,paid_social,prospecting_video,2025-03-08,monthly,29.97
506103,2025-03-01,paid_social,prospecting_video,,,0
506104,2025-03-01,paid_social,prospecting_video,,,0
506105,2025-03-01,referral,,,,0
506106,2025-03-01,affiliate,finance_blogs,,,0
506107,2025-03-01,referral,,2025-03-06,annual,79.99
506108,2025-03-01,organic,,,,0
506109,2025-03-01,affiliate,finance_blogs,2025-03-01,monthly,29.97
506110,2025-03-01,organic,,2025-03-03,annual,79.99
506111,2025-03-01,organic,,,,0
506112,2025-03-01,affiliate,finance_blogs,,,0
506113,2025-03-01,paid_social,prospecting_video,,,0
506114,2025-03-01,organic,,,,0
506115,2025-03-01,paid_social,retargeting,,,0
506116,2025-03-01,paid_social,prospecting_video,,,0
506117,2025-03-01,paid_social,retargeting,,,0
506118,2025-03-01,referral,,,,0
506119,2025-03-01,paid_social,prospecting_video,,,0
506120,2025-03-01,paid_search,generic_search,,,0
506121,2025-03-01,paid_search,generic_search,,,0
506122,2025-03-01,organic,,,,0
506123,2025-03-01,paid_social,retargeting,2025-03-04,annual,79.99
506124,2025-03-01,paid_social,prospecting_video,,,0
506125,2025-03-01,paid_search,generic_search,,,0
506126,2025-03-01,paid_search,generic_search,,,0
506127,2025-03-01,organic,,2025-03-04,annual,79.99
506128,2025-03-01,paid_social,retargeting,,,0
506129,2025-03-01,paid_social,retargeting,,,0
506130,2025-03-01,organic,,,,0
506131,2025-03-01,organic,,,,0
506132,2025-03-01,paid_social,prospecting_video,,,0
506133,2025-03-01,paid_social,prospecting_video,2025-03-02,annual,79.99
506134,2025-03-01,display,display_network,,,0
506135,2025-03-01,affiliate,finance_blogs,,,0
506136,2025-03-01,paid_social,prospecting_video,,,0
506137,2025-03-01,paid_search,brand_search,,,0
506138,2025-03-01,paid_social,prospecting_video,,,0
506139,2025-03-01,paid_social,retargeting,,,0
506140,2025-03-01,paid_social,prospecting_video,,,0
506141,2025-03-01,paid_social,prospecting_video,,,0
506142,2025-03-01,paid_social,prospecting_video,2025-03-14,monthly,29.97
506143,2025-03-01,paid_search,brand_search,,,0
506144,2025-03-01,organic,,,,0
506145,2025-03-01,organic,,,,0
506146,2025-03-01,paid_social,retargeting,,,0
506147,2025-03-01,paid_social,prospecting_video,,,0
506148,2025-03-01,affiliate,finance_blogs,,,0
506149,2025-03-01,organic,,,,0
506150,2025-03-01,paid_social,prospecting_video,,,0
506151,2025-03-01,affiliate,finance_blogs,,,0
506152,2025-03-01,organic,,,,0
506153,2025-03-01,paid_search,generic_search,,,0
506154,2025-03-01,paid_social,prospecting_video,,,0
506155,2025-03-01,paid_social,prospecting_video,,,0
506156,2025-03-01,paid_social,retargeting,,,0
506157,2025-03-01,paid_search,generic_search,,,0
506158,2025-03-01,paid_social,prospecting_video,,,0
506159,2025-03-01,paid_search,brand_search,,,0
506160,2025-03-01,paid_social,prospecting_video,,,0
506161,2025-03-01,organic,,,,0
506162,2025-03-01,paid_social,prospecting_video,,,0
506163,2025-03-01,paid_social,prospecting_video,,,0
506164,2025-03-01,paid_social,prospecting_video,,,0
506165,2025-03-01,paid_search,brand_search,,,0
506166,2025-03-01,paid_social,prospecting_video,,,0
506167,2025-03-01,display,display_network,,,0
506168,2025-03-01,paid_social,retargeting,2025-03-02,annual,79.99
506169,2025-03-01,referral,,2025-03-08,annual,79.99
506170,2025-03-01,organic,,,,0
506171,2025-03-01,paid_search,generic_search,2025-03-01,annual,79.99
506172,2025-03-01,referral,,,,0
506173,2025-03-01,paid_social,retargeting,,,0
506174,2025-03-01,paid_search,generic_search,,,0
506175,2025-03-01,organic,,,,0
506176,2025-03-01,paid_social,retargeting,,,0
506177,2025-03-01,paid_search,brand_search,2025-03-01,monthly,29.97
506178,2025-03-01,paid_social,prospecting_video,,,0
506179,2025-03-01,paid_search,brand_search,,,0
506180,2025-03-02,paid_search,generic_search,,,0
506181,2025-03-02,paid_social,prospecting_video,,,0
506182,2025-03-02,paid_search,brand_search,,,0
506183,2025-03-02,paid_search,brand_search,,,0
506184,2025-03-02,paid_search,generic_search,,,0
506185,2025-03-02,organic,,,,0
506186,2025-03-02,paid_social,prospecting_video,,,0
506187,2025-03-02,paid_search,generic_search,,,0
506188,2025-03-02,paid_social,retargeting,,,0
506189,2025-03-02,paid_search,brand_search,,,0
506190,2025-03-02,paid_search,brand_search,2025-03-07,monthly,29.97
506191,2025-03-02,paid_search,brand_search,2025-03-06,annual,79.99
506192,2025-03-02,referral,,,,0
506193,2025-03-02,organic,,,,0
506194,2025-03-02,paid_search,generic_search,,,0
506195,2025-03-02,paid_search,brand_search,,,0
506196,2025-03-02,referral,,,,0
506197,2025-03-02,paid_social,prospecting_video,,,0
506198,2025-03-02,paid_social,prospecting_video,,,0
506199,2025-03-02,display,display_network,,,0
506200,2025-03-02,organic,,,,0
506201,2025-03-02,paid_search,brand_search,2025-03-03,annual,79.99
506202,2025-03-02,referral,,2025-03-07,monthly,29.97
506203,2025-03-02,paid_search,generic_search,,,0
506204,2025-03-02,organic,,,,0
506205,2025-03-02,paid_social,retargeting,2025-03-02,monthly,19.98
506206,2025-03-02,organic,,,,0
506207,2025-03-02,referral,,,,0
506208,2025-03-02,paid_social,prospecting_video,,,0
506209,2025-03-02,organic,,,,0
506210,2025-03-02,paid_social,prospecting_video,,,0
506211,2025-03-02,paid_social,retargeting,2025-03-02,annual,79.99
506212,2025-03-02,paid_search,brand_search,,,0
506213,2025-03-02,referral,,,,0
506214,2025-03-02,paid_search,brand_search,,,0
506215,2025-03-02,paid_social,prospecting_video,,,0
506216,2025-03-02,paid_social,prospecting_video,,,0
506217,2025-03-02,organic,,,,0
506218,2025-03-02,paid_social,prospecting_video,,,0
506219,2025-03-02,referral,,,,0
506220,2025-03-02,paid_search,brand_search,,,0
506221,2025-03-02,paid_search,generic_search,,,0
506222,2025-03-02,paid_social,prospecting_video,,,0
506223,2025-03-02,referral,,,,0
506224,2025-03-02,organic,,,,0
506225,2025-03-02,paid_social,prospecting_video,,,0
506226,2025-03-02,referral,,,,0
506227,2025-03-02,organic,,,,0
506228,2025-03-02,paid_search,brand_search,,,0
506229,2025-03-02,paid_social,retargeting,2025-03-04,annual,79.99
506230,2025-03-02,paid_social,prospecting_video,,,0
506231,2025-03-02,organic,,,,0
506232,2025-03-02,paid_social,prospecting_video,,,0
506233,2025-03-02,paid_social,retargeting,,,0
506234,2025-03-02,paid_search,brand_search,,,0
506235,2025-03-02,paid_social,prospecting_video,,,0
506236,2025-03-02,paid_social,retargeting,,,0
506237,2025-03-02,organic,,,,0
506238,2025-03-02,affiliate,finance_blogs,,,0
506239,2025-03-02,paid_social,prospecting_video,2025-03-09,annual,79.99
506240,2025-03-02,affiliate,finance_blogs,,,0
506241,2025-03-02,paid_social,prospecting_video,,,0
506242,2025-03-02,organic,,,,0
506243,2025-03-02,referral,,,,0
506244,2025-03-02,referral,,,,0
506245,2025-03-02,paid_social,prospecting_video,,,0
506246,2025-03-02,paid_search,generic_search,2025-03-05,monthly,29.97
506247,2025-03-02,paid_social,prospecting_video,,,0
506248,2025-03-02,affiliate,finance_blogs,2025-03-04,monthly,29.97
506249,2025-03-02,paid_social,retargeting,,,0
506250,2025-03-02,organic,,,,0
506251,2025-03-02,paid_social,retargeting,2025-03-02,annual,79.99
506252,2025-03-02,paid_search,generic_search,,,0
506253,2025-03-02,referral,,,,0
506254,2025-03-02,paid_social,prospecting_video,,,0
506255,2025-03-02,organic,,,,0
506256,2025-03-02,organic,,,,0
506257,2025-03-02,organic,,,,0
506258,2025-03-02,paid_social,prospecting_video,,,0
506259,2025-03-02,paid_social,prospecting_video,,,0
506260,2025-03-02,paid_social,retargeting,,,0
506261,2025-03-02,paid_social,prospecting_video,,,0
506262,2025-03-02,organic,,,,0
506263,2025-03-02,referral,,,,0
506264,2025-03-02,paid_search,generic_search,2025-03-03,monthly,29.97
506265,2025-03-02,paid_social,retargeting,,,0
506266,2025-03-02,paid_social,retargeting,,,0
506267,2025-03-02,organic,,,,0
506268,2025-03-02,organic,,,,0
506269,2025-03-03,paid_social,prospecting_video,,,0
506270,2025-03-03,paid_search,generic_search,,,0
506271,2025-03-03,paid_social,prospecting_video,,,0
506272,2025-03-03,paid_social,retargeting,,,0
506273,2025-03-03,paid_social,prospecting_video,,,0
506274,2025-03-03,paid_social,prospecting_video,,,0
506275,2025-03-03,paid_social,prospecting_video,,,0
506276,2025-03-03,paid_search,generic_search,,,0
506277,2025-03-03,paid_search,brand_search,,,0
506278,2025-03-03,paid_social,retargeting,,,0
506279,2025-03-03,paid_social,prospecting_video,,,0
506280,2025-03-03,paid_social,retargeting,,,0
506281,2025-03-03,referral,,,,0
506282,2025-03-03,paid_social,prospecting_video,,,0
506283,2025-03-03,paid_social,prospecting_video,,,0
506284,2025-03-03,paid_social,prospecting_video,,,0
506285,2025-03-03,paid_social,prospecting_video,,,0
506286,2025-03-03,paid_search,brand_search,,,0
506287,2025-03-03,affiliate,finance_blogs,2025-03-03,monthly,19.98
506288,2025-03-03,paid_social,prospecting_video,,,0
506289,2025-03-03,paid_social,retargeting,,,0
506290,2025-03-03,paid_social,retargeting,,,0
506291,2025-03-03,affiliate,finance_blogs,,,0
506292,2025-03-03,organic,,,,0
506293,2025-03-03,paid_social,prospecting_video,,,0
506294,2025-03-03,paid_social,prospecting_video,,,0
506295,2025-03-03,paid_social,prospecting_video,,,0
506296,2025-03-03,paid_social,prospecting_video,,,0
506297,2025-03-03,paid_social,prospecting_video,,,0
506298,2025-03-03,affiliate,finance_blogs,,,0
506299,2025-03-03,paid_social,retargeting,,,0
506300,2025-03-03,paid_social,prospecting_video,,,0
506301,2025-03-03,paid_social,retargeting,2025-03-04,monthly,29.97
506302,2025-03-03,organic,,,,0
506303,2025-03-03,paid_social,prospecting_video,,,0
506304,2025-03-03,organic,,,,0
506305,2025-03-03,organic,,,,0
506306,2025-03-03,display,display_network,,,0
506307,2025-03-03,paid_social,retargeting,2025-03-16,monthly,29.97
506308,2025-03-03,paid_social,prospecting_video,,,0
506309,2025-03-03,paid_social,retargeting,,,0
506310,2025-03-03,display,display_network,,,0
506311,2025-03-03,display,display_network,,,0
506312,2025-03-03,paid_search,generic_search,,,0
506313,2025-03-03,paid_social,prospecting_video,,,0
506314,2025-03-03,paid_social,prospecting_video,,,0
506315,2025-03-03,paid_social,prospecting_video,,,0
506316,2025-03-03,organic,,,,0
506317,2025-03-03,paid_social,retargeting,,,0
506318,2025-03-03,organic,,2025-03-16,monthly,19.98
506319,2025-03-03,paid_social,retargeting,,,0
506320,2025-03-03,paid_search,brand_search,,,0
506321,2025-03-03,paid_search,brand_search,,,0
506322,2025-03-03,paid_social,prospecting_video,,,0
506323,2025-03-03,paid_social,prospecting_video,,,0
506324,2025-03-03,referral,,,,0
506325,2025-03-03,paid_social,prospecting_video,,,0
506326,2025-03-03,paid_social,prospecting_video,,,0
506327,2025-03-03,paid_social,prospecting_video,,,0
506328,2025-03-03,paid_search,brand_search,,,0
506329,2025-03-03,paid_social,retargeting,,,0
506330,2025-03-03,paid_social,prospecting_video,,,0
506331,2025-03-03,paid_social,retargeting,,,0
506332,2025-03-03,organic,,,,0
506333,2025-03-03,referral,,2025-03-04,monthly,29.97
506334,2025-03-03,paid_search,brand_search,,,0
506335,2025-03-03,display,display_network,,,0
506336,2025-03-03,organic,,,,0
506337,2025-03-03,paid_social,prospecting_video,,,0
506338,2025-03-03,paid_social,prospecting_video,,,0
506339,2025-03-03,paid_search,brand_search,,,0
506340,2025-03-03,organic,,,,0
506341,2025-03-03,paid_search,generic_search,2025-03-04,annual,79.99
506342,2025-03-03,paid_search,generic_search,,,0
506343,2025-03-03,paid_search,generic_search,,,0
506344,2025-03-03,paid_social,prospecting_video,,,0
506345,2025-03-03,paid_social,prospecting_video,,,0
506346,2025-03-03,paid_search,generic_search,,,0
506347,2025-03-03,paid_social,prospecting_video,,,0
506348,2025-03-03,affiliate,finance_blogs,,,0
506349,2025-03-03,paid_social,retargeting,,,0
506350,2025-03-03,organic,,,,0
506351,2025-03-03,paid_social,prospecting_video,,,0
506352,2025-03-03,paid_social,prospecting_video,,,0
506353,2025-03-03,paid_social,retargeting,2025-03-09,monthly,19.98
506354,2025-03-03,paid_social,prospecting_video,2025-03-09,annual,79.99
506355,2025-03-03,paid_social,prospecting_video,,,0
506356,2025-03-03,paid_search,generic_search,,,0
506357,2025-03-03,paid_social,prospecting_video,,,0
506358,2025-03-03,referral,,,,0
506359,2025-03-03,organic,,,,0
506360,2025-03-03,paid_search,brand_search,2025-03-05,monthly,29.97
506361,2025-03-03,organic,,,,0
506362,2025-03-03,paid_social,prospecting_video,,,0
506363,2025-03-03,paid_search,brand_search,2025-03-03,annual,79.99
506364,2025-03-03,paid_social,retargeting,,,0
506365,2025-03-03,paid_search,generic_search,,,0
506366,2025-03-03,paid_social,retargeting,,,0
506367,2025-03-03,organic,,,,0
506368,2025-03-03,affiliate,finance_blogs,2025-03-04,monthly,29.97
506369,2025-03-03,paid_social,prospecting_video,,,0
506370,2025-03-03,paid_search,generic_search,,,0
506371,2025-03-03,paid_social,prospecting_video,,,0
506372,2025-03-03,paid_search,generic_search,,,0
506373,2025-03-03,paid_search,brand_search,,,0
506374,2025-03-03,organic,,,,0
506375,2025-03-03,paid_social,prospecting_video,,,0
506376,2025-03-03,paid_social,prospecting_video,,,0
506377,2025-03-03,organic,,,,0
506378,2025-03-03,paid_social,prospecting_video,,,0
506379,2025-03-03,paid_social,retargeting,,,0
506380,2025-03-03,paid_social,prospecting_video,,,0
506381,2025-03-03,organic,,,,0
506382,2025-03-03,organic,,,,0
506383,2025-03-03,paid_search,brand_search,,,0
506384,2025-03-03,paid_search,brand_search,2025-03-04,annual,79.99
506385,2025-03-03,paid_search,generic_search,2025-03-03,monthly,29.97
506386,2025-03-03,organic,,,,0
506387,2025-03-03,paid_social,retargeting,,,0
506388,2025-03-03,paid_social,prospecting_video,,,0
506389,2025-03-03,paid_social,prospecting_video,,,0
506390,2025-03-03,referral,,2025-03-05,monthly,19.98
506391,2025-03-03,paid_social,retargeting,,,0
506392,2025-03-03,paid_social,prospecting_video,,,0
506393,2025-03-03,paid_search,brand_search,,,0
506394,2025-03-03,paid_social,prospecting_video,,,0
506395,2025-03-03,paid_social,prospecting_video,,,0
506396,2025-03-03,paid_social,prospecting_video,,,0
506397,2025-03-03,paid_social,prospecting_video,,,0
506398,2025-03-03,paid_search,brand_search,,,0
506399,2025-03-03,paid_social,prospecting_video,,,0
506400,2025-03-03,paid_social,retargeting,,,0
506401,2025-03-03,paid_search,brand_search,,,0
506402,2025-03-03,paid_social,retargeting,2025-03-04,annual,79.99
506403,2025-03-03,organic,,,,0
506404,2025-03-03,paid_social,prospecting_video,,,0
506405,2025-03-03,paid_social,prospecting_video,,,0
506406,2025-03-03,paid_social,prospecting_video,,,0
506407,2025-03-03,organic,,,,0
506408,2025-03-04,organic,,,,0
506409,2025-03-04,paid_search,generic_search,,,0
506410,2025-03-04,paid_social,prospecting_video,,,0
506411,2025-03-04,paid_search,generic_search,,,0
506412,2025-03-04,paid_social,retargeting,,,0
506413,2025-03-04,paid_search,brand_search,,,0
506414,2025-03-04,organic,,,,0
506415,2025-03-04,paid_search,brand_search,,,0
506416,2025-03-04,organic,,,,0
506417,2025-03-04,paid_social,prospecting_video,,,0
506418,2025-03-04,paid_search,generic_search,,,0
506419,2025-03-04,paid_search,generic_search,,,0
506420,2025-03-04,paid_social,prospecting_video,,,0
506421,2025-03-04,organic,,,,0
506422,2025-03-04,paid_social,prospecting_video,,,0
506423,2025-03-04,referral,,,,0
506424,2025-03-04,paid_social,retargeting,,,0
506425,2025-03-04,paid_social,prospecting_video,,,0
506426,2025-03-04,organic,,,,0
506427,2025-03-04,organic,,2025-03-09,annual,79.99
506428,2025-03-04,paid_social,prospecting_video,,,0
506429,2025-03-04,paid_search,generic_search,,,0
506430,2025-03-04,paid_social,prospecting_video,,,0
506431,2025-03-04,paid_social,prospecting_video,,,0
506432,2025-03-04,paid_search,generic_search,,,0
506433,2025-03-04,paid_social,prospecting_video,,,0
506434,2025-03-04,referral,,,,0
506435,2025-03-04,paid_social,prospecting_video,,,0
506436,2025-03-04,paid_social,retargeting,,,0
506437,2025-03-04,affiliate,finance_blogs,,,0
506438,2025-03-04,organic,,,,0
506439,2025-03-04,referral,,2025-03-04,monthly,29.97
506440,2025-03-04,affiliate,finance_blogs,,,0
506441,2025-03-04,paid_social,retargeting,,,0
506442,2025-03-04,paid_search,brand_search,,,0
506443,2025-03-04,paid_social,retargeting,2025-03-15,monthly,29.97
506444,2025-03-04,paid_social,prospecting_video,,,0
506445,2025-03-04,display,display_network,,,0
506446,2025-03-04,paid_search,generic_search,,,0
506447,2025-03-04,paid_social,retargeting,,,0
506448,2025-03-04,referral,,,,0
506449,2025-03-04,display,display_network,,,0
506450,2025-03-04,paid_social,prospecting_video,,,0
506451,2025-03-04,paid_search,generic_search,,,0
506452,2025-03-04,paid_social,prospecting_video,,,0
506453,2025-03-04,paid_social,prospecting_video,,,0
506454,2025-03-04,paid_search,brand_search,,,0
506455,2025-03-04,organic,,,,0
506456,2025-03-04,paid_social,prospecting_video,,,0
506457,2025-03-04,organic,,,,0
506458,2025-03-04,paid_social,prospecting_video,,,0
506459,2025-03-04,paid_social,prospecting_video,,,0
506460,2025-03-04,paid_search,brand_search,,,0
506461,2025-03-04,referral,,,,0
506462,2025-03-04,paid_social,prospecting_video,,,0
506463,2025-03-04,paid_social,prospecting_video,,,0
506464,2025-03-04,paid_search,generic_search,,,0
506465,2025-03-04,paid_social,prospecting_video,,,0
506466,2025-03-04,paid_social,prospecting_video,,,0
506467,2025-03-04,paid_social,prospecting_video,2025-03-08,monthly,29.97
506468,2025-03-04,organic,,2025-03-08,monthly,19.98
506469,2025-03-04,paid_social,prospecting_video,,,0
506470,2025-03-04,paid_social,prospecting_video,,,0
506471,2025-03-04,paid_social,prospecting_video,,,0
506472,2025-03-04,paid_search,generic_search,2025-03-04,monthly,19.98
506473,2025-03-04,paid_social,prospecting_video,,,0
506474,2025-03-04,paid_social,prospecting_video,,,0
506475,2025-03-04,paid_search,generic_search,,,0
506476,2025-03-04,paid_social,prospecting_video,,,0
506477,2025-03-04,organic,,,,0
506478,2025-03-04,paid_social,prospecting_video,,,0
506479,2025-03-04,paid_social,prospecting_video,,,0
506480,2025-03-04,paid_social,prospecting_video,,,0
506481,2025-03-04,paid_social,prospecting_video,,,0
506482,2025-03-04,paid_search,generic_search,,,0
506483,2025-03-04,paid_social,prospecting_video,2025-03-07,monthly,29.97
506484,2025-03-04,paid_social,retargeting,,,0
506485,2025-03-04,display,display_network,,,0
506486,2025-03-04,affiliate,finance_blogs,,,0
506487,2025-03-04,paid_social,retargeting,,,0
506488,2025-03-04,affiliate,finance_blogs,,,0
506489,2025-03-04,paid_social,prospecting_video,,,0
506490,2025-03-04,paid_social,retargeting,,,0
506491,2025-03-04,paid_social,prospecting_video,,,0
506492,2025-03-04,referral,,,,0
506493,2025-03-04,paid_social,prospecting_video,,,0
506494,2025-03-04,referral,,,,0
506495,2025-03-05,paid_search,generic_search,,,0
506496,2025-03-05,affiliate,finance_blogs,2025-03-05,monthly,29.97
506497,2025-03-05,paid_social,prospecting_video,,,0
506498,2025-03-05,paid_search,brand_search,,,0
506499,2025-03-05,organic,,2025-03-06,monthly,19.98
506500,2025-03-05,paid_social,prospecting_video,,,0
506501,2025-03-05,paid_search,generic_search,2025-03-14,monthly,9.99
506502,2025-03-05,paid_search,brand_search,2025-03-05,annual,79.99
506503,2025-03-05,organic,,,,0
506504,2025-03-05,paid_search,brand_search,,,0
506505,2025-03-05,paid_search,brand_search,2025-03-05,monthly,19.98
506506,2025-03-05,organic,,,,0
506507,2025-03-05,paid_search,brand_search,,,0
506508,2025-03-05,paid_search,brand_search,,,0
506509,2025-03-05,paid_search,generic_search,,,0
506510,2025-03-05,paid_social,prospecting_video,,,0
506511,2025-03-05,paid_social,prospecting_video,,,0
506512,2025-03-05,referral,,,,0
506513,2025-03-05,paid_social,prospecting_video,,,0
506514,2025-03-05,organic,,,,0
506515,2025-03-05,paid_social,prospecting_video,,,0
506516,2025-03-05,paid_search,generic_search,,,0
506517,2025-03-05,affiliate,finance_blogs,2025-03-06,monthly,29.97
506518,2025-03-05,organic,,,,0
506519,2025-03-05,affiliate,finance_blogs,,,0
506520,2025-03-05,referral,,,,0
506521,2025-03-05,paid_search,brand_search,,,0
506522,2025-03-05,paid_social,prospecting_video,,,0
506523,2025-03-05,organic,,,,0
506524,2025-03-05,paid_social,prospecting_video,,,0
506525,2025-03-05,organic,,2025-03-07,monthly,9.99
506526,2025-03-05,organic,,,,0
506527,2025-03-05,paid_social,prospecting_video,,,0
506528,2025-03-05,paid_search,brand_search,,,0
506529,2025-03-05,affiliate,finance_blogs,,,0
506530,2025-03-05,organic,,,,0
506531,2025-03-05,paid_search,brand_search,2025-03-07,monthly,29.97
506532,2025-03-05,affiliate,finance_blogs,,,0
506533,2025-03-05,organic,,,,0
506534,2025-03-05,paid_social,prospecting_video,,,0
506535,2025-03-05,organic,,,,0
506536,2025-03-05,paid_social,prospecting_video,,,0
506537,2025-03-05,paid_social,prospecting_video,,,0
506538,2025-03-05,organic,,,,0
506539,2025-03-05,affiliate,finance_blogs,,,0
506540,2025-03-05,referral,,,,0
506541,2025-03-05,paid_search,generic_search,,,0
506542,2025-03-05,paid_social,prospecting_video,,,0
506543,2025-03-05,paid_social,prospecting_video,,,0
506544,2025-03-05,paid_search,generic_search,,,0
506545,2025-03-05,paid_search,generic_search,,,0
506546,2025-03-05,paid_social,prospecting_video,,,0
506547,2025-03-05,organic,,,,0
506548,2025-03-05,organic,,,,0
506549,2025-03-05,paid_social,prospecting_video,,,0
506550,2025-03-05,organic,,,,0
506551,2025-03-05,paid_social,prospecting_video,,,0
506552,2025-03-05,referral,,,,0
506553,2025-03-05,paid_social,prospecting_video,,,0
506554,2025-03-05,paid_search,brand_search,2025-03-05,annual,79.99
506555,2025-03-05,paid_social,prospecting_video,,,0
506556,2025-03-05,paid_social,prospecting_video,,,0
506557,2025-03-05,paid_social,prospecting_video,,,0
506558,2025-03-05,referral,,,,0
506559,2025-03-05,paid_search,generic_search,,,0
506560,2025-03-05,paid_search,generic_search,,,0
506561,2025-03-05,paid_search,generic_search,,,0
506562,2025-03-05,paid_social,prospecting_video,,,0
506563,2025-03-05,referral,,2025-03-08,annual,79.99
506564,2025-03-05,paid_search,generic_search,,,0
506565,2025-03-05,paid_social,retargeting,,,0
506566,2025-03-05,paid_social,retargeting,,,0
506567,2025-03-05,organic,,,,0
506568,2025-03-05,paid_social,prospecting_video,,,0
506569,2025-03-05,paid_social,retargeting,,,0
506570,2025-03-05,paid_social,retargeting,,,0
506571,2025-03-05,affiliate,finance_blogs,,,0
506572,2025-03-05,paid_social,prospecting_video,,,0
506573,2025-03-05,organic,,,,0
506574,2025-03-05,paid_social,prospecting_video,,,0
506575,2025-03-05,organic,,,,0
506576,2025-03-05,organic,,,,0
506577,2025-03-05,organic,,,,0
506578,2025-03-05,paid_social,prospecting_video,,,0
506579,2025-03-05,paid_social,prospecting_video,,,0
506580,2025-03-05,referral,,,,0
506581,2025-03-05,paid_social,prospecting_video,,,0
506582,2025-03-05,paid_search,brand_search,,,0
506583,2025-03-06,paid_social,prospecting_video,,,0
506584,2025-03-06,referral,,,,0
506585,2025-03-06,paid_social,prospecting_video,2025-03-10,annual,79.99
506586,2025-03-06,paid_search,brand_search,2025-03-10,annual,79.99
506587,2025-03-06,organic,,,,0
506588,2025-03-06,paid_social,prospecting_video,,,0
506589,2025-03-06,paid_social,retargeting,2025-03-09,monthly,29.97
506590,2025-03-06,organic,,,,0
506591,2025-03-06,paid_social,prospecting_video,,,0
506592,2025-03-06,paid_search,brand_search,,,0
506593,2025-03-06,paid_social,prospecting_video,,,0
506594,2025-03-06,organic,,,,0
506595,2025-03-06,paid_social,prospecting_video,,,0
506596,2025-03-06,paid_social,retargeting,,,0
506597,2025-03-06,affiliate,finance_blogs,2025-03-14,monthly,29.97
506598,2025-03-06,paid_social,prospecting_video,,,0
506599,2025-03-06,paid_social,retargeting,,,0
506600,2025-03-06,display,display_network,,,0
506601,2025-03-06,organic,,,,0
506602,2025-03-06,paid_social,prospecting_video,,,0
506603,2025-03-06,paid_search,brand_search,,,0
506604,2025-03-06,paid_search,brand_search,,,0
506605,2025-03-06,paid_social,prospecting_video,,,0
506606,2025-03-06,paid_social,prospecting_video,,,0
506607,2025-03-06,paid_social,prospecting_video,,,0
506608,2025-03-06,paid_social,retargeting,,,0
506609,2025-03-06,paid_social,prospecting_video,,,0
506610,2025-03-06,paid_social,retargeting,,,0
506611,2025-03-06,paid_social,prospecting_video,,,0
506612,2025-03-06,paid_social,retargeting,,,0
506613,2025-03-06,paid_social,retargeting,2025-03-07,annual,79.99
506614,2025-03-06,paid_social,prospecting_video,,,0
506615,2025-03-06,paid_social,prospecting_video,,,0
506616,2025-03-06,paid_social,prospecting_video,,,0
506617,2025-03-06,paid_search,brand_search,,,0
506618,2025-03-06,paid_social,prospecting_video,,,0
506619,2025-03-06,referral,,,,0
506620,2025-03-06,paid_social,prospecting_video,,,0
506621,2025-03-06,paid_search,generic_search,,,0
506622,2025-03-06,organic,,,,0
506623,2025-03-06,paid_social,prospecting_video,,,0
506624,2025-03-06,paid_search,generic_search,2025-03-06,monthly,9.99
506625,2025-03-06,organic,,,,0
506626,2025-03-06,paid_social,prospecting_video,,,0
506627,2025-03-06,affiliate,finance_blogs,2025-03-19,annual,79.99
506628,2025-03-06,paid_social,prospecting_video,,,0
506629,2025-03-06,organic,,2025-03-07,monthly,29.97
506630,2025-03-06,paid_search,brand_search,,,0
506631,2025-03-06,paid_search,generic_search,2025-03-06,monthly,29.97
506632,2025-03-06,paid_social,prospecting_video,2025-03-06,annual,79.99
506633,2025-03-06,paid_search,generic_search,,,0
506634,2025-03-06,organic,,,,0
506635,2025-03-06,paid_search,generic_search,2025-03-07,monthly,29.97
506636,2025-03-06,paid_search,brand_search,,,0
506637,2025-03-06,paid_social,retargeting,,,0
506638,2025-03-06,paid_social,prospecting_video,,,0
506639,2025-03-06,paid_search,generic_search,,,0
506640,2025-03-06,paid_social,prospecting_video,,,0
506641,2025-03-06,organic,,,,0
506642,2025-03-06,paid_search,brand_search,,,0
506643,2025-03-06,affiliate,finance_blogs,,,0
506644,2025-03-06,affiliate,finance_blogs,,,0
506645,2025-03-06,paid_social,retargeting,,,0
506646,2025-03-06,affiliate,finance_blogs,,,0
506647,2025-03-06,organic,,2025-03-06,annual,79.99
506648,2025-03-06,paid_social,prospecting_video,,,0
506649,2025-03-06,paid_search,generic_search,,,0
506650,2025-03-06,paid_search,brand_search,,,0
506651,2025-03-06,referral,,,,0
506652,2025-03-06,paid_social,prospecting_video,,,0
506653,2025-03-06,organic,,,,0
506654,2025-03-06,paid_social,prospecting_video,,,0
506655,2025-03-06,display,display_network,,,0
506656,2025-03-06,affiliate,finance_blogs,,,0
506657,2025-03-06,paid_social,retargeting,,,0
506658,2025-03-06,organic,,,,0
506659,2025-03-06,paid_social,prospecting_video,,,0
506660,2025-03-06,paid_social,prospecting_video,,,0
506661,2025-03-06,paid_social,prospecting_video,,,0
506662,2025-03-06,paid_search,brand_search,2025-03-09,monthly,29.97
506663,2025-03-06,paid_social,prospecting_video,,,0
506664,2025-03-06,paid_social,prospecting_video,,,0
506665,2025-03-06,paid_social,prospecting_video,,,0
506666,2025-03-06,referral,,2025-03-09,monthly,19.98
506667,2025-03-06,paid_search,brand_search,,,0
506668,2025-03-06,paid_search,generic_search,,,0
506669,2025-03-06,paid_social,retargeting,,,0
506670,2025-03-06,paid_search,generic_search,2025-03-06,annual,79.99
506671,2025-03-06,paid_social,retargeting,,,0
506672,2025-03-06,referral,,,,0
506673,2025-03-06,paid_search,generic_search,,,0
506674,2025-03-06,organic,,,,0
506675,2025-03-06,paid_social,prospecting_video,,,0
506676,2025-03-06,paid_social,retargeting,,,0
506677,2025-03-06,paid_social,prospecting_video,,,0
506678,2025-03-06,referral,,,,0
506679,2025-03-06,paid_social,prospecting_video,,,0
506680,2025-03-06,organic,,,,0
506681,2025-03-06,paid_search,brand_search,,,0
506682,2025-03-06,paid_search,generic_search,,,0
506683,2025-03-06,paid_social,prospecting_video,,,0
506684,2025-03-06,paid_social,prospecting_video,,,0
506685,2025-03-06,paid_social,prospecting_video,,,0
506686,2025-03-06,affiliate,finance_blogs,,,0
506687,2025-03-06,organic,,,,0
506688,2025-03-06,paid_social,prospecting_video,,,0
506689,2025-03-06,paid_social,prospecting_video,,,0
506690,2025-03-06,paid_search,generic_search,2025-03-18,monthly,9.99
506691,2025-03-06,paid_social,prospecting_video,,,0
506692,2025-03-06,paid_search,generic_search,2025-03-07,annual,79.99
506693,2025-03-06,paid_social,prospecting_video,,,0
506694,2025-03-06,paid_social,prospecting_video,,,0
506695,2025-03-06,paid_search,generic_search,,,0
506696,2025-03-06,organic,,,,0
506697,2025-03-07,display,display_network,,,0
506698,2025-03-07,paid_search,generic_search,,,0
506699,2025-03-07,paid_social,prospecting_video,,,0
506700,2025-03-07,organic,,,,0
506701,2025-03-07,paid_social,prospecting_video,,,0
506702,2025-03-07,paid_social,prospecting_video,,,0
506703,2025-03-07,paid_search,generic_search,,,0
506704,2025-03-07,referral,,,,0
506705,2025-03-07,paid_social,prospecting_video,,,0
506706,2025-03-07,paid_social,prospecting_video,,,0
506707,2025-03-07,paid_social,prospecting_video,,,0
506708,2025-03-07,paid_search,brand_search,,,0
506709,2025-03-07,paid_search,generic_search,,,0
506710,2025-03-07,paid_social,prospecting_video,,,0
506711,2025-03-07,paid_social,retargeting,,,0
506712,2025-03-07,paid_search,generic_search,,,0
506713,2025-03-07,paid_search,generic_search,,,0
506714,2025-03-07,paid_social,prospecting_video,,,0
506715,2025-03-07,affiliate,finance_blogs,,,0
506716,2025-03-07,paid_social,retargeting,2025-03-09,annual,79.99
506717,2025-03-07,paid_search,brand_search,,,0
506718,2025-03-07,paid_search,brand_search,,,0
506719,2025-03-07,paid_social,prospecting_video,,,0
506720,2025-03-07,paid_social,prospecting_video,,,0
506721,2025-03-07,paid_search,brand_search,,,0
506722,2025-03-07,paid_search,generic_search,,,0
506723,2025-03-07,paid_social,prospecting_video,,,0
506724,2025-03-07,paid_search,generic_search,,,0
506725,2025-03-07,referral,,,,0
506726,2025-03-07,paid_social,prospecting_video,,,0
506727,2025-03-07,paid_search,brand_search,,,0
506728,2025-03-07,paid_search,generic_search,,,0
506729,2025-03-07,organic,,,,0
506730,2025-03-07,organic,,,,0
506731,2025-03-07,affiliate,finance_blogs,2025-03-07,monthly,29.97
506732,2025-03-07,paid_social,prospecting_video,,,0
506733,2025-03-07,paid_social,prospecting_video,,,0
506734,2025-03-07,organic,,,,0
506735,2025-03-07,paid_social,retargeting,,,0
506736,2025-03-07,display,display_network,,,0
506737,2025-03-07,paid_search,generic_search,,,0
506738,2025-03-07,paid_search,brand_search,2025-03-16,monthly,29.97
506739,2025-03-07,paid_social,prospecting_video,,,0
506740,2025-03-07,paid_search,brand_search,,,0
506741,2025-03-07,paid_search,brand_search,2025-03-16,annual,79.99
506742,2025-03-07,paid_social,retargeting,,,0
506743,2025-03-07,paid_social,retargeting,2025-03-08,monthly,29.97
506744,2025-03-07,paid_social,prospecting_video,,,0
506745,2025-03-07,paid_search,brand_search,,,0
506746,2025-03-07,paid_search,generic_search,,,0
506747,2025-03-07,paid_social,prospecting_video,,,0
506748,2025-03-07,paid_social,retargeting,,,0
506749,2025-03-07,paid_social,prospecting_video,,,0
506750,2025-03-07,paid_social,prospecting_video,,,0
506751,2025-03-07,paid_search,brand_search,,,0
506752,2025-03-07,paid_search,brand_search,,,0
506753,2025-03-07,paid_search,brand_search,,,0
506754,2025-03-07,paid_social,retargeting,2025-03-11,annual,79.99
506755,2025-03-07,paid_social,retargeting,2025-03-07,monthly,29.97
506756,2025-03-07,paid_social,prospecting_video,,,0
506757,2025-03-07,paid_social,retargeting,,,0
506758,2025-03-07,organic,,,,0
506759,2025-03-07,affiliate,finance_blogs,,,0
506760,2025-03-07,paid_social,prospecting_video,,,0
506761,2025-03-07,paid_social,prospecting_video,,,0
506762,2025-03-07,paid_social,retargeting,,,0
506763,2025-03-07,paid_social,retargeting,,,0
506764,2025-03-07,paid_search,generic_search,,,0
506765,2025-03-07,paid_social,retargeting,2025-03-07,annual,79.99
506766,2025-03-07,paid_social,retargeting,,,0
506767,2025-03-07,paid_social,prospecting_video,,,0
506768,2025-03-07,paid_social,prospecting_video,,,0
506769,2025-03-07,paid_search,generic_search,,,0
506770,2025-03-07,paid_search,generic_search,,,0
506771,2025-03-07,paid_search,generic_search,,,0
506772,2025-03-07,referral,,,,0
506773,2025-03-07,paid_social,retargeting,2025-03-11,annual,79.99
506774,2025-03-07,organic,,,,0
506775,2025-03-07,organic,,,,0
506776,2025-03-07,referral,,,,0
506777,2025-03-07,paid_search,brand_search,2025-03-12,monthly,29.97
506778,2025-03-07,paid_social,prospecting_video,,,0
506779,2025-03-07,affiliate,finance_blogs,,,0
506780,2025-03-07,paid_search,generic_search,,,0
506781,2025-03-07,paid_search,brand_search,,,0
506782,2025-03-07,paid_social,retargeting,,,0
506783,2025-03-07,organic,,,,0
506784,2025-03-07,paid_search,brand_search,,,0
506785,2025-03-07,paid_social,prospecting_video,,,0
506786,2025-03-07,paid_search,brand_search,,,0
506787,2025-03-07,paid_search,brand_search,,,0
506788,2025-03-07,paid_search,brand_search,,,0
506789,2025-03-07,organic,,2025-03-20,annual,79.99
506790,2025-03-07,paid_search,brand_search,,,0
506791,2025-03-07,referral,,,,0
506792,2025-03-07,paid_search,brand_search,2025-03-11,monthly,29.97
506793,2025-03-07,paid_social,prospecting_video,,,0
506794,2025-03-07,paid_social,prospecting_video,,,0
506795,2025-03-07,paid_social,prospecting_video,,,0
506796,2025-03-07,referral,,,,0
506797,2025-03-08,paid_social,prospecting_video,,,0
506798,2025-03-08,paid_social,prospecting_video,,,0
506799,2025-03-08,paid_social,prospecting_video,,,0
506800,2025-03-08,organic,,,,0
506801,2025-03-08,paid_search,generic_search,,,0
506802,2025-03-08,paid_search,generic_search,,,0
506803,2025-03-08,organic,,2025-03-14,monthly,19.98
506804,2025-03-08,organic,,,,0
506805,2025-03-08,organic,,,,0
506806,2025-03-08,organic,,,,0
506807,2025-03-08,paid_social,prospecting_video,,,0
506808,2025-03-08,organic,,,,0
506809,2025-03-08,paid_social,prospecting_video,,,0
506810,2025-03-08,affiliate,finance_blogs,,,0
506811,2025-03-08,organic,,2025-03-09,annual,79.99
506812,2025-03-08,paid_social,prospecting_video,,,0
506813,2025-03-08,display,display_network,,,0
506814,2025-03-08,paid_search,generic_search,2025-03-10,monthly,29.97
506815,2025-03-08,organic,,,,0
506816,2025-03-08,organic,,,,0
506817,2025-03-08,referral,,,,0
506818,2025-03-08,referral,,2025-03-10,monthly,29.97
506819,2025-03-08,paid_search,brand_search,2025-03-13,monthly,19.98
506820,2025-03-08,paid_search,generic_search,2025-03-11,monthly,9.99
506821,2025-03-08,paid_social,prospecting_video,,,0
506822,2025-03-08,paid_social,prospecting_video,,,0
506823,2025-03-08,paid_search,generic_search,,,0
506824,2025-03-08,referral,,2025-03-13,monthly,29.97
506825,2025-03-08,paid_search,brand_search,,,0
506826,2025-03-08,paid_social,prospecting_video,,,0
506827,2025-03-08,organic,,,,0
506828,2025-03-08,organic,,,,0
506829,2025-03-08,paid_search,brand_search,2025-03-11,monthly,29.97
506830,2025-03-08,organic,,2025-03-09,monthly,29.97
506831,2025-03-08,referral,,,,0
506832,2025-03-08,paid_search,brand_search,,,0
506833,2025-03-08,organic,,,,0
506834,2025-03-08,organic,,,,0
506835,2025-03-08,organic,,,,0
506836,2025-03-08,paid_search,generic_search,,,0
506837,2025-03-08,organic,,,,0
506838,2025-03-08,display,display_network,,,0
506839,2025-03-08,paid_search,brand_search,2025-03-09,annual,79.99
506840,2025-03-08,paid_social,retargeting,,,0
506841,2025-03-08,paid_search,brand_search,,,0
506842,2025-03-08,organic,,,,0
506843,2025-03-08,paid_search,brand_search,,,0
506844,2025-03-08,organic,,,,0
506845,2025-03-08,referral,,,,0
506846,2025-03-08,organic,,,,0
506847,2025-03-08,organic,,,,0
506848,2025-03-08,paid_social,prospecting_video,,,0
506849,2025-03-08,paid_social,prospecting_video,,,0
506850,2025-03-08,paid_social,prospecting_video,,,0
506851,2025-03-08,paid_social,prospecting_video,,,0
506852,2025-03-08,paid_social,prospecting_video,,,0
506853,2025-03-08,paid_search,brand_search,,,0
506854,2025-03-08,paid_social,prospecting_video,,,0
506855,2025-03-08,organic,,,,0
506856,2025-03-08,organic,,,,0
506857,2025-03-08,organic,,,,0
506858,2025-03-08,display,display_network,,,0
506859,2025-03-08,paid_social,retargeting,,,0
506860,2025-03-08,affiliate,finance_blogs,,,0
506861,2025-03-08,paid_social,prospecting_video,,,0
506862,2025-03-08,organic,,,,0
506863,2025-03-08,paid_social,prospecting_video,,,0
506864,2025-03-08,paid_search,generic_search,,,0
506865,2025-03-08,paid_social,retargeting,,,0
506866,2025-03-08,paid_search,brand_search,,,0
506867,2025-03-08,paid_search,generic_search,,,0
506868,2025-03-08,paid_social,prospecting_video,,,0
506869,2025-03-08,paid_social,prospecting_video,,,0
506870,2025-03-08,paid_search,brand_search,2025-03-13,monthly,29.97
506871,2025-03-08,paid_search,generic_search,2025-03-08,monthly,19.98
506872,2025-03-08,paid_social,prospecting_video,,,0
506873,2025-03-08,paid_social,prospecting_video,,,0
506874,2025-03-08,paid_search,brand_search,,,0
506875,2025-03-08,organic,,,,0
506876,2025-03-08,paid_social,prospecting_video,,,0
506877,2025-03-08,paid_social,prospecting_video,,,0
506878,2025-03-08,paid_social,prospecting_video,,,0
506879,2025-03-08,paid_search,generic_search,,,0
506880,2025-03-09,paid_social,prospecting_video,,,0
506881,2025-03-09,paid_social,retargeting,,,0
506882,2025-03-09,paid_social,prospecting_video,,,0
506883,2025-03-09,organic,,2025-03-12,monthly,29.97
506884,2025-03-09,referral,,,,0
506885,2025-03-09,paid_social,retargeting,,,0
506886,2025-03-09,paid_search,brand_search,,,0
506887,2025-03-09,affiliate,finance_blogs,2025-03-13,monthly,29.97
506888,2025-03-09,paid_social,prospecting_video,,,0
506889,2025-03-09,paid_social,prospecting_video,,,0
506890,2025-03-09,paid_social,retargeting,,,0
506891,2025-03-09,affiliate,finance_blogs,,,0
506892,2025-03-09,organic,,,,0
506893,2025-03-09,paid_social,prospecting_video,,,0
506894,2025-03-09,organic,,,,0
506895,2025-03-09,paid_social,prospecting_video,,,0
506896,2025-03-09,organic,,,,0
506897,2025-03-09,organic,,,,0
506898,2025-03-09,organic,,,,0
506899,2025-03-09,paid_search,brand_search,,,0
506900,2025-03-09,paid_search,brand_search,2025-03-10,monthly,29.97
506901,2025-03-09,paid_social,retargeting,,,0
506902,2025-03-09,organic,,,,0
506903,2025-03-09,organic,,,,0
506904,2025-03-09,paid_social,prospecting_video,,,0
506905,2025-03-09,affiliate,finance_blogs,,,0
506906,2025-03-09,paid_social,prospecting_video,,,0
506907,2025-03-09,paid_search,brand_search,2025-03-13,monthly,19.98
506908,2025-03-09,paid_social,prospecting_video,,,0
506909,2025-03-09,paid_social,retargeting,,,0
506910,2025-03-09,paid_social,retargeting,,,0
506911,2025-03-09,paid_social,retargeting,,,0
506912,2025-03-09,paid_search,brand_search,,,0
506913,2025-03-09,paid_social,retargeting,2025-03-10,monthly,29.97
506914,2025-03-09,organic,,,,0
506915,2025-03-09,paid_social,prospecting_video,,,0
506916,2025-03-09,organic,,2025-03-12,monthly,29.97
506917,2025-03-09,paid_social,retargeting,,,0
506918,2025-03-09,paid_search,generic_search,,,0
506919,2025-03-09,paid_search,brand_search,,,0
506920,2025-03-09,organic,,2025-03-10,monthly,9.99
506921,2025-03-09,paid_social,prospecting_video,,,0
506922,2025-03-09,paid_social,prospecting_video,,,0
506923,2025-03-09,organic,,,,0
506924,2025-03-09,paid_social,retargeting,,,0
506925,2025-03-09,organic,,,,0
506926,2025-03-09,organic,,,,0
506927,2025-03-09,paid_social,retargeting,2025-03-13,monthly,29.97
506928,2025-03-09,paid_search,generic_search,,,0
506929,2025-03-09,paid_social,prospecting_video,,,0
506930,2025-03-09,paid_social,prospecting_video,,,0
506931,2025-03-09,paid_social,prospecting_video,,,0
506932,2025-03-09,affiliate,finance_blogs,,,0
506933,2025-03-09,paid_social,prospecting_video,,,0
506934,2025-03-09,paid_social,prospecting_video,,,0
506935,2025-03-09,paid_social,prospecting_video,,,0
506936,2025-03-09,paid_social,retargeting,,,0
506937,2025-03-09,paid_social,prospecting_video,2025-03-09,annual,79.99
506938,2025-03-09,paid_social,prospecting_video,2025-03-15,monthly,29.97
506939,2025-03-09,paid_social,retargeting,,,0
506940,2025-03-09,paid_social,prospecting_video,,,0
506941,2025-03-09,paid_social,prospecting_video,,,0
506942,2025-03-09,organic,,,,0
506943,2025-03-09,organic,,,,0
506944,2025-03-09,paid_social,prospecting_video,,,0
506945,2025-03-09,paid_social,prospecting_video,,,0
506946,2025-03-09,affiliate,finance_blogs,,,0
506947,2025-03-09,organic,,,,0
506948,2025-03-09,paid_social,prospecting_video,,,0
506949,2025-03-09,affiliate,finance_blogs,2025-03-14,annual,79.99
506950,2025-03-09,paid_social,retargeting,,,0
506951,2025-03-09,paid_search,generic_search,,,0
506952,2025-03-09,organic,,2025-03-10,monthly,19.98
506953,2025-03-09,paid_social,prospecting_video,,,0
506954,2025-03-09,organic,,,,0
506955,2025-03-09,paid_social,retargeting,,,0
506956,2025-03-09,paid_search,brand_search,,,0
506957,2025-03-09,paid_social,retargeting,2025-03-11,monthly,29.97
506958,2025-03-09,organic,,,,0
506959,2025-03-09,organic,,,,0
506960,2025-03-09,display,display_network,,,0
506961,2025-03-09,paid_social,prospecting_video,,,0
506962,2025-03-09,organic,,,,0
506963,2025-03-09,paid_social,prospecting_video,,,0
506964,2025-03-09,paid_search,brand_search,,,0
506965,2025-03-09,paid_search,brand_search,,,0
506966,2025-03-09,paid_search,generic_search,2025-03-17,annual,79.99
506967,2025-03-09,paid_social,prospecting_video,,,0
506968,2025-03-09,paid_social,prospecting_video,,,0
506969,2025-03-09,paid_social,prospecting_video,,,0
506970,2025-03-09,paid_social,prospecting_video,,,0
506971,2025-03-09,paid_search,generic_search,,,0
506972,2025-03-09,paid_search,generic_search,2025-03-13,monthly,29.97
506973,2025-03-09,paid_social,prospecting_video,,,0
506974,2025-03-09,organic,,,,0
506975,2025-03-09,paid_social,prospecting_video,,,0
506976,2025-03-09,paid_social,prospecting_video,,,0
506977,2025-03-09,paid_search,brand_search,,,0
506978,2025-03-09,paid_social,retargeting,,,0
506979,2025-03-09,paid_social,prospecting_video,,,0
506980,2025-03-09,organic,,,,0
506981,2025-03-09,paid_social,prospecting_video,,,0
506982,2025-03-10,paid_social,prospecting_video,,,0
506983,2025-03-10,referral,,,,0
506984,2025-03-10,paid_social,prospecting_video,,,0
506985,2025-03-10,paid_social,prospecting_video,,,0
506986,2025-03-10,paid_social,prospecting_video,,,0
506987,2025-03-10,paid_search,brand_search,,,0
506988,2025-03-10,paid_social,prospecting_video,,,0
506989,2025-03-10,paid_social,prospecting_video,,,0
506990,2025-03-10,paid_search,brand_search,,,0
506991,2025-03-10,paid_search,brand_search,,,0
506992,2025-03-10,paid_social,retargeting,,,0
506993,2025-03-10,referral,,,,0
506994,2025-03-10,paid_social,prospecting_video,,,0
506995,2025-03-10,affiliate,finance_blogs,,,0
506996,2025-03-10,paid_search,brand_search,,,0
506997,2025-03-10,paid_search,brand_search,,,0
506998,2025-03-10,paid_social,prospecting_video,,,0
506999,2025-03-10,paid_search,generic_search,,,0
507000,2025-03-10,paid_search,generic_search,2025-03-15,monthly,29.97
507001,2025-03-10,paid_social,retargeting,,,0
507002,2025-03-10,organic,,,,0
507003,2025-03-10,paid_social,prospecting_video,,,0
507004,2025-03-10,paid_social,prospecting_video,,,0
507005,2025-03-10,paid_social,prospecting_video,,,0
507006,2025-03-10,paid_search,generic_search,2025-03-11,monthly,29.97
507007,2025-03-10,paid_social,prospecting_video,,,0
507008,2025-03-10,paid_social,retargeting,2025-03-12,annual,79.99
507009,2025-03-10,display,display_network,,,0
507010,2025-03-10,organic,,,,0
507011,2025-03-10,paid_search,generic_search,2025-03-18,monthly,29.97
507012,2025-03-10,paid_social,prospecting_video,,,0
507013,2025-03-10,paid_social,prospecting_video,,,0
507014,2025-03-10,paid_social,prospecting_video,,,0
507015,2025-03-10,paid_social,prospecting_video,,,0
507016,2025-03-10,paid_search,generic_search,,,0
507017,2025-03-10,paid_search,generic_search,,,0
507018,2025-03-10,organic,,,,0
507019,2025-03-10,paid_social,retargeting,,,0
507020,2025-03-10,paid_social,prospecting_video,,,0
507021,2025-03-10,organic,,,,0
507022,2025-03-10,paid_search,brand_search,,,0
507023,2025-03-10,paid_social,retargeting,,,0
507024,2025-03-10,paid_social,prospecting_video,,,0
507025,2025-03-10,paid_social,retargeting,,,0
507026,2025-03-10,paid_search,brand_search,,,0
507027,2025-03-10,paid_social,retargeting,,,0
507028,2025-03-10,paid_search,generic_search,,,0
507029,2025-03-10,display,display_network,,,0
507030,2025-03-10,organic,,,,0
507031,2025-03-10,paid_search,generic_search,,,0
507032,2025-03-10,paid_search,brand_search,,,0
507033,2025-03-10,paid_social,retargeting,,,0
507034,2025-03-10,organic,,,,0
507035,2025-03-10,paid_social,prospecting_video,,,0
507036,2025-03-10,paid_social,prospecting_video,,,0
507037,2025-03-10,paid_social,prospecting_video,,,0
507038,2025-03-10,paid_social,prospecting_video,,,0
507039,2025-03-10,paid_social,retargeting,,,0
507040,2025-03-10,paid_social,retargeting,,,0
507041,2025-03-10,paid_social,prospecting_video,,,0
507042,2025-03-10,paid_social,prospecting_video,,,0
507043,2025-03-10,paid_social,prospecting_video,,,0
507044,2025-03-10,paid_social,prospecting_video,,,0
507045,2025-03-10,organic,,,,0
507046,2025-03-10,paid_social,prospecting_video,,,0
507047,2025-03-10,paid_search,brand_search,,,0
507048,2025-03-10,paid_social,prospecting_video,,,0
507049,2025-03-10,paid_social,prospecting_video,,,0
507050,2025-03-10,paid_social,prospecting_video,,,0
507051,2025-03-10,affiliate,finance_blogs,,,0
507052,2025-03-10,organic,,,,0
507053,2025-03-10,paid_social,retargeting,,,0
507054,2025-03-10,affiliate,finance_blogs,,,0
507055,2025-03-10,paid_social,prospecting_video,,,0
507056,2025-03-10,paid_social,prospecting_video,,,0
507057,2025-03-10,organic,,,,0
507058,2025-03-10,organic,,,,0
507059,2025-03-10,paid_social,prospecting_video,,,0
507060,2025-03-10,paid_search,brand_search,,,0
507061,2025-03-10,paid_social,prospecting_video,,,0
507062,2025-03-10,paid_social,prospecting_video,,,0
507063,2025-03-10,paid_search,brand_search,2025-03-11,annual,79.99
507064,2025-03-10,paid_social,prospecting_video,,,0
507065,2025-03-10,paid_search,generic_search,,,0
507066,2025-03-10,paid_search,brand_search,,,0
507067,2025-03-10,paid_search,brand_search,,,0
507068,2025-03-10,paid_search,brand_search,2025-03-11,monthly,29.97
507069,2025-03-10,paid_social,prospecting_video,,,0
507070,2025-03-10,paid_social,retargeting,,,0
507071,2025-03-10,paid_search,generic_search,,,0
507072,2025-03-10,paid_social,prospecting_video,,,0
507073,2025-03-10,referral,,2025-03-12,monthly,29.97
507074,2025-03-10,paid_social,prospecting_video,,,0
507075,2025-03-10,paid_social,retargeting,,,0
507076,2025-03-10,paid_social,prospecting_video,,,0
507077,2025-03-10,paid_social,retargeting,,,0
507078,2025-03-10,paid_social,prospecting_video,,,0
507079,2025-03-10,organic,,,,0
507080,2025-03-10,paid_social,retargeting,,,0
507081,2025-03-10,paid_search,generic_search,,,0
507082,2025-03-10,paid_social,prospecting_video,,,0
507083,2025-03-10,paid_social,retargeting,,,0
507084,2025-03-10,paid_social,prospecting_video,,,0
507085,2025-03-10,paid_search,brand_search,2025-03-10,monthly,29.97
507086,2025-03-11,paid_search,brand_search,,,0
507087,2025-03-11,paid_search,generic_search,,,0
507088,2025-03-11,paid_search,brand_search,,,0
507089,2025-03-11,paid_social,prospecting_video,2025-03-12,monthly,29.97
507090,2025-03-11,paid_social,prospecting_video,,,0
507091,2025-03-11,paid_social,retargeting,,,0
507092,2025-03-11,organic,,,,0
507093,2025-03-11,paid_social,prospecting_video,,,0
507094,2025-03-11,paid_social,prospecting_video,,,0
507095,2025-03-11,paid_social,prospecting_video,,,0
507096,2025-03-11,paid_social,prospecting_video,,,0
507097,2025-03-11,organic,,,,0
507098,2025-03-11,paid_search,brand_search,,,0
507099,2025-03-11,organic,,2025-03-13,monthly,29.97
507100,2025-03-11,paid_social,prospecting_video,,,0
507101,2025-03-11,paid_search,brand_search,,,0
507102,2025-03-11,paid_social,retargeting,2025-03-21,monthly,29.97
507103,2025-03-11,paid_social,retargeting,,,0
507104,2025-03-11,referral,,,,0
507105,2025-03-11,paid_social,prospecting_video,,,0
507106,2025-03-11,paid_social,retargeting,2025-03-11,monthly,19.98
507107,2025-03-11,organic,,,,0
507108,2025-03-11,paid_social,retargeting,,,0
507109,2025-03-11,paid_search,brand_search,,,0
507110,2025-03-11,affiliate,finance_blogs,2025-03-13,monthly,19.98
507111,2025-03-11,paid_social,prospecting_video,,,0
507112,2025-03-11,paid_social,retargeting,,,0
507113,2025-03-11,paid_social,prospecting_video,,,0
507114,2025-03-11,paid_social,prospecting_video,,,0
507115,2025-03-11,paid_social,prospecting_video,,,0
507116,2025-03-11,paid_social,prospecting_video,,,0
507117,2025-03-11,referral,,,,0
507118,2025-03-11,paid_social,prospecting_video,2025-03-11,monthly,29.97
507119,2025-03-11,paid_social,prospecting_video,,,0
507120,2025-03-11,paid_social,prospecting_video,,,0
507121,2025-03-11,organic,,,,0
507122,2025-03-11,referral,,,,0
507123,2025-03-11,paid_search,brand_search,2025-03-14,annual,79.99
507124,2025-03-11,paid_social,prospecting_video,,,0
507125,2025-03-11,affiliate,finance_blogs,,,0
507126,2025-03-11,paid_social,prospecting_video,,,0
507127,2025-03-11,paid_social,retargeting,,,0
507128,2025-03-11,paid_social,retargeting,,,0
507129,2025-03-11,paid_search,brand_search,,,0
507130,2025-03-11,paid_social,prospecting_video,,,0
507131,2025-03-11,paid_social,retargeting,,,0
507132,2025-03-11,paid_search,brand_search,2025-03-14,monthly,29.97
507133,2025-03-11,paid_social,prospecting_video,,,0
507134,2025-03-11,affiliate,finance_blogs,,,0
507135,2025-03-11,organic,,,,0
507136,2025-03-11,paid_social,prospecting_video,,,0
507137,2025-03-11,paid_social,retargeting,2025-03-17,monthly,29.97
507138,2025-03-11,paid_social,prospecting_video,,,0
507139,2025-03-11,organic,,,,0
507140,2025-03-11,organic,,,,0
507141,2025-03-11,paid_social,prospecting_video,,,0
507142,2025-03-11,paid_social,retargeting,,,0
507143,2025-03-11,paid_social,prospecting_video,,,0
507144,2025-03-11,display,display_network,,,0
507145,2025-03-11,organic,,2025-03-13,monthly,29.97
507146,2025-03-11,organic,,,,0
507147,2025-03-11,paid_social,prospecting_video,,,0
507148,2025-03-11,paid_social,prospecting_video,,,0
507149,2025-03-11,paid_social,prospecting_video,,,0
507150,2025-03-11,organic,,,,0
507151,2025-03-11,paid_search,brand_search,,,0
507152,2025-03-11,paid_social,prospecting_video,,,0
507153,2025-03-11,paid_social,retargeting,2025-03-12,monthly,29.97
507154,2025-03-11,paid_social,prospecting_video,,,0
507155,2025-03-11,organic,,,,0
507156,2025-03-11,paid_search,brand_search,,,0
507157,2025-03-11,paid_search,brand_search,,,0
507158,2025-03-11,paid_search,brand_search,,,0
507159,2025-03-11,organic,,,,0
507160,2025-03-11,paid_search,generic_search,,,0
507161,2025-03-11,paid_social,retargeting,,,0
507162,2025-03-11,paid_search,generic_search,,,0
507163,2025-03-11,paid_social,prospecting_video,,,0
507164,2025-03-11,paid_social,prospecting_video,,,0
507165,2025-03-11,paid_social,prospecting_video,,,0
507166,2025-03-11,organic,,,,0
507167,2025-03-11,paid_search,brand_search,,,0
507168,2025-03-11,paid_search,brand_search,,,0
507169,2025-03-11,paid_search,brand_search,,,0
507170,2025-03-11,organic,,,,0
507171,2025-03-11,organic,,,,0
507172,2025-03-11,paid_social,prospecting_video,,,0
507173,2025-03-11,affiliate,finance_blogs,,,0
507174,2025-03-11,paid_social,retargeting,,,0
507175,2025-03-11,paid_search,brand_search,,,0
507176,2025-03-11,organic,,,,0
507177,2025-03-11,paid_search,generic_search,,,0
507178,2025-03-11,paid_search,brand_search,,,0
507179,2025-03-11,paid_social,prospecting_video,,,0
507180,2025-03-11,paid_search,generic_search,,,0
507181,2025-03-11,paid_search,brand_search,,,0
507182,2025-03-11,referral,,,,0
507183,2025-03-11,paid_search,generic_search,,,0
507184,2025-03-11,paid_search,brand_search,,,0
507185,2025-03-11,paid_social,retargeting,,,0
507186,2025-03-11,paid_search,generic_search,2025-03-20,annual,79.99
507187,2025-03-11,paid_search,generic_search,,,0
507188,2025-03-11,affiliate,finance_blogs,,,0
507189,2025-03-11,paid_social,retargeting,,,0
507190,2025-03-11,organic,,2025-03-16,monthly,9.99
507191,2025-03-11,organic,,,,0
507192,2025-03-11,paid_social,prospecting_video,,,0
507193,2025-03-11,paid_social,prospecting_video,,,0
507194,2025-03-11,paid_social,prospecting_video,,,0
507195,2025-03-11,paid_social,prospecting_video,,,0
507196,2025-03-11,referral,,,,0
507197,2025-03-11,paid_search,generic_search,,,0
507198,2025-03-11,paid_social,prospecting_video,,,0
507199,2025-03-11,paid_social,prospecting_video,,,0
507200,2025-03-11,paid_search,generic_search,,,0
507201,2025-03-11,paid_social,retargeting,,,0
507202,2025-03-11,paid_search,generic_search,2025-03-24,monthly,29.97
507203,2025-03-11,paid_social,prospecting_video,,,0
507204,2025-03-11,organic,,,,0
507205,2025-03-11,paid_social,retargeting,,,0
507206,2025-03-11,paid_search,brand_search,,,0
507207,2025-03-11,organic,,,,0
507208,2025-03-11,paid_social,prospecting_video,,,0
507209,2025-03-11,paid_social,retargeting,,,0
507210,2025-03-11,paid_social,prospecting_video,,,0
507211,2025-03-11,paid_social,prospecting_video,,,0
507212,2025-03-11,paid_search,brand_search,2025-03-11,annual,79.99
507213,2025-03-11,paid_search,generic_search,,,0
507214,2025-03-11,paid_search,brand_search,,,0
507215,2025-03-11,affiliate,finance_blogs,2025-03-11,monthly,29.97
507216,2025-03-11,paid_search,brand_search,,,0
507217,2025-03-11,paid_social,prospecting_video,,,0
507218,2025-03-11,display,display_network,,,0
507219,2025-03-11,paid_social,retargeting,,,0
507220,2025-03-12,paid_social,prospecting_video,,,0
507221,2025-03-12,organic,,,,0
507222,2025-03-12,paid_search,brand_search,,,0
507223,2025-03-12,paid_social,prospecting_video,,,0
507224,2025-03-12,paid_social,prospecting_video,,,0
507225,2025-03-12,paid_search,brand_search,,,0
507226,2025-03-12,affiliate,finance_blogs,,,0
507227,2025-03-12,affiliate,finance_blogs,,,0
507228,2025-03-12,paid_search,brand_search,,,0
507229,2025-03-12,paid_search,generic_search,,,0
507230,2025-03-12,organic,,,,0
507231,2025-03-12,paid_search,generic_search,2025-03-13,monthly,29.97
507232,2025-03-12,paid_social,prospecting_video,,,0
507233,2025-03-12,organic,,,,0
507234,2025-03-12,paid_social,prospecting_video,,,0
507235,2025-03-12,organic,,,,0
507236,2025-03-12,paid_social,prospecting_video,,,0
507237,2025-03-12,paid_search,generic_search,,,0
507238,2025-03-12,paid_social,retargeting,,,0
507239,2025-03-12,paid_social,prospecting_video,,,0
507240,2025-03-12,organic,,,,0
507241,2025-03-12,paid_social,retargeting,,,0
507242,2025-03-12,paid_search,brand_search,,,0
507243,2025-03-12,paid_social,retargeting,,,0
507244,2025-03-12,paid_social,retargeting,,,0
507245,2025-03-12,organic,,,,0
507246,2025-03-12,paid_social,prospecting_video,,,0
507247,2025-03-12,display,display_network,,,0
507248,2025-03-12,paid_social,prospecting_video,,,0
507249,2025-03-12,paid_social,retargeting,2025-03-16,monthly,29.97
507250,2025-03-12,referral,,2025-03-16,monthly,19.98
507251,2025-03-12,paid_search,brand_search,,,0
507252,2025-03-12,paid_social,prospecting_video,,,0
507253,2025-03-12,paid_search,brand_search,,,0
507254,2025-03-12,organic,,,,0
507255,2025-03-12,paid_search,brand_search,,,0
507256,2025-03-12,paid_social,retargeting,,,0
507257,2025-03-12,paid_social,prospecting_video,,,0
507258,2025-03-12,paid_social,prospecting_video,,,0
507259,2025-03-12,organic,,,,0
507260,2025-03-12,paid_social,prospecting_video,,,0
507261,2025-03-12,paid_social,retargeting,2025-03-13,monthly,29.97
507262,2025-03-12,organic,,,,0
507263,2025-03-12,paid_search,generic_search,,,0
507264,2025-03-12,paid_social,retargeting,2025-03-17,monthly,19.98
507265,2025-03-12,organic,,,,0
507266,2025-03-12,paid_search,brand_search,2025-03-12,monthly,29.97
507267,2025-03-12,paid_search,brand_search,,,0
507268,2025-03-12,organic,,,,0
507269,2025-03-12,paid_search,brand_search,2025-03-17,monthly,29.97
507270,2025-03-12,paid_search,generic_search,,,0
507271,2025-03-12,organic,,2025-03-15,monthly,19.98
507272,2025-03-12,organic,,,,0
507273,2025-03-12,paid_search,brand_search,,,0
507274,2025-03-12,paid_search,brand_search,,,0
507275,2025-03-12,paid_search,generic_search,,,0
507276,2025-03-12,paid_social,retargeting,2025-03-20,monthly,29.97
507277,2025-03-12,paid_social,prospecting_video,,,0
507278,2025-03-12,referral,,,,0
507279,2025-03-12,paid_social,prospecting_video,,,0
507280,2025-03-12,organic,,,,0
507281,2025-03-12,paid_social,prospecting_video,,,0
507282,2025-03-12,paid_social,retargeting,,,0
507283,2025-03-12,paid_search,brand_search,,,0
507284,2025-03-12,referral,,2025-03-12,annual,79.99
507285,2025-03-12,paid_social,prospecting_video,,,0
507286,2025-03-12,paid_search,generic_search,2025-03-24,annual,79.99
507287,2025-03-12,paid_social,prospecting_video,,,0
507288,2025-03-12,organic,,2025-03-16,monthly,29.97
507289,2025-03-12,paid_social,retargeting,,,0
507290,2025-03-12,paid_search,generic_search,,,0
507291,2025-03-12,paid_social,prospecting_video,,,0
507292,2025-03-12,paid_social,retargeting,,,0
507293,2025-03-12,paid_social,prospecting_video,,,0
507294,2025-03-12,paid_social,prospecting_video,,,0
507295,2025-03-12,paid_social,retargeting,,,0
507296,2025-03-12,referral,,2025-03-22,monthly,29.97
507297,2025-03-12,paid_social,prospecting_video,,,0
507298,2025-03-12,paid_search,generic_search,,,0
507299,2025-03-12,organic,,2025-03-17,annual,79.99
507300,2025-03-12,organic,,,,0
507301,2025-03-12,affiliate,finance_blogs,,,0
507302,2025-03-12,paid_social,retargeting,,,0
507303,2025-03-12,paid_social,prospecting_video,,,0
507304,2025-03-12,paid_search,generic_search,,,0
507305,2025-03-12,display,display_network,,,0
507306,2025-03-12,paid_search,generic_search,,,0
507307,2025-03-12,paid_social,prospecting_video,,,0
507308,2025-03-12,paid_search,brand_search,,,0
507309,2025-03-12,organic,,,,0
507310,2025-03-12,organic,,2025-03-12,annual,79.99
507311,2025-03-12,paid_search,brand_search,,,0
507312,2025-03-12,affiliate,finance_blogs,,,0
507313,2025-03-13,organic,,2025-03-19,monthly,29.97
507314,2025-03-13,referral,,,,0
507315,2025-03-13,paid_social,prospecting_video,,,0
507316,2025-03-13,paid_search,brand_search,,,0
507317,2025-03-13,paid_search,generic_search,2025-03-15,monthly,29.97
507318,2025-03-13,paid_social,prospecting_video,,,0
507319,2025-03-13,paid_social,prospecting_video,,,0
507320,2025-03-13,organic,,,,0
507321,2025-03-13,organic,,2025-03-15,monthly,29.97
507322,2025-03-13,organic,,,,0
507323,2025-03-13,organic,,,,0
507324,2025-03-13,paid_search,brand_search,2025-03-14,monthly,29.97
507325,2025-03-13,paid_social,retargeting,2025-03-15,monthly,29.97
507326,2025-03-13,organic,,,,0
507327,2025-03-13,paid_social,retargeting,,,0
507328,2025-03-13,paid_search,brand_search,,,0
507329,2025-03-13,affiliate,finance_blogs,,,0
507330,2025-03-13,paid_social,retargeting,,,0
507331,2025-03-13,paid_social,prospecting_video,,,0
507332,2025-03-13,paid_social,retargeting,,,0
507333,2025-03-13,paid_social,prospecting_video,,,0
507334,2025-03-13,referral,,,,0
507335,2025-03-13,paid_social,prospecting_video,,,0
507336,2025-03-13,paid_social,prospecting_video,,,0
507337,2025-03-13,paid_search,generic_search,2025-03-15,monthly,19.98
507338,2025-03-13,paid_social,prospecting_video,,,0
507339,2025-03-13,paid_search,brand_search,,,0
507340,2025-03-13,paid_social,retargeting,,,0
507341,2025-03-13,organic,,,,0
507342,2025-03-13,paid_social,retargeting,,,0
507343,2025-03-13,paid_search,brand_search,,,0
507344,2025-03-13,paid_social,prospecting_video,,,0
507345,2025-03-13,organic,,,,0
507346,2025-03-13,affiliate,finance_blogs,,,0
507347,2025-03-13,paid_search,brand_search,,,0
507348,2025-03-13,referral,,,,0
507349,2025-03-13,paid_social,prospecting_video,,,0
507350,2025-03-13,paid_social,prospecting_video,,,0
507351,2025-03-13,paid_social,prospecting_video,,,0
507352,2025-03-13,paid_search,generic_search,,,0
507353,2025-03-13,affiliate,finance_blogs,,,0
507354,2025-03-13,paid_search,brand_search,,,0
507355,2025-03-13,paid_search,brand_search,,,0
507356,2025-03-13,paid_search,generic_search,,,0
507357,2025-03-13,organic,,,,0
507358,2025-03-13,referral,,,,0
507359,2025-03-13,paid_search,brand_search,2025-03-22,monthly,29.97
507360,2025-03-13,paid_search,generic_search,,,0
507361,2025-03-13,organic,,,,0
507362,2025-03-13,organic,,,,0
507363,2025-03-13,paid_search,generic_search,,,0
507364,2025-03-13,paid_social,prospecting_video,,,0
507365,2025-03-13,paid_search,brand_search,2025-03-13,monthly,29.97
507366,2025-03-13,paid_social,prospecting_video,,,0
507367,2025-03-13,paid_social,retargeting,,,0
507368,2025-03-13,paid_search,generic_search,,,0
507369,2025-03-13,affiliate,finance_blogs,,,0
507370,2025-03-13,paid_search,brand_search,,,0
507371,2025-03-13,paid_social,prospecting_video,,,0
507372,2025-03-13,paid_social,retargeting,,,0
507373,2025-03-13,organic,,2025-03-19,monthly,29.97
507374,2025-03-13,organic,,,,0
507375,2025-03-13,organic,,,,0
507376,2025-03-13,paid_search,generic_search,2025-03-23,monthly,29.97
507377,2025-03-13,paid_search,generic_search,2025-03-13,annual,79.99
507378,2025-03-13,paid_social,prospecting_video,,,0
507379,2025-03-13,paid_social,prospecting_video,,,0
507380,2025-03-13,organic,,,,0
507381,2025-03-13,paid_social,retargeting,,,0
507382,2025-03-13,organic,,,,0
507383,2025-03-13,paid_social,retargeting,2025-03-18,monthly,29.97
507384,2025-03-13,paid_social,prospecting_video,,,0
507385,2025-03-13,paid_social,prospecting_video,,,0
507386,2025-03-13,paid_social,retargeting,,,0
507387,2025-03-13,paid_social,prospecting_video,,,0
507388,2025-03-13,paid_search,brand_search,,,0
507389,2025-03-13,paid_social,prospecting_video,,,0
507390,2025-03-13,affiliate,finance_blogs,,,0
507391,2025-03-13,organic,,,,0
507392,2025-03-13,paid_social,prospecting_video,,,0
507393,2025-03-13,organic,,,,0
507394,2025-03-13,organic,,,,0
507395,2025-03-13,paid_social,retargeting,2025-03-24,monthly,29.97
507396,2025-03-13,paid_search,generic_search,,,0
507397,2025-03-13,referral,,2025-03-16,monthly,29.97
507398,2025-03-13,paid_search,generic_search,,,0
507399,2025-03-13,paid_search,brand_search,,,0
507400,2025-03-13,organic,,,,0
507401,2025-03-13,paid_social,retargeting,,,0
507402,2025-03-13,paid_social,prospecting_video,,,0
507403,2025-03-13,paid_social,prospecting_video,,,0
507404,2025-03-13,organic,,,,0
507405,2025-03-13,organic,,,,0
507406,2025-03-13,paid_search,generic_search,,,0
507407,2025-03-13,paid_social,prospecting_video,,,0
507408,2025-03-13,organic,,2025-03-19,monthly,19.98
507409,2025-03-13,organic,,,,0
507410,2025-03-13,paid_search,brand_search,,,0
507411,2025-03-13,paid_social,prospecting_video,,,0
507412,2025-03-13,paid_search,brand_search,,,0
507413,2025-03-13,organic,,,,0
507414,2025-03-13,paid_search,brand_search,,,0
507415,2025-03-13,referral,,,,0
507416,2025-03-13,paid_search,generic_search,,,0
507417,2025-03-13,paid_social,prospecting_video,,,0
507418,2025-03-13,affiliate,finance_blogs,2025-03-17,monthly,29.97
507419,2025-03-13,paid_social,prospecting_video,,,0
507420,2025-03-13,paid_social,prospecting_video,,,0
507421,2025-03-13,organic,,,,0
507422,2025-03-13,paid_social,prospecting_video,,,0
507423,2025-03-13,paid_social,retargeting,,,0
507424,2025-03-13,paid_social,prospecting_video,,,0
507425,2025-03-14,paid_social,prospecting_video,,,0
507426,2025-03-14,paid_search,brand_search,,,0
507427,2025-03-14,paid_social,prospecting_video,,,0
507428,2025-03-14,organic,,,,0
507429,2025-03-14,paid_social,prospecting_video,,,0
507430,2025-03-14,paid_social,prospecting_video,,,0
507431,2025-03-14,paid_social,prospecting_video,,,0
507432,2025-03-14,organic,,,,0
507433,2025-03-14,paid_search,brand_search,,,0
507434,2025-03-14,paid_social,retargeting,2025-03-16,monthly,19.98
507435,2025-03-14,paid_social,retargeting,2025-03-14,annual,79.99
507436,2025-03-14,referral,,2025-03-17,annual,79.99
507437,2025-03-14,organic,,2025-03-15,monthly,29.97
507438,2025-03-14,paid_social,prospecting_video,,,0
507439,2025-03-14,paid_social,prospecting_video,,,0
507440,2025-03-14,affiliate,finance_blogs,,,0
507441,2025-03-14,paid_social,prospecting_video,,,0
507442,2025-03-14,paid_social,retargeting,,,0
507443,2025-03-14,paid_social,prospecting_video,,,0
507444,2025-03-14,paid_search,generic_search,,,0
507445,2025-03-14,paid_social,prospecting_video,,,0
507446,2025-03-14,paid_social,retargeting,,,0
507447,2025-03-14,paid_social,prospecting_video,,,0
507448,2025-03-14,referral,,2025-03-21,monthly,29.97
507449,2025-03-14,affiliate,finance_blogs,,,0
507450,2025-03-14,paid_social,prospecting_video,,,0
507451,2025-03-14,paid_search,brand_search,,,0
507452,2025-03-14,affiliate,finance_blogs,,,0
507453,2025-03-14,affiliate,finance_blogs,2025-03-18,monthly,29.97
507454,2025-03-14,affiliate,finance_blogs,,,0
507455,2025-03-14,paid_social,retargeting,,,0
507456,2025-03-14,paid_search,brand_search,,,0
507457,2025-03-14,paid_social,prospecting_video,,,0
507458,2025-03-14,paid_search,generic_search,,,0
507459,2025-03-14,paid_social,prospecting_video,,,0
507460,2025-03-14,paid_search,brand_search,,,0
507461,2025-03-14,paid_social,retargeting,,,0
507462,2025-03-14,paid_search,brand_search,,,0
507463,2025-03-14,organic,,,,0
507464,2025-03-14,affiliate,finance_blogs,2025-03-14,monthly,29.97
507465,2025-03-14,referral,,,,0
507466,2025-03-14,paid_social,prospecting_video,,,0
507467,2025-03-14,referral,,,,0
507468,2025-03-14,paid_search,brand_search,,,0
507469,2025-03-14,paid_search,generic_search,,,0
507470,2025-03-14,paid_social,prospecting_video,,,0
507471,2025-03-14,paid_social,prospecting_video,,,0
507472,2025-03-14,affiliate,finance_blogs,,,0
507473,2025-03-14,paid_social,prospecting_video,,,0
507474,2025-03-14,paid_social,prospecting_video,,,0
507475,2025-03-14,paid_social,prospecting_video,,,0
507476,2025-03-14,paid_social,prospecting_video,,,0
507477,2025-03-14,paid_search,brand_search,,,0
507478,2025-03-14,paid_social,prospecting_video,,,0
507479,2025-03-14,display,display_network,,,0
507480,2025-03-14,affiliate,finance_blogs,,,0
507481,2025-03-14,paid_social,prospecting_video,,,0
507482,2025-03-14,paid_social,prospecting_video,,,0
507483,2025-03-14,paid_social,prospecting_video,,,0
507484,2025-03-14,paid_social,prospecting_video,,,0
507485,2025-03-14,paid_social,prospecting_video,,,0
507486,2025-03-14,organic,,,,0
507487,2025-03-14,paid_social,prospecting_video,,,0
507488,2025-03-14,paid_search,brand_search,,,0
507489,2025-03-14,paid_social,retargeting,,,0
507490,2025-03-14,paid_social,prospecting_video,,,0
507491,2025-03-14,paid_social,prospecting_video,,,0
507492,2025-03-14,paid_search,brand_search,,,0
507493,2025-03-14,paid_social,prospecting_video,,,0
507494,2025-03-14,paid_social,prospecting_video,,,0
507495,2025-03-14,organic,,,,0
507496,2025-03-14,paid_social,prospecting_video,,,0
507497,2025-03-14,paid_social,retargeting,,,0
507498,2025-03-14,paid_social,prospecting_video,,,0
507499,2025-03-14,organic,,,,0
507500,2025-03-14,paid_social,prospecting_video,,,0
507501,2025-03-14,paid_social,prospecting_video,,,0
507502,2025-03-14,paid_social,prospecting_video,,,0
507503,2025-03-14,paid_social,prospecting_video,,,0
507504,2025-03-14,paid_social,prospecting_video,,,0
507505,2025-03-14,paid_social,prospecting_video,,,0
507506,2025-03-14,paid_social,prospecting_video,,,0
507507,2025-03-14,paid_social,retargeting,,,0
507508,2025-03-14,organic,,,,0
507509,2025-03-14,organic,,,,0
507510,2025-03-14,paid_social,retargeting,,,0
507511,2025-03-14,paid_social,prospecting_video,,,0
507512,2025-03-14,paid_social,prospecting_video,,,0
507513,2025-03-14,paid_social,prospecting_video,,,0
507514,2025-03-14,paid_social,prospecting_video,,,0
507515,2025-03-14,paid_social,prospecting_video,,,0
507516,2025-03-14,paid_search,generic_search,,,0
507517,2025-03-14,referral,,2025-03-14,monthly,29.97
507518,2025-03-14,paid_social,prospecting_video,,,0
507519,2025-03-14,paid_social,retargeting,,,0
507520,2025-03-14,organic,,,,0
507521,2025-03-14,paid_search,generic_search,,,0
507522,2025-03-14,referral,,2025-03-18,monthly,29.97
507523,2025-03-14,paid_social,prospecting_video,,,0
507524,2025-03-14,paid_search,brand_search,,,0
507525,2025-03-14,paid_social,prospecting_video,,,0
507526,2025-03-14,display,display_network,,,0
507527,2025-03-14,paid_social,prospecting_video,,,0
507528,2025-03-14,paid_social,prospecting_video,,,0
507529,2025-03-14,paid_social,prospecting_video,,,0
507530,2025-03-14,paid_search,brand_search,,,0
507531,2025-03-14,organic,,,,0
507532,2025-03-14,organic,,,,0
507533,2025-03-14,paid_social,prospecting_video,,,0
507534,2025-03-14,paid_social,prospecting_video,,,0
507535,2025-03-14,paid_social,prospecting_video,,,0
507536,2025-03-14,paid_social,retargeting,2025-03-20,monthly,9.99
507537,2025-03-14,paid_social,retargeting,,,0
507538,2025-03-14,paid_social,prospecting_video,,,0
507539,2025-03-14,organic,,,,0
507540,2025-03-14,paid_search,brand_search,,,0
507541,2025-03-14,organic,,,,0
507542,2025-03-14,paid_search,generic_search,,,0
507543,2025-03-14,paid_search,brand_search,,,0
507544,2025-03-14,paid_social,retargeting,,,0
507545,2025-03-14,paid_social,retargeting,,,0
507546,2025-03-14,paid_search,brand_search,,,0
507547,2025-03-14,paid_social,retargeting,,,0
507548,2025-03-14,paid_search,generic_search,,,0
507549,2025-03-14,paid_search,generic_search,,,0
507550,2025-03-14,paid_search,generic_search,,,0
507551,2025-03-14,paid_social,prospecting_video,,,0
507552,2025-03-14,paid_search,generic_search,,,0
507553,2025-03-14,paid_search,generic_search,,,0
507554,2025-03-14,paid_social,prospecting_video,,,0
507555,2025-03-14,paid_search,brand_search,,,0
507556,2025-03-14,paid_search,generic_search,,,0
507557,2025-03-15,paid_social,prospecting_video,,,0
507558,2025-03-15,paid_search,generic_search,,,0
507559,2025-03-15,paid_search,brand_search,,,0
507560,2025-03-15,paid_social,prospecting_video,,,0
507561,2025-03-15,organic,,,,0
507562,2025-03-15,paid_social,retargeting,,,0
507563,2025-03-15,paid_social,prospecting_video,,,0
507564,2025-03-15,paid_social,prospecting_video,,,0
507565,2025-03-15,paid_social,prospecting_video,,,0
507566,2025-03-15,paid_social,prospecting_video,,,0
507567,2025-03-15,paid_social,prospecting_video,,,0
507568,2025-03-15,paid_social,prospecting_video,,,0
507569,2025-03-15,paid_social,prospecting_video,,,0
507570,2025-03-15,paid_social,prospecting_video,,,0
507571,2025-03-15,organic,,,,0
507572,2025-03-15,organic,,,,0
507573,2025-03-15,paid_social,prospecting_video,,,0
507574,2025-03-15,paid_social,prospecting_video,,,0
507575,2025-03-15,organic,,,,0
507576,2025-03-15,referral,,2025-03-15,annual,79.99
507577,2025-03-15,paid_social,retargeting,,,0
507578,2025-03-15,referral,,,,0
507579,2025-03-15,display,display_network,,,0
507580,2025-03-15,paid_search,brand_search,,,0
507581,2025-03-15,paid_search,brand_search,,,0
507582,2025-03-15,paid_search,brand_search,,,0
507583,2025-03-15,paid_social,retargeting,2025-03-20,monthly,29.97
507584,2025-03-15,paid_search,brand_search,,,0
507585,2025-03-15,paid_search,generic_search,2025-03-17,monthly,29.97
507586,2025-03-15,paid_social,prospecting_video,,,0
507587,2025-03-15,paid_social,retargeting,,,0
507588,2025-03-15,paid_social,prospecting_video,,,0
507589,2025-03-15,paid_social,prospecting_video,2025-03-17,monthly,29.97
507590,2025-03-15,organic,,,,0
507591,2025-03-15,organic,,,,0
507592,2025-03-15,display,display_network,,,0
507593,2025-03-15,paid_search,brand_search,2025-03-28,monthly,29.97
507594,2025-03-15,organic,,,,0
507595,2025-03-15,display,display_network,,,0
507596,2025-03-15,paid_social,prospecting_video,,,0
507597,2025-03-15,organic,,,,0
507598,2025-03-15,paid_social,prospecting_video,,,0
507599,2025-03-15,paid_social,prospecting_video,,,0
507600,2025-03-15,paid_search,brand_search,2025-03-17,annual,79.99
507601,2025-03-15,referral,,,,0
507602,2025-03-15,paid_social,prospecting_video,,,0
507603,2025-03-15,paid_social,retargeting,,,0
507604,2025-03-15,paid_social,prospecting_video,,,0
507605,2025-03-15,paid_social,retargeting,,,0
507606,2025-03-15,organic,,,,0
507607,2025-03-15,paid_social,prospecting_video,,,0
507608,2025-03-15,organic,,,,0
507609,2025-03-15,paid_social,prospecting_video,,,0
507610,2025-03-15,paid_search,generic_search,,,0
507611,2025-03-15,paid_social,retargeting,,,0
507612,2025-03-15,paid_social,prospecting_video,,,0
507613,2025-03-15,paid_social,prospecting_video,,,0
507614,2025-03-15,organic,,,,0
507615,2025-03-15,paid_social,prospecting_video,,,0
507616,2025-03-15,paid_social,prospecting_video,,,0
507617,2025-03-15,paid_social,prospecting_video,,,0
507618,2025-03-15,paid_social,prospecting_video,,,0
507619,2025-03-15,paid_social,retargeting,2025-03-17,monthly,29.97
507620,2025-03-15,paid_social,retargeting,,,0
507621,2025-03-15,paid_social,retargeting,,,0
507622,2025-03-15,paid_search,brand_search,,,0
507623,2025-03-15,paid_social,prospecting_video,,,0
507624,2025-03-15,paid_social,prospecting_video,,,0
507625,2025-03-15,paid_social,prospecting_video,,,0
507626,2025-03-15,paid_search,brand_search,,,0
507627,2025-03-15,paid_search,generic_search,,,0
507628,2025-03-15,paid_search,brand_search,2025-03-15,monthly,19.98
507629,2025-03-15,paid_social,prospecting_video,,,0
507630,2025-03-15,organic,,,,0
507631,2025-03-15,referral,,,,0
507632,2025-03-15,organic,,,,0
507633,2025-03-15,affiliate,finance_blogs,,,0
507634,2025-03-15,paid_social,prospecting_video,,,0
507635,2025-03-15,organic,,2025-03-21,monthly,9.99
507636,2025-03-15,organic,,,,0
507637,2025-03-15,referral,,,,0
507638,2025-03-15,paid_social,retargeting,,,0
507639,2025-03-15,organic,,,,0
507640,2025-03-15,paid_search,brand_search,,,0
507641,2025-03-15,paid_search,generic_search,2025-03-15,monthly,9.99
507642,2025-03-15,organic,,,,0
507643,2025-03-15,paid_social,retargeting,,,0
507644,2025-03-15,organic,,,,0
507645,2025-03-15,paid_search,generic_search,,,0
507646,2025-03-15,paid_social,prospecting_video,,,0
507647,2025-03-15,paid_search,generic_search,2025-03-15,monthly,9.99
507648,2025-03-15,paid_social,prospecting_video,,,0
507649,2025-03-15,organic,,,,0
507650,2025-03-15,paid_search,generic_search,,,0
507651,2025-03-15,paid_search,generic_search,,,0
507652,2025-03-15,paid_social,prospecting_video,,,0
507653,2025-03-15,paid_social,prospecting_video,,,0
507654,2025-03-15,paid_social,prospecting_video,,,0
507655,2025-03-15,paid_social,prospecting_video,,,0
507656,2025-03-15,paid_social,prospecting_video,,,0
507657,2025-03-15,organic,,2025-03-16,annual,79.99
507658,2025-03-15,paid_social,retargeting,,,0
507659,2025-03-15,paid_search,generic_search,,,0
507660,2025-03-15,paid_social,prospecting_video,,,0
507661,2025-03-15,paid_search,generic_search,,,0
507662,2025-03-15,paid_social,retargeting,,,0
507663,2025-03-15,organic,,,,0
507664,2025-03-15,affiliate,finance_blogs,2025-03-15,monthly,29.97
507665,2025-03-16,organic,,,,0
507666,2025-03-16,paid_search,brand_search,,,0
507667,2025-03-16,organic,,,,0
507668,2025-03-16,paid_search,brand_search,,,0
507669,2025-03-16,organic,,,,0
507670,2025-03-16,referral,,,,0
507671,2025-03-16,referral,,,,0
507672,2025-03-16,organic,,,,0
507673,2025-03-16,paid_search,generic_search,,,0
507674,2025-03-16,paid_social,prospecting_video,,,0
507675,2025-03-16,paid_search,generic_search,,,0
507676,2025-03-16,organic,,2025-03-16,annual,79.99
507677,2025-03-16,paid_social,prospecting_video,,,0
507678,2025-03-16,organic,,,,0
507679,2025-03-16,paid_social,prospecting_video,,,0
507680,2025-03-16,paid_social,prospecting_video,,,0
507681,2025-03-16,paid_social,prospecting_video,,,0
507682,2025-03-16,organic,,,,0
507683,2025-03-16,organic,,,,0
507684,2025-03-16,display,display_network,,,0
507685,2025-03-16,paid_social,prospecting_video,,,0
507686,2025-03-16,paid_search,brand_search,2025-03-18,monthly,29.97
507687,2025-03-16,paid_social,prospecting_video,,,0
507688,2025-03-16,referral,,,,0
507689,2025-03-16,paid_search,generic_search,,,0
507690,2025-03-16,paid_social,prospecting_video,,,0
507691,2025-03-16,paid_social,prospecting_video,,,0
507692,2025-03-16,paid_social,retargeting,,,0
507693,2025-03-16,organic,,,,0
507694,2025-03-16,paid_social,prospecting_video,,,0
507695,2025-03-16,referral,,,,0
507696,2025-03-16,paid_social,prospecting_video,,,0
507697,2025-03-16,paid_social,prospecting_video,,,0
507698,2025-03-16,paid_social,prospecting_video,,,0
507699,2025-03-16,paid_social,prospecting_video,,,0
507700,2025-03-16,organic,,,,0
507701,2025-03-16,paid_social,prospecting_video,2025-03-19,monthly,19.98
507702,2025-03-16,paid_social,retargeting,,,0
507703,2025-03-16,paid_social,prospecting_video,,,0
507704,2025-03-16,paid_social,prospecting_video,,,0
507705,2025-03-16,referral,,,,0
507706,2025-03-16,display,display_network,,,0
507707,2025-03-16,paid_social,retargeting,,,0
507708,2025-03-16,organic,,,,0
507709,2025-03-16,paid_social,retargeting,,,0
507710,2025-03-16,paid_social,prospecting_video,,,0
507711,2025-03-16,paid_social,prospecting_video,,,0
507712,2025-03-16,organic,,,,0
507713,2025-03-16,paid_social,retargeting,,,0
507714,2025-03-16,paid_social,prospecting_video,,,0
507715,2025-03-16,paid_social,prospecting_video,,,0
507716,2025-03-16,paid_social,prospecting_video,,,0
507717,2025-03-16,paid_social,prospecting_video,,,0
507718,2025-03-16,paid_social,retargeting,,,0
507719,2025-03-16,paid_search,brand_search,,,0
507720,2025-03-16,paid_social,prospecting_video,,,0
507721,2025-03-16,paid_social,prospecting_video,,,0
507722,2025-03-16,paid_search,brand_search,,,0
507723,2025-03-16,paid_search,generic_search,,,0
507724,2025-03-16,paid_social,prospecting_video,,,0
507725,2025-03-16,organic,,,,0
507726,2025-03-16,organic,,,,0
507727,2025-03-16,referral,,,,0
507728,2025-03-16,paid_social,prospecting_video,,,0
507729,2025-03-16,paid_social,retargeting,2025-03-20,annual,79.99
507730,2025-03-16,organic,,,,0
507731,2025-03-16,organic,,,,0
507732,2025-03-16,paid_social,prospecting_video,,,0
507733,2025-03-16,organic,,,,0
507734,2025-03-16,paid_social,prospecting_video,,,0
507735,2025-03-16,organic,,,,0
507736,2025-03-16,paid_social,prospecting_video,,,0
507737,2025-03-16,paid_social,retargeting,,,0
507738,2025-03-16,affiliate,finance_blogs,,,0
507739,2025-03-16,paid_social,retargeting,,,0
507740,2025-03-16,organic,,,,0
507741,2025-03-16,referral,,,,0
507742,2025-03-16,paid_social,retargeting,,,0
507743,2025-03-16,paid_social,retargeting,,,0
507744,2025-03-16,paid_social,prospecting_video,,,0
507745,2025-03-16,paid_search,brand_search,2025-03-18,monthly,29.97
507746,2025-03-16,paid_social,retargeting,,,0
507747,2025-03-16,organic,,,,0
507748,2025-03-16,paid_social,prospecting_video,,,0
507749,2025-03-16,paid_search,brand_search,,,0
507750,2025-03-16,organic,,,,0
507751,2025-03-16,paid_search,generic_search,2025-03-23,monthly,29.97
507752,2025-03-16,paid_search,brand_search,2025-03-16,monthly,29.97
507753,2025-03-16,paid_search,generic_search,,,0
507754,2025-03-16,paid_social,retargeting,,,0
507755,2025-03-16,organic,,,,0
507756,2025-03-16,organic,,,,0
507757,2025-03-16,affiliate,finance_blogs,,,0
507758,2025-03-16,paid_social,prospecting_video,2025-03-16,monthly,29.97
507759,2025-03-16,paid_social,prospecting_video,,,0
507760,2025-03-16,organic,,,,0
507761,2025-03-16,organic,,,,0
507762,2025-03-16,paid_search,brand_search,,,0
507763,2025-03-16,paid_search,generic_search,2025-03-24,monthly,19.98
507764,2025-03-16,paid_search,generic_search,2025-03-18,annual,79.99
507765,2025-03-16,organic,,,,0
507766,2025-03-17,organic,,,,0
507767,2025-03-17,paid_social,retargeting,,,0
507768,2025-03-17,paid_search,generic_search,,,0
507769,2025-03-17,paid_search,brand_search,,,0
507770,2025-03-17,paid_search,generic_search,,,0
507771,2025-03-17,paid_social,prospecting_video,,,0
507772,2025-03-17,paid_search,brand_search,,,0
507773,2025-03-17,paid_search,generic_search,,,0
507774,2025-03-17,organic,,,,0
507775,2025-03-17,paid_social,retargeting,,,0
507776,2025-03-17,referral,,,,0
507777,2025-03-17,organic,,,,0
507778,2025-03-17,paid_search,generic_search,,,0
507779,2025-03-17,paid_search,brand_search,,,0
507780,2025-03-17,paid_search,brand_search,,,0
507781,2025-03-17,paid_social,retargeting,,,0
507782,2025-03-17,paid_social,prospecting_video,,,0
507783,2025-03-17,affiliate,finance_blogs,,,0
507784,2025-03-17,paid_search,generic_search,,,0
507785,2025-03-17,organic,,,,0
507786,2025-03-17,paid_social,prospecting_video,,,0
507787,2025-03-17,organic,,,,0
507788,2025-03-17,referral,,,,0
507789,2025-03-17,organic,,,,0
507790,2025-03-17,paid_search,brand_search,,,0
507791,2025-03-17,affiliate,finance_blogs,,,0
507792,2025-03-17,referral,,,,0
507793,2025-03-17,referral,,,,0
507794,2025-03-17,referral,,,,0
507795,2025-03-17,paid_social,prospecting_video,,,0
507796,2025-03-17,paid_social,retargeting,,,0
507797,2025-03-17,referral,,2025-03-20,annual,79.99
507798,2025-03-17,paid_search,generic_search,2025-03-17,monthly,19.98
507799,2025-03-17,paid_search,brand_search,2025-03-17,monthly,19.98
507800,2025-03-17,display,display_network,,,0
507801,2025-03-17,paid_social,retargeting,,,0
507802,2025-03-17,paid_social,prospecting_video,,,0
507803,2025-03-17,organic,,,,0
507804,2025-03-17,referral,,2025-03-17,annual,79.99
507805,2025-03-17,organic,,,,0
507806,2025-03-17,organic,,,,0
507807,2025-03-17,paid_social,prospecting_video,,,0
507808,2025-03-17,paid_social,retargeting,2025-03-22,monthly,29.97
507809,2025-03-17,paid_social,retargeting,,,0
507810,2025-03-17,organic,,,,0
507811,2025-03-17,paid_social,retargeting,,,0
507812,2025-03-17,paid_social,prospecting_video,,,0
507813,2025-03-17,paid_social,prospecting_video,,,0
507814,2025-03-17,referral,,,,0
507815,2025-03-17,paid_social,retargeting,2025-03-23,monthly,9.99
507816,2025-03-17,paid_search,brand_search,,,0
507817,2025-03-17,organic,,,,0
507818,2025-03-17,organic,,,,0
507819,2025-03-17,display,display_network,,,0
507820,2025-03-17,paid_search,generic_search,,,0
507821,2025-03-17,paid_social,prospecting_video,,,0
507822,2025-03-17,affiliate,finance_blogs,,,0
507823,2025-03-17,paid_social,retargeting,,,0
507824,2025-03-17,paid_social,retargeting,,,0
507825,2025-03-17,affiliate,finance_blogs,,,0
507826,2025-03-17,paid_search,brand_search,2025-03-21,annual,79.99
507827,2025-03-17,paid_search,generic_search,,,0
507828,2025-03-17,paid_social,prospecting_video,,,0
507829,2025-03-17,paid_search,brand_search,,,0
507830,2025-03-17,paid_social,retargeting,,,0
507831,2025-03-17,paid_social,prospecting_video,,,0
507832,2025-03-17,paid_social,prospecting_video,,,0
507833,2025-03-17,paid_social,prospecting_video,,,0
507834,2025-03-17,paid_social,prospecting_video,,,0
507835,2025-03-17,organic,,,,0
507836,2025-03-17,paid_social,retargeting,,,0
507837,2025-03-17,paid_social,prospecting_video,,,0
507838,2025-03-17,organic,,,,0
507839,2025-03-17,paid_social,retargeting,,,0
507840,2025-03-17,paid_social,prospecting_video,,,0
507841,2025-03-17,paid_social,prospecting_video,,,0
507842,2025-03-17,organic,,,,0
507843,2025-03-17,paid_search,brand_search,,,0
507844,2025-03-17,paid_social,prospecting_video,,,0
507845,2025-03-17,organic,,,,0
507846,2025-03-17,affiliate,finance_blogs,,,0
507847,2025-03-17,paid_search,generic_search,,,0
507848,2025-03-17,paid_search,brand_search,2025-03-19,annual,79.99
507849,2025-03-17,paid_social,prospecting_video,,,0
507850,2025-03-17,paid_search,brand_search,,,0
507851,2025-03-17,organic,,,,0
507852,2025-03-17,paid_social,prospecting_video,,,0
507853,2025-03-17,paid_social,prospecting_video,,,0
507854,2025-03-17,paid_search,generic_search,,,0
507855,2025-03-17,paid_social,retargeting,,,0
507856,2025-03-17,paid_search,generic_search,,,0
507857,2025-03-17,paid_social,prospecting_video,,,0
507858,2025-03-17,paid_social,prospecting_video,,,0
507859,2025-03-17,organic,,,,0
507860,2025-03-17,paid_social,prospecting_video,,,0
507861,2025-03-17,paid_social,prospecting_video,,,0
507862,2025-03-17,affiliate,finance_blogs,2025-03-23,monthly,29.97
507863,2025-03-17,paid_social,prospecting_video,,,0
507864,2025-03-17,paid_social,prospecting_video,,,0
507865,2025-03-17,paid_social,retargeting,,,0
507866,2025-03-17,organic,,,,0
507867,2025-03-17,affiliate,finance_blogs,,,0
507868,2025-03-17,display,display_network,,,0
507869,2025-03-17,paid_search,generic_search,2025-03-20,monthly,9.99
507870,2025-03-17,organic,,,,0
507871,2025-03-17,paid_social,prospecting_video,,,0
507872,2025-03-17,paid_search,generic_search,,,0
507873,2025-03-17,paid_social,retargeting,,,0
507874,2025-03-17,paid_social,retargeting,,,0
507875,2025-03-17,paid_social,prospecting_video,,,0
507876,2025-03-17,paid_social,prospecting_video,,,0
507877,2025-03-17,paid_search,brand_search,,,0
507878,2025-03-18,paid_search,brand_search,,,0
507879,2025-03-18,paid_search,generic_search,,,0
507880,2025-03-18,affiliate,finance_blogs,,,0
507881,2025-03-18,paid_social,prospecting_video,,,0
507882,2025-03-18,organic,,,,0
507883,2025-03-18,paid_search,generic_search,,,0
507884,2025-03-18,organic,,,,0
507885,2025-03-18,paid_social,retargeting,,,0
507886,2025-03-18,referral,,,,0
507887,2025-03-18,paid_social,prospecting_video,,,0
507888,2025-03-18,paid_social,prospecting_video,,,0
507889,2025-03-18,paid_search,brand_search,2025-03-27,monthly,29.97
507890,2025-03-18,paid_social,retargeting,,,0
507891,2025-03-18,paid_social,retargeting,,,0
507892,2025-03-18,organic,,,,0
507893,2025-03-18,paid_social,prospecting_video,,,0
507894,2025-03-18,paid_social,prospecting_video,,,0
507895,2025-03-18,paid_search,brand_search,,,0
507896,2025-03-18,referral,,2025-03-21,monthly,29.97
507897,2025-03-18,paid_search,brand_search,,,0
507898,2025-03-18,paid_search,brand_search,,,0
507899,2025-03-18,affiliate,finance_blogs,,,0
507900,2025-03-18,paid_search,brand_search,,,0
507901,2025-03-18,organic,,,,0
507902,2025-03-18,paid_search,generic_search,2025-03-19,annual,79.99
507903,2025-03-18,affiliate,finance_blogs,,,0
507904,2025-03-18,paid_social,prospecting_video,,,0
507905,2025-03-18,organic,,,,0
507906,2025-03-18,organic,,,,0
507907,2025-03-18,affiliate,finance_blogs,,,0
507908,2025-03-18,paid_search,generic_search,,,0
507909,2025-03-18,paid_search,brand_search,,,0
507910,2025-03-18,paid_search,brand_search,,,0
507911,2025-03-18,paid_search,brand_search,,,0
507912,2025-03-18,paid_social,prospecting_video,,,0
507913,2025-03-18,paid_social,prospecting_video,,,0
507914,2025-03-18,paid_search,generic_search,,,0
507915,2025-03-18,paid_social,prospecting_video,,,0
507916,2025-03-18,paid_social,prospecting_video,,,0
507917,2025-03-18,paid_social,prospecting_video,,,0
507918,2025-03-18,paid_search,generic_search,,,0
507919,2025-03-18,paid_social,prospecting_video,,,0
507920,2025-03-18,paid_search,generic_search,,,0
507921,2025-03-18,paid_social,prospecting_video,,,0
507922,2025-03-18,affiliate,finance_blogs,,,0
507923,2025-03-18,paid_social,prospecting_video,,,0
507924,2025-03-18,paid_social,prospecting_video,,,0
507925,2025-03-18,paid_search,brand_search,2025-03-31,monthly,19.98
507926,2025-03-18,paid_social,prospecting_video,,,0
507927,2025-03-18,paid_social,prospecting_video,,,0
507928,2025-03-18,referral,,,,0
507929,2025-03-18,paid_social,prospecting_video,,,0
507930,2025-03-18,paid_social,prospecting_video,,,0
507931,2025-03-18,paid_search,brand_search,,,0
507932,2025-03-18,paid_search,generic_search,2025-03-20,annual,79.99
507933,2025-03-18,display,display_network,,,0
507934,2025-03-18,paid_social,retargeting,,,0
507935,2025-03-18,affiliate,finance_blogs,,,0
507936,2025-03-18,paid_social,prospecting_video,,,0
507937,2025-03-18,paid_search,generic_search,,,0
507938,2025-03-18,paid_social,prospecting_video,,,0
507939,2025-03-18,paid_search,generic_search,,,0
507940,2025-03-18,paid_search,brand_search,,,0
507941,2025-03-18,paid_social,prospecting_video,,,0
507942,2025-03-18,display,display_network,,,0
507943,2025-03-18,paid_social,prospecting_video,2025-03-20,monthly,29.97
507944,2025-03-18,paid_search,brand_search,,,0
507945,2025-03-18,paid_search,brand_search,,,0
507946,2025-03-18,paid_social,prospecting_video,,,0
507947,2025-03-18,paid_social,retargeting,,,0
507948,2025-03-18,paid_search,brand_search,2025-03-19,monthly,19.98
507949,2025-03-18,paid_social,prospecting_video,,,0
507950,2025-03-18,paid_social,prospecting_video,,,0
507951,2025-03-18,paid_social,retargeting,,,0
507952,2025-03-18,paid_social,retargeting,,,0
507953,2025-03-18,paid_social,prospecting_video,,,0
507954,2025-03-18,paid_search,brand_search,,,0
507955,2025-03-18,paid_social,retargeting,,,0
507956,2025-03-18,organic,,,,0
507957,2025-03-18,paid_search,brand_search,,,0
507958,2025-03-18,paid_social,retargeting,,,0
507959,2025-03-18,paid_social,retargeting,2025-03-19,monthly,29.97
507960,2025-03-18,paid_social,prospecting_video,,,0
507961,2025-03-18,paid_social,retargeting,,,0
507962,2025-03-18,paid_search,brand_search,,,0
507963,2025-03-18,paid_social,prospecting_video,,,0
507964,2025-03-18,paid_social,prospecting_video,,,0
507965,2025-03-18,paid_search,generic_search,,,0
507966,2025-03-18,display,display_network,,,0
507967,2025-03-18,affiliate,finance_blogs,,,0
507968,2025-03-18,paid_social,prospecting_video,,,0
507969,2025-03-18,paid_search,brand_search,,,0
507970,2025-03-18,paid_social,retargeting,2025-03-18,monthly,19.98
507971,2025-03-18,paid_social,prospecting_video,,,0
507972,2025-03-19,paid_search,brand_search,2025-03-21,monthly,9.99
507973,2025-03-19,paid_search,brand_search,,,0
507974,2025-03-19,paid_search,brand_search,,,0
507975,2025-03-19,paid_social,prospecting_video,,,0
507976,2025-03-19,referral,,,,0
507977,2025-03-19,paid_social,prospecting_video,,,0
507978,2025-03-19,organic,,,,0
507979,2025-03-19,paid_social,prospecting_video,,,0
507980,2025-03-19,paid_social,retargeting,,,0
507981,2025-03-19,paid_search,brand_search,2025-03-20,annual,79.99
507982,2025-03-19,paid_social,prospecting_video,,,0
507983,2025-03-19,paid_social,prospecting_video,,,0
507984,2025-03-19,affiliate,finance_blogs,,,0
507985,2025-03-19,paid_social,prospecting_video,,,0
507986,2025-03-19,paid_search,brand_search,,,0
507987,2025-03-19,paid_social,prospecting_video,,,0
507988,2025-03-19,paid_social,prospecting_video,,,0
507989,2025-03-19,paid_search,generic_search,,,0
507990,2025-03-19,organic,,,,0
507991,2025-03-19,paid_social,retargeting,2025-03-27,monthly,29.97
507992,2025-03-19,paid_social,prospecting_video,,,0
507993,2025-03-19,paid_social,prospecting_video,,,0
507994,2025-03-19,paid_social,prospecting_video,,,0
507995,2025-03-19,paid_search,brand_search,,,0
507996,2025-03-19,referral,,2025-03-20,monthly,29.97
507997,2025-03-19,paid_social,retargeting,,,0
507998,2025-03-19,paid_social,prospecting_video,,,0
507999,2025-03-19,affiliate,finance_blogs,,,0
508000,2025-03-19,paid_search,generic_search,2025-03-21,monthly,29.97
508001,2025-03-19,paid_social,prospecting_video,,,0
508002,2025-03-19,organic,,,,0
508003,2025-03-19,paid_social,prospecting_video,,,0
508004,2025-03-19,organic,,,,0
508005,2025-03-19,paid_search,generic_search,,,0
508006,2025-03-19,paid_social,prospecting_video,,,0
508007,2025-03-19,paid_social,prospecting_video,,,0
508008,2025-03-19,paid_social,retargeting,,,0
508009,2025-03-19,referral,,,,0
508010,2025-03-19,paid_social,prospecting_video,,,0
508011,2025-03-19,organic,,,,0
508012,2025-03-19,paid_search,generic_search,,,0
508013,2025-03-19,organic,,,,0
508014,2025-03-19,paid_social,prospecting_video,,,0
508015,2025-03-19,paid_social,prospecting_video,,,0
508016,2025-03-19,paid_social,prospecting_video,,,0
508017,2025-03-19,paid_social,prospecting_video,2025-03-23,annual,79.99
508018,2025-03-19,paid_search,brand_search,2025-03-19,monthly,29.97
508019,2025-03-19,paid_social,retargeting,,,0
508020,2025-03-19,paid_search,brand_search,,,0
508021,2025-03-19,paid_social,prospecting_video,,,0
508022,2025-03-19,paid_social,prospecting_video,,,0
508023,2025-03-19,paid_search,brand_search,,,0
508024,2025-03-19,organic,,,,0
508025,2025-03-19,paid_social,retargeting,,,0
508026,2025-03-19,paid_social,prospecting_video,,,0
508027,2025-03-19,paid_social,prospecting_video,,,0
508028,2025-03-19,paid_social,prospecting_video,,,0
508029,2025-03-19,paid_social,prospecting_video,,,0
508030,2025-03-19,paid_social,retargeting,2025-03-19,monthly,19.98
508031,2025-03-19,paid_search,brand_search,,,0
508032,2025-03-19,paid_search,generic_search,,,0
508033,2025-03-19,referral,,2025-03-29,monthly,9.99
508034,2025-03-19,paid_social,retargeting,,,0
508035,2025-03-19,referral,,,,0
508036,2025-03-19,organic,,2025-03-19,monthly,9.99
508037,2025-03-19,organic,,,,0
508038,2025-03-19,paid_search,generic_search,,,0
508039,2025-03-19,paid_search,brand_search,,,0
508040,2025-03-19,paid_social,retargeting,2025-03-21,monthly,29.97
508041,2025-03-19,paid_search,generic_search,,,0
508042,2025-03-19,organic,,2025-03-25,monthly,29.97
508043,2025-03-19,paid_search,brand_search,2025-03-23,monthly,29.97
508044,2025-03-19,paid_social,prospecting_video,,,0
508045,2025-03-19,paid_social,retargeting,,,0
508046,2025-03-19,paid_social,prospecting_video,,,0
508047,2025-03-19,paid_social,prospecting_video,,,0
508048,2025-03-19,paid_social,prospecting_video,,,0
508049,2025-03-19,paid_social,prospecting_video,,,0
508050,2025-03-19,paid_social,prospecting_video,,,0
508051,2025-03-19,paid_search,brand_search,2025-03-27,monthly,29.97
508052,2025-03-19,paid_social,retargeting,2025-03-22,annual,79.99
508053,2025-03-19,paid_social,prospecting_video,,,0
508054,2025-03-19,paid_social,prospecting_video,,,0
508055,2025-03-19,display,display_network,,,0
508056,2025-03-19,paid_search,brand_search,,,0
508057,2025-03-19,paid_social,prospecting_video,,,0
508058,2025-03-19,paid_search,brand_search,2025-03-21,monthly,29.97
508059,2025-03-19,paid_search,generic_search,,,0
508060,2025-03-19,paid_social,prospecting_video,,,0
508061,2025-03-19,paid_search,generic_search,,,0
508062,2025-03-19,paid_social,prospecting_video,,,0
508063,2025-03-19,affiliate,finance_blogs,,,0
508064,2025-03-19,organic,,,,0
508065,2025-03-19,paid_social,prospecting_video,,,0
508066,2025-03-19,paid_social,prospecting_video,,,0
508067,2025-03-19,paid_social,retargeting,,,0
508068,2025-03-19,paid_social,prospecting_video,,,0
508069,2025-03-19,organic,,,,0
508070,2025-03-19,organic,,,,0
508071,2025-03-19,paid_social,retargeting,,,0
508072,2025-03-19,referral,,,,0
508073,2025-03-19,paid_social,prospecting_video,,,0
508074,2025-03-19,referral,,2025-03-23,monthly,19.98
508075,2025-03-19,paid_social,prospecting_video,,,0
508076,2025-03-19,paid_search,brand_search,,,0
508077,2025-03-20,organic,,,,0
508078,2025-03-20,paid_social,prospecting_video,,,0
508079,2025-03-20,paid_search,generic_search,,,0
508080,2025-03-20,affiliate,finance_blogs,2025-03-20,monthly,29.97
508081,2025-03-20,paid_social,prospecting_video,,,0
508082,2025-03-20,organic,,2025-03-25,monthly,29.97
508083,2025-03-20,paid_social,retargeting,2025-03-27,monthly,29.97
508084,2025-03-20,paid_social,prospecting_video,,,0
508085,2025-03-20,organic,,,,0
508086,2025-03-20,paid_social,prospecting_video,,,0
508087,2025-03-20,referral,,2025-03-24,annual,79.99
508088,2025-03-20,organic,,,,0
508089,2025-03-20,paid_search,generic_search,,,0
508090,2025-03-20,paid_search,brand_search,2025-03-29,annual,79.99
508091,2025-03-20,paid_search,brand_search,,,0
508092,2025-03-20,referral,,,,0
508093,2025-03-20,paid_search,generic_search,,,0
508094,2025-03-20,paid_search,generic_search,,,0
508095,2025-03-20,paid_search,brand_search,,,0
508096,2025-03-20,paid_social,retargeting,,,0
508097,2025-03-20,paid_social,retargeting,,,0
508098,2025-03-20,organic,,,,0
508099,2025-03-20,organic,,,,0
508100,2025-03-20,paid_social,prospecting_video,,,0
508101,2025-03-20,paid_social,prospecting_video,,,0
508102,2025-03-20,paid_social,prospecting_video,,,0
508103,2025-03-20,paid_search,generic_search,,,0
508104,2025-03-20,paid_social,prospecting_video,2025-03-20,monthly,29.97
508105,2025-03-20,paid_search,brand_search,,,0
508106,2025-03-20,organic,,,,0
508107,2025-03-20,paid_social,prospecting_video,,,0
508108,2025-03-20,organic,,,,0
508109,2025-03-20,paid_social,prospecting_video,,,0
508110,2025-03-20,paid_search,generic_search,,,0
508111,2025-03-20,paid_social,prospecting_video,,,0
508112,2025-03-20,organic,,,,0
508113,2025-03-20,paid_social,prospecting_video,,,0
508114,2025-03-20,paid_search,brand_search,2025-03-21,annual,79.99
508115,2025-03-20,paid_social,prospecting_video,,,0
508116,2025-03-20,paid_search,brand_search,,,0
508117,2025-03-20,organic,,,,0
508118,2025-03-20,paid_search,brand_search,,,0
508119,2025-03-20,paid_social,retargeting,,,0
508120,2025-03-20,organic,,,,0
508121,2025-03-20,organic,,,,0
508122,2025-03-20,paid_social,retargeting,,,0
508123,2025-03-20,paid_social,prospecting_video,,,0
508124,2025-03-20,paid_social,prospecting_video,,,0
508125,2025-03-20,paid_social,prospecting_video,,,0
508126,2025-03-20,referral,,,,0
508127,2025-03-20,paid_social,prospecting_video,2025-03-23,monthly,29.97
508128,2025-03-20,paid_social,prospecting_video,,,0
508129,2025-03-20,organic,,,,0
508130,2025-03-20,paid_search,generic_search,2025-03-21,monthly,29.97
508131,2025-03-20,paid_social,retargeting,,,0
508132,2025-03-20,paid_social,prospecting_video,,,0
508133,2025-03-20,paid_social,prospecting_video,,,0
508134,2025-03-20,paid_social,prospecting_video,,,0
508135,2025-03-20,paid_social,prospecting_video,,,0
508136,2025-03-20,paid_search,generic_search,,,0
508137,2025-03-20,referral,,,,0
508138,2025-03-20,organic,,,,0
508139,2025-03-20,paid_social,prospecting_video,,,0
508140,2025-03-20,paid_social,prospecting_video,,,0
508141,2025-03-20,paid_social,retargeting,,,0
508142,2025-03-20,paid_social,prospecting_video,,,0
508143,2025-03-20,organic,,,,0
508144,2025-03-20,paid_social,prospecting_video,,,0
508145,2025-03-20,organic,,,,0
508146,2025-03-20,paid_social,prospecting_video,,,0
508147,2025-03-20,paid_search,brand_search,,,0
508148,2025-03-20,paid_social,prospecting_video,,,0
508149,2025-03-20,display,display_network,,,0
508150,2025-03-20,paid_social,prospecting_video,,,0
508151,2025-03-20,organic,,,,0
508152,2025-03-20,organic,,,,0
508153,2025-03-20,paid_social,retargeting,,,0
508154,2025-03-20,paid_search,brand_search,,,0
508155,2025-03-20,organic,,,,0
508156,2025-03-20,paid_social,prospecting_video,,,0
508157,2025-03-20,paid_social,prospecting_video,,,0
508158,2025-03-20,paid_social,prospecting_video,,,0
508159,2025-03-20,referral,,,,0
508160,2025-03-20,paid_social,prospecting_video,,,0
508161,2025-03-20,paid_social,prospecting_video,,,0
508162,2025-03-20,paid_social,prospecting_video,,,0
508163,2025-03-20,paid_social,prospecting_video,,,0
508164,2025-03-20,referral,,,,0
508165,2025-03-20,organic,,2025-03-23,monthly,29.97
508166,2025-03-20,organic,,,,0
508167,2025-03-20,paid_social,prospecting_video,,,0
508168,2025-03-20,organic,,,,0
508169,2025-03-20,referral,,,,0
508170,2025-03-20,paid_social,prospecting_video,,,0
508171,2025-03-20,paid_social,prospecting_video,,,0
508172,2025-03-20,paid_social,retargeting,,,0
508173,2025-03-20,paid_social,retargeting,,,0
508174,2025-03-20,organic,,2025-04-02,annual,79.99
508175,2025-03-20,paid_social,prospecting_video,,,0
508176,2025-03-20,paid_social,retargeting,,,0
508177,2025-03-20,paid_social,prospecting_video,,,0
508178,2025-03-20,paid_search,generic_search,,,0
508179,2025-03-21,referral,,,,0
508180,2025-03-21,paid_social,prospecting_video,,,0
508181,2025-03-21,paid_social,prospecting_video,,,0
508182,2025-03-21,organic,,,,0
508183,2025-03-21,paid_social,prospecting_video,,,0
508184,2025-03-21,paid_social,prospecting_video,,,0
508185,2025-03-21,paid_search,brand_search,,,0
508186,2025-03-21,paid_search,brand_search,,,0
508187,2025-03-21,paid_search,generic_search,2025-03-23,annual,79.99
508188,2025-03-21,paid_social,prospecting_video,,,0
508189,2025-03-21,paid_social,prospecting_video,,,0
508190,2025-03-21,organic,,,,0
508191,2025-03-21,paid_social,retargeting,,,0
508192,2025-03-21,paid_search,brand_search,,,0
508193,2025-03-21,paid_social,retargeting,,,0
508194,2025-03-21,paid_search,brand_search,,,0
508195,2025-03-21,paid_social,prospecting_video,,,0
508196,2025-03-21,paid_social,prospecting_video,,,0
508197,2025-03-21,paid_social,retargeting,,,0
508198,2025-03-21,referral,,,,0
508199,2025-03-21,referral,,,,0
508200,2025-03-21,paid_search,generic_search,,,0
508201,2025-03-21,referral,,,,0
508202,2025-03-21,paid_search,generic_search,,,0
508203,2025-03-21,organic,,,,0
508204,2025-03-21,paid_social,prospecting_video,,,0
508205,2025-03-21,referral,,,,0
508206,2025-03-21,organic,,,,0
508207,2025-03-21,paid_social,prospecting_video,2025-03-23,annual,79.99
508208,2025-03-21,paid_social,retargeting,,,0
508209,2025-03-21,paid_social,prospecting_video,,,0
508210,2025-03-21,paid_search,brand_search,2025-03-22,monthly,29.97
508211,2025-03-21,organic,,,,0
508212,2025-03-21,paid_social,prospecting_video,,,0
508213,2025-03-21,paid_search,generic_search,,,0
508214,2025-03-21,paid_search,brand_search,2025-03-21,annual,79.99
508215,2025-03-21,paid_social,retargeting,,,0
508216,2025-03-21,paid_search,generic_search,,,0
508217,2025-03-21,paid_search,generic_search,,,0
508218,2025-03-21,paid_social,prospecting_video,,,0
508219,2025-03-21,organic,,,,0
508220,2025-03-21,paid_social,prospecting_video,,,0
508221,2025-03-21,paid_social,retargeting,,,0
508222,2025-03-21,organic,,,,0
508223,2025-03-21,affiliate,finance_blogs,,,0
508224,2025-03-21,paid_social,prospecting_video,2025-03-21,monthly,29.97
508225,2025-03-21,organic,,,,0
508226,2025-03-21,paid_search,brand_search,,,0
508227,2025-03-21,display,display_network,,,0
508228,2025-03-21,paid_social,retargeting,,,0
508229,2025-03-21,paid_social,prospecting_video,,,0
508230,2025-03-21,paid_social,prospecting_video,,,0
508231,2025-03-21,paid_search,generic_search,,,0
508232,2025-03-21,organic,,,,0
508233,2025-03-21,paid_social,prospecting_video,,,0
508234,2025-03-21,affiliate,finance_blogs,,,0
508235,2025-03-21,paid_social,prospecting_video,,,0
508236,2025-03-21,paid_search,generic_search,,,0
508237,2025-03-21,paid_social,prospecting_video,,,0
508238,2025-03-21,paid_social,prospecting_video,,,0
508239,2025-03-21,affiliate,finance_blogs,,,0
508240,2025-03-21,affiliate,finance_blogs,,,0
508241,2025-03-21,paid_social,prospecting_video,,,0
508242,2025-03-21,referral,,,,0
508243,2025-03-21,paid_social,retargeting,,,0
508244,2025-03-21,paid_search,generic_search,,,0
508245,2025-03-21,paid_search,brand_search,,,0
508246,2025-03-21,paid_search,brand_search,,,0
508247,2025-03-21,paid_social,retargeting,,,0
508248,2025-03-21,paid_social,prospecting_video,,,0
508249,2025-03-21,organic,,,,0
508250,2025-03-21,referral,,,,0
508251,2025-03-21,paid_social,retargeting,,,0
508252,2025-03-21,paid_social,prospecting_video,,,0
508253,2025-03-21,paid_search,brand_search,,,0
508254,2025-03-21,paid_search,generic_search,,,0
508255,2025-03-21,organic,,,,0
508256,2025-03-21,paid_social,prospecting_video,,,0
508257,2025-03-21,paid_social,prospecting_video,,,0
508258,2025-03-21,paid_social,retargeting,,,0
508259,2025-03-21,organic,,,,0
508260,2025-03-21,paid_social,retargeting,2025-03-22,annual,79.99
508261,2025-03-21,paid_social,retargeting,,,0
508262,2025-03-21,paid_social,prospecting_video,,,0
508263,2025-03-21,paid_social,prospecting_video,,,0
508264,2025-03-21,paid_social,prospecting_video,,,0
508265,2025-03-21,paid_social,retargeting,,,0
508266,2025-03-21,paid_social,prospecting_video,,,0
508267,2025-03-21,organic,,,,0
508268,2025-03-21,paid_social,prospecting_video,,,0
508269,2025-03-21,paid_social,prospecting_video,,,0
508270,2025-03-21,organic,,,,0
508271,2025-03-21,paid_social,prospecting_video,,,0
508272,2025-03-21,paid_social,prospecting_video,,,0
508273,2025-03-21,paid_social,prospecting_video,,,0
508274,2025-03-21,paid_social,retargeting,,,0
508275,2025-03-21,organic,,,,0
508276,2025-03-21,paid_social,retargeting,,,0
508277,2025-03-21,paid_social,prospecting_video,,,0
508278,2025-03-21,paid_social,retargeting,2025-03-21,monthly,29.97
508279,2025-03-21,organic,,,,0
508280,2025-03-21,affiliate,finance_blogs,,,0
508281,2025-03-21,paid_search,brand_search,,,0
508282,2025-03-21,paid_social,retargeting,,,0
508283,2025-03-21,paid_social,prospecting_video,,,0
508284,2025-03-21,paid_social,prospecting_video,,,0
508285,2025-03-21,paid_social,prospecting_video,,,0
508286,2025-03-21,paid_social,retargeting,,,0
508287,2025-03-21,paid_social,retargeting,,,0
508288,2025-03-21,paid_social,prospecting_video,,,0
508289,2025-03-21,display,display_network,,,0
508290,2025-03-21,paid_search,brand_search,,,0
508291,2025-03-21,organic,,,,0
508292,2025-03-21,referral,,,,0
508293,2025-03-21,paid_search,generic_search,2025-03-21,monthly,29.97
508294,2025-03-21,paid_social,prospecting_video,,,0
508295,2025-03-22,paid_search,brand_search,2025-03-22,monthly,29.97
508296,2025-03-22,affiliate,finance_blogs,,,0
508297,2025-03-22,paid_social,prospecting_video,,,0
508298,2025-03-22,affiliate,finance_blogs,,,0
508299,2025-03-22,paid_social,prospecting_video,,,0
508300,2025-03-22,paid_social,prospecting_video,2025-03-25,monthly,29.97
508301,2025-03-22,paid_social,prospecting_video,,,0
508302,2025-03-22,paid_search,generic_search,2025-03-25,monthly,29.97
508303,2025-03-22,paid_social,prospecting_video,,,0
508304,2025-03-22,paid_social,prospecting_video,,,0
508305,2025-03-22,paid_search,generic_search,,,0
508306,2025-03-22,paid_social,prospecting_video,,,0
508307,2025-03-22,organic,,,,0
508308,2025-03-22,paid_social,prospecting_video,,,0
508309,2025-03-22,paid_search,generic_search,,,0
508310,2025-03-22,organic,,,,0
508311,2025-03-22,paid_social,prospecting_video,,,0
508312,2025-03-22,paid_search,generic_search,,,0
508313,2025-03-22,organic,,,,0
508314,2025-03-22,organic,,,,0
508315,2025-03-22,paid_social,prospecting_video,,,0
508316,2025-03-22,referral,,,,0
508317,2025-03-22,organic,,,,0
508318,2025-03-22,organic,,,,0
508319,2025-03-22,paid_social,retargeting,,,0
508320,2025-03-22,paid_social,prospecting_video,,,0
508321,2025-03-22,organic,,,,0
508322,2025-03-22,paid_social,prospecting_video,,,0
508323,2025-03-22,paid_social,prospecting_video,,,0
508324,2025-03-22,paid_search,brand_search,2025-03-29,monthly,29.97
508325,2025-03-22,organic,,,,0
508326,2025-03-22,paid_social,retargeting,,,0
508327,2025-03-22,referral,,,,0
508328,2025-03-22,paid_search,generic_search,,,0
508329,2025-03-22,paid_search,generic_search,,,0
508330,2025-03-22,paid_search,brand_search,,,0
508331,2025-03-22,paid_social,retargeting,,,0
508332,2025-03-22,organic,,,,0
508333,2025-03-22,paid_social,prospecting_video,,,0
508334,2025-03-22,paid_social,prospecting_video,,,0
508335,2025-03-22,paid_search,generic_search,,,0
508336,2025-03-22,paid_social,prospecting_video,,,0
508337,2025-03-22,referral,,,,0
508338,2025-03-22,paid_search,generic_search,,,0
508339,2025-03-22,paid_social,prospecting_video,,,0
508340,2025-03-22,organic,,,,0
508341,2025-03-22,affiliate,finance_blogs,,,0
508342,2025-03-22,paid_social,prospecting_video,,,0
508343,2025-03-22,paid_social,prospecting_video,,,0
508344,2025-03-22,paid_social,prospecting_video,,,0
508345,2025-03-22,organic,,2025-03-23,monthly,29.97
508346,2025-03-22,paid_search,generic_search,,,0
508347,2025-03-22,paid_search,brand_search,2025-03-27,annual,79.99
508348,2025-03-22,paid_social,prospecting_video,,,0
508349,2025-03-22,organic,,,,0
508350,2025-03-22,paid_social,prospecting_video,,,0
508351,2025-03-22,paid_social,prospecting_video,,,0
508352,2025-03-22,paid_search,generic_search,,,0
508353,2025-03-22,organic,,2025-03-23,annual,79.99
508354,2025-03-22,paid_social,prospecting_video,,,0
508355,2025-03-22,paid_social,prospecting_video,,,0
508356,2025-03-22,organic,,,,0
508357,2025-03-22,paid_social,prospecting_video,,,0
508358,2025-03-22,paid_social,prospecting_video,,,0
508359,2025-03-22,paid_social,retargeting,2025-03-23,monthly,19.98
508360,2025-03-22,paid_social,retargeting,,,0
508361,2025-03-22,referral,,,,0
508362,2025-03-22,paid_social,prospecting_video,,,0
508363,2025-03-22,organic,,,,0
508364,2025-03-22,organic,,2025-03-23,monthly,19.98
508365,2025-03-22,paid_search,brand_search,,,0
508366,2025-03-22,organic,,,,0
508367,2025-03-22,paid_search,brand_search,,,0
508368,2025-03-22,paid_search,generic_search,,,0
508369,2025-03-22,paid_social,prospecting_video,,,0
508370,2025-03-22,organic,,,,0
508371,2025-03-22,paid_social,retargeting,,,0
508372,2025-03-22,paid_social,prospecting_video,,,0
508373,2025-03-22,organic,,,,0
508374,2025-03-22,organic,,,,0
508375,2025-03-22,paid_social,prospecting_video,2025-03-22,monthly,29.97
508376,2025-03-22,referral,,,,0
508377,2025-03-22,paid_social,prospecting_video,,,0
508378,2025-03-23,organic,,,,0
508379,2025-03-23,paid_social,prospecting_video,,,0
508380,2025-03-23,paid_social,prospecting_video,,,0
508381,2025-03-23,paid_social,prospecting_video,,,0
508382,2025-03-23,paid_social,prospecting_video,,,0
508383,2025-03-23,paid_social,prospecting_video,,,0
508384,2025-03-23,paid_social,prospecting_video,,,0
508385,2025-03-23,paid_search,generic_search,,,0
508386,2025-03-23,paid_social,retargeting,2025-03-29,monthly,29.97
508387,2025-03-23,paid_search,brand_search,,,0
508388,2025-03-23,paid_search,generic_search,,,0
508389,2025-03-23,affiliate,finance_blogs,,,0
508390,2025-03-23,organic,,,,0
508391,2025-03-23,paid_social,prospecting_video,,,0
508392,2025-03-23,paid_social,prospecting_video,,,0
508393,2025-03-23,paid_social,prospecting_video,,,0
508394,2025-03-23,paid_search,generic_search,,,0
508395,2025-03-23,paid_social,prospecting_video,,,0
508396,2025-03-23,paid_search,brand_search,2025-04-05,monthly,9.99
508397,2025-03-23,paid_social,prospecting_video,,,0
508398,2025-03-23,paid_social,prospecting_video,,,0
508399,2025-03-23,paid_social,retargeting,2025-03-23,monthly,19.98
508400,2025-03-23,organic,,2025-03-26,monthly,19.98
508401,2025-03-23,paid_search,generic_search,,,0
508402,2025-03-23,organic,,,,0
508403,2025-03-23,organic,,,,0
508404,2025-03-23,organic,,,,0
508405,2025-03-23,paid_social,prospecting_video,,,0
508406,2025-03-23,organic,,,,0
508407,2025-03-23,affiliate,finance_blogs,,,0
508408,2025-03-23,paid_social,prospecting_video,,,0
508409,2025-03-23,referral,,,,0
508410,2025-03-23,paid_search,generic_search,,,0
508411,2025-03-23,affiliate,finance_blogs,,,0
508412,2025-03-23,paid_social,retargeting,,,0
508413,2025-03-23,organic,,,,0
508414,2025-03-23,referral,,2025-03-25,monthly,29.97
508415,2025-03-23,paid_social,prospecting_video,,,0
508416,2025-03-23,affiliate,finance_blogs,,,0
508417,2025-03-23,paid_social,prospecting_video,,,0
508418,2025-03-23,paid_social,prospecting_video,,,0
508419,2025-03-23,paid_search,generic_search,,,0
508420,2025-03-23,paid_social,prospecting_video,,,0
508421,2025-03-23,paid_social,prospecting_video,,,0
508422,2025-03-23,paid_social,prospecting_video,,,0
508423,2025-03-23,paid_search,generic_search,,,0
508424,2025-03-23,organic,,,,0
508425,2025-03-23,paid_social,prospecting_video,,,0
508426,2025-03-23,paid_social,retargeting,,,0
508427,2025-03-23,organic,,,,0
508428,2025-03-23,paid_search,brand_search,,,0
508429,2025-03-23,organic,,,,0
508430,2025-03-23,paid_social,retargeting,2025-04-05,monthly,29.97
508431,2025-03-23,paid_search,brand_search,,,0
508432,2025-03-23,paid_search,brand_search,,,0
508433,2025-03-23,paid_social,prospecting_video,,,0
508434,2025-03-23,paid_social,retargeting,,,0
508435,2025-03-23,referral,,,,0
508436,2025-03-23,paid_social,retargeting,,,0
508437,2025-03-23,display,display_network,,,0
508438,2025-03-23,paid_social,prospecting_video,,,0
508439,2025-03-23,paid_social,prospecting_video,,,0
508440,2025-03-23,paid_social,prospecting_video,,,0
508441,2025-03-23,paid_social,retargeting,2025-03-29,monthly,19.98
508442,2025-03-23,paid_search,generic_search,2025-03-31,monthly,19.98
508443,2025-03-23,organic,,,,0
508444,2025-03-23,paid_search,brand_search,,,0
508445,2025-03-23,organic,,,,0
508446,2025-03-23,paid_search,generic_search,,,0
508447,2025-03-23,paid_social,prospecting_video,,,0
508448,2025-03-23,organic,,,,0
508449,2025-03-23,paid_social,retargeting,,,0
508450,2025-03-23,paid_social,prospecting_video,,,0
508451,2025-03-23,paid_social,retargeting,2025-03-26,monthly,29.97
508452,2025-03-23,paid_social,prospecting_video,,,0
508453,2025-03-23,paid_social,prospecting_video,,,0
508454,2025-03-23,paid_search,brand_search,,,0
508455,2025-03-23,paid_search,brand_search,,,0
508456,2025-03-23,organic,,,,0
508457,2025-03-23,paid_social,retargeting,,,0
508458,2025-03-23,referral,,,,0
508459,2025-03-23,paid_social,retargeting,,,0
508460,2025-03-23,organic,,,,0
508461,2025-03-23,organic,,,,0
508462,2025-03-23,paid_social,prospecting_video,,,0
508463,2025-03-23,paid_social,retargeting,,,0
508464,2025-03-23,referral,,2025-03-24,annual,79.99
508465,2025-03-23,organic,,2025-03-25,annual,79.99
508466,2025-03-23,organic,,,,0
508467,2025-03-23,paid_social,retargeting,,,0
508468,2025-03-23,affiliate,finance_blogs,2025-03-25,monthly,19.98
508469,2025-03-23,paid_social,prospecting_video,,,0
508470,2025-03-23,paid_social,prospecting_video,,,0
508471,2025-03-23,paid_social,prospecting_video,,,0
508472,2025-03-23,referral,,,,0
508473,2025-03-23,paid_search,brand_search,,,0
508474,2025-03-23,paid_search,brand_search,,,0
508475,2025-03-23,paid_social,prospecting_video,,,0
508476,2025-03-24,paid_social,prospecting_video,,,0
508477,2025-03-24,referral,,,,0
508478,2025-03-24,organic,,,,0
508479,2025-03-24,paid_social,prospecting_video,,,0
508480,2025-03-24,affiliate,finance_blogs,2025-03-26,monthly,29.97
508481,2025-03-24,paid_social,prospecting_video,,,0
508482,2025-03-24,paid_search,brand_search,,,0
508483,2025-03-24,paid_search,generic_search,2025-03-25,monthly,29.97
508484,2025-03-24,organic,,,,0
508485,2025-03-24,paid_social,prospecting_video,,,0
508486,2025-03-24,referral,,2025-03-25,annual,79.99
508487,2025-03-24,referral,,2025-03-24,monthly,19.98
508488,2025-03-24,paid_social,prospecting_video,,,0
508489,2025-03-24,paid_social,prospecting_video,,,0
508490,2025-03-24,paid_social,prospecting_video,,,0
508491,2025-03-24,paid_social,retargeting,2025-03-25,monthly,29.97
508492,2025-03-24,paid_social,prospecting_video,,,0
508493,2025-03-24,referral,,2025-03-27,annual,79.99
508494,2025-03-24,paid_search,generic_search,,,0
508495,2025-03-24,organic,,,,0
508496,2025-03-24,affiliate,finance_blogs,,,0
508497,2025-03-24,display,display_network,,,0
508498,2025-03-24,paid_social,prospecting_video,,,0
508499,2025-03-24,paid_search,brand_search,,,0
508500,2025-03-24,paid_social,prospecting_video,,,0
508501,2025-03-24,referral,,,,0
508502,2025-03-24,organic,,,,0
508503,2025-03-24,paid_search,brand_search,,,0
508504,2025-03-24,paid_social,prospecting_video,,,0
508505,2025-03-24,paid_social,prospecting_video,,,0
508506,2025-03-24,paid_social,prospecting_video,,,0
508507,2025-03-24,paid_social,prospecting_video,,,0
508508,2025-03-24,paid_search,generic_search,,,0
508509,2025-03-24,paid_social,prospecting_video,,,0
508510,2025-03-24,paid_social,prospecting_video,,,0
508511,2025-03-24,paid_social,prospecting_video,,,0
508512,2025-03-24,paid_social,prospecting_video,,,0
508513,2025-03-24,paid_social,prospecting_video,,,0
508514,2025-03-24,referral,,,,0
508515,2025-03-24,paid_social,prospecting_video,,,0
508516,2025-03-24,organic,,,,0
508517,2025-03-24,organic,,,,0
508518,2025-03-24,paid_social,retargeting,,,0
508519,2025-03-24,organic,,,,0
508520,2025-03-24,paid_search,brand_search,,,0
508521,2025-03-24,display,display_network,,,0
508522,2025-03-24,paid_social,retargeting,,,0
508523,2025-03-24,paid_search,brand_search,,,0
508524,2025-03-24,paid_social,prospecting_video,,,0
508525,2025-03-24,paid_social,prospecting_video,,,0
508526,2025-03-24,organic,,,,0
508527,2025-03-24,paid_social,prospecting_video,,,0
508528,2025-03-24,organic,,,,0
508529,2025-03-24,paid_social,prospecting_video,,,0
508530,2025-03-24,paid_social,prospecting_video,,,0
508531,2025-03-24,paid_social,retargeting,,,0
508532,2025-03-24,paid_social,prospecting_video,,,0
508533,2025-03-24,paid_search,brand_search,,,0
508534,2025-03-24,paid_social,prospecting_video,,,0
508535,2025-03-24,paid_social,prospecting_video,,,0
508536,2025-03-24,paid_social,prospecting_video,,,0
508537,2025-03-24,paid_search,brand_search,,,0
508538,2025-03-24,paid_social,retargeting,,,0
508539,2025-03-24,organic,,,,0
508540,2025-03-24,organic,,,,0
508541,2025-03-24,paid_search,generic_search,,,0
508542,2025-03-24,paid_social,prospecting_video,,,0
508543,2025-03-24,organic,,,,0
508544,2025-03-24,paid_social,prospecting_video,,,0
508545,2025-03-24,paid_search,brand_search,2025-04-02,annual,79.99
508546,2025-03-24,organic,,,,0
508547,2025-03-24,paid_social,prospecting_video,,,0
508548,2025-03-24,organic,,,,0
508549,2025-03-24,paid_social,prospecting_video,,,0
508550,2025-03-24,organic,,,,0
508551,2025-03-24,paid_social,prospecting_video,,,0
508552,2025-03-24,referral,,,,0
508553,2025-03-24,paid_social,prospecting_video,,,0
508554,2025-03-24,paid_social,retargeting,2025-03-24,monthly,29.97
508555,2025-03-24,paid_social,prospecting_video,,,0
508556,2025-03-24,referral,,,,0
508557,2025-03-24,organic,,,,0
508558,2025-03-24,referral,,,,0
508559,2025-03-24,paid_search,brand_search,,,0
508560,2025-03-24,paid_social,retargeting,,,0
508561,2025-03-24,organic,,2025-03-26,monthly,29.97
508562,2025-03-24,referral,,,,0
508563,2025-03-24,paid_search,generic_search,,,0
508564,2025-03-24,paid_search,brand_search,,,0
508565,2025-03-24,paid_social,prospecting_video,,,0
508566,2025-03-24,paid_social,prospecting_video,,,0
508567,2025-03-24,paid_social,prospecting_video,,,0
508568,2025-03-24,paid_search,brand_search,,,0
508569,2025-03-24,paid_social,prospecting_video,,,0
508570,2025-03-24,organic,,,,0
508571,2025-03-24,organic,,,,0
508572,2025-03-25,organic,,,,0
508573,2025-03-25,paid_search,generic_search,2025-03-26,monthly,29.97
508574,2025-03-25,organic,,,,0
508575,2025-03-25,paid_social,prospecting_video,,,0
508576,2025-03-25,paid_social,retargeting,,,0
508577,2025-03-25,paid_social,prospecting_video,,,0
508578,2025-03-25,paid_search,brand_search,,,0
508579,2025-03-25,paid_social,prospecting_video,,,0
508580,2025-03-25,paid_social,retargeting,2025-03-27,annual,79.99
508581,2025-03-25,paid_social,prospecting_video,,,0
508582,2025-03-25,paid_social,retargeting,,,0
508583,2025-03-25,paid_search,generic_search,2025-03-26,monthly,29.97
508584,2025-03-25,paid_social,prospecting_video,,,0
508585,2025-03-25,paid_social,prospecting_video,2025-03-25,monthly,29.97
508586,2025-03-25,affiliate,finance_blogs,,,0
508587,2025-03-25,paid_social,prospecting_video,,,0
508588,2025-03-25,paid_social,retargeting,,,0
508589,2025-03-25,paid_social,prospecting_video,,,0
508590,2025-03-25,paid_social,prospecting_video,,,0
508591,2025-03-25,organic,,,,0
508592,2025-03-25,paid_search,brand_search,,,0
508593,2025-03-25,paid_social,prospecting_video,,,0
508594,2025-03-25,paid_social,prospecting_video,,,0
508595,2025-03-25,paid_social,prospecting_video,,,0
508596,2025-03-25,paid_search,brand_search,,,0
508597,2025-03-25,paid_social,prospecting_video,,,0
508598,2025-03-25,paid_social,prospecting_video,,,0
508599,2025-03-25,paid_search,generic_search,,,0
508600,2025-03-25,paid_search,generic_search,2025-03-28,monthly,29.97
508601,2025-03-25,paid_social,prospecting_video,,,0
508602,2025-03-25,paid_social,prospecting_video,,,0
508603,2025-03-25,paid_social,prospecting_video,,,0
508604,2025-03-25,paid_search,generic_search,,,0
508605,2025-03-25,paid_social,prospecting_video,,,0
508606,2025-03-25,organic,,,,0
508607,2025-03-25,organic,,,,0
508608,2025-03-25,organic,,,,0
508609,2025-03-25,organic,,,,0
508610,2025-03-25,organic,,,,0
508611,2025-03-25,paid_social,prospecting_video,,,0
508612,2025-03-25,referral,,,,0
508613,2025-03-25,affiliate,finance_blogs,,,0
508614,2025-03-25,paid_social,prospecting_video,,,0
508615,2025-03-25,paid_social,retargeting,,,0
508616,2025-03-25,referral,,,,0
508617,2025-03-25,paid_social,prospecting_video,,,0
508618,2025-03-25,paid_social,prospecting_video,,,0
508619,2025-03-25,paid_social,retargeting,,,0
508620,2025-03-25,paid_social,retargeting,,,0
508621,2025-03-25,paid_social,prospecting_video,,,0
508622,2025-03-25,paid_social,prospecting_video,,,0
508623,2025-03-25,paid_social,prospecting_video,,,0
508624,2025-03-25,paid_social,prospecting_video,,,0
508625,2025-03-25,paid_search,generic_search,,,0
508626,2025-03-25,paid_search,brand_search,2025-03-26,annual,79.99
508627,2025-03-25,paid_search,brand_search,,,0
508628,2025-03-25,organic,,,,0
508629,2025-03-25,referral,,,,0
508630,2025-03-25,paid_search,generic_search,2025-03-26,annual,79.99
508631,2025-03-25,paid_social,retargeting,,,0
508632,2025-03-25,paid_search,brand_search,,,0
508633,2025-03-25,paid_search,generic_search,2025-03-28,monthly,29.97
508634,2025-03-25,organic,,,,0
508635,2025-03-25,paid_social,prospecting_video,,,0
508636,2025-03-25,paid_search,generic_search,2025-03-28,monthly,29.97
508637,2025-03-25,paid_social,retargeting,,,0
508638,2025-03-25,paid_social,prospecting_video,,,0
508639,2025-03-25,paid_search,brand_search,,,0
508640,2025-03-25,paid_social,prospecting_video,,,0
508641,2025-03-25,paid_social,prospecting_video,2025-03-27,annual,79.99
508642,2025-03-25,organic,,,,0
508643,2025-03-25,display,display_network,,,0
508644,2025-03-25,paid_search,brand_search,,,0
508645,2025-03-25,paid_search,generic_search,2025-03-26,annual,79.99
508646,2025-03-25,paid_social,prospecting_video,,,0
508647,2025-03-25,paid_search,generic_search,,,0
508648,2025-03-25,paid_social,retargeting,,,0
508649,2025-03-25,paid_search,brand_search,,,0
508650,2025-03-25,affiliate,finance_blogs,,,0
508651,2025-03-25,referral,,,,0
508652,2025-03-25,paid_social,prospecting_video,,,0
508653,2025-03-25,paid_search,brand_search,,,0
508654,2025-03-25,paid_social,retargeting,2025-03-25,monthly,19.98
508655,2025-03-25,paid_social,prospecting_video,,,0
508656,2025-03-25,paid_search,brand_search,,,0
508657,2025-03-25,paid_social,retargeting,,,0
508658,2025-03-25,paid_social,prospecting_video,,,0
508659,2025-03-25,referral,,,,0
508660,2025-03-25,paid_search,brand_search,,,0
508661,2025-03-25,paid_social,prospecting_video,,,0
508662,2025-03-25,affiliate,finance_blogs,,,0
508663,2025-03-25,paid_social,retargeting,2025-03-30,monthly,29.97
508664,2025-03-25,paid_social,retargeting,,,0
508665,2025-03-25,paid_social,prospecting_video,,,0
508666,2025-03-25,affiliate,finance_blogs,,,0
508667,2025-03-25,paid_social,prospecting_video,,,0
508668,2025-03-25,paid_search,brand_search,,,0
508669,2025-03-25,paid_social,prospecting_video,,,0
508670,2025-03-25,paid_social,prospecting_video,,,0
508671,2025-03-25,paid_social,prospecting_video,,,0
508672,2025-03-25,organic,,,,0
508673,2025-03-25,paid_social,retargeting,,,0
508674,2025-03-25,paid_social,prospecting_video,,,0
508675,2025-03-25,paid_social,retargeting,,,0
508676,2025-03-25,paid_search,brand_search,2025-03-31,annual,79.99
508677,2025-03-25,referral,,,,0
508678,2025-03-25,paid_social,prospecting_video,,,0
508679,2025-03-25,paid_social,retargeting,,,0
508680,2025-03-25,referral,,,,0
508681,2025-03-25,paid_social,prospecting_video,,,0
508682,2025-03-25,organic,,,,0
508683,2025-03-25,paid_social,prospecting_video,,,0
508684,2025-03-25,paid_search,brand_search,2025-03-25,annual,79.99
508685,2025-03-25,paid_social,prospecting_video,,,0
508686,2025-03-25,paid_search,generic_search,,,0
508687,2025-03-25,paid_social,prospecting_video,,,0
508688,2025-03-25,organic,,,,0
508689,2025-03-25,paid_search,brand_search,,,0
508690,2025-03-25,paid_search,brand_search,,,0
508691,2025-03-25,paid_social,prospecting_video,,,0
508692,2025-03-26,affiliate,finance_blogs,,,0
508693,2025-03-26,organic,,,,0
508694,2025-03-26,paid_search,generic_search,2025-03-26,monthly,29.97
508695,2025-03-26,paid_social,prospecting_video,,,0
508696,2025-03-26,paid_social,prospecting_video,,,0
508697,2025-03-26,paid_social,prospecting_video,,,0
508698,2025-03-26,paid_search,generic_search,,,0
508699,2025-03-26,paid_social,prospecting_video,2025-03-26,monthly,9.99
508700,2025-03-26,organic,,,,0
508701,2025-03-26,paid_social,retargeting,,,0
508702,2025-03-26,paid_social,prospecting_video,,,0
508703,2025-03-26,organic,,2025-03-28,annual,79.99
508704,2025-03-26,referral,,,,0
508705,2025-03-26,paid_social,prospecting_video,,,0
508706,2025-03-26,paid_search,generic_search,,,0
508707,2025-03-26,paid_social,retargeting,,,0
508708,2025-03-26,paid_search,generic_search,,,0
508709,2025-03-26,paid_social,prospecting_video,,,0
508710,2025-03-26,paid_search,brand_search,,,0
508711,2025-03-26,paid_social,prospecting_video,,,0
508712,2025-03-26,paid_search,brand_search,,,0
508713,2025-03-26,organic,,,,0
508714,2025-03-26,paid_search,brand_search,,,0
508715,2025-03-26,organic,,,,0
508716,2025-03-26,paid_search,brand_search,,,0
508717,2025-03-26,paid_social,retargeting,,,0
508718,2025-03-26,organic,,2025-03-30,monthly,29.97
508719,2025-03-26,affiliate,finance_blogs,,,0
508720,2025-03-26,paid_social,prospecting_video,,,0
508721,2025-03-26,paid_search,brand_search,,,0
508722,2025-03-26,organic,,,,0
508723,2025-03-26,paid_search,generic_search,,,0
508724,2025-03-26,paid_social,prospecting_video,,,0
508725,2025-03-26,paid_social,prospecting_video,,,0
508726,2025-03-26,organic,,,,0
508727,2025-03-26,organic,,,,0
508728,2025-03-26,paid_search,generic_search,2025-03-29,annual,79.99
508729,2025-03-26,organic,,,,0
508730,2025-03-26,paid_social,prospecting_video,,,0
508731,2025-03-26,organic,,,,0
508732,2025-03-26,paid_social,prospecting_video,,,0
508733,2025-03-26,paid_search,generic_search,,,0
508734,2025-03-26,organic,,,,0
508735,2025-03-26,organic,,,,0
508736,2025-03-26,paid_search,brand_search,,,0
508737,2025-03-26,paid_social,prospecting_video,,,0
508738,2025-03-26,affiliate,finance_blogs,2025-03-27,monthly,29.97
508739,2025-03-26,paid_social,retargeting,,,0
508740,2025-03-26,paid_social,prospecting_video,,,0
508741,2025-03-26,affiliate,finance_blogs,,,0
508742,2025-03-26,paid_social,prospecting_video,,,0
508743,2025-03-26,affiliate,finance_blogs,2025-03-29,monthly,29.97
508744,2025-03-26,organic,,,,0
508745,2025-03-26,organic,,2025-03-26,monthly,29.97
508746,2025-03-26,paid_social,prospecting_video,,,0
508747,2025-03-26,paid_search,brand_search,,,0
508748,2025-03-26,paid_social,prospecting_video,,,0
508749,2025-03-26,paid_social,retargeting,2025-04-04,monthly,19.98
508750,2025-03-26,paid_search,generic_search,,,0
508751,2025-03-26,paid_search,generic_search,,,0
508752,2025-03-26,paid_social,retargeting,2025-03-26,monthly,29.97
508753,2025-03-26,paid_social,prospecting_video,,,0
508754,2025-03-26,paid_search,brand_search,2025-03-26,monthly,29.97
508755,2025-03-26,paid_social,prospecting_video,,,0
508756,2025-03-26,paid_social,prospecting_video,,,0
508757,2025-03-26,organic,,,,0
508758,2025-03-26,organic,,,,0
508759,2025-03-26,organic,,2025-03-31,monthly,29.97
508760,2025-03-26,paid_social,prospecting_video,,,0
508761,2025-03-26,paid_search,generic_search,,,0
508762,2025-03-26,paid_social,prospecting_video,,,0
508763,2025-03-26,paid_social,prospecting_video,,,0
508764,2025-03-26,affiliate,finance_blogs,,,0
508765,2025-03-26,display,display_network,,,0
508766,2025-03-26,organic,,,,0
508767,2025-03-26,organic,,2025-03-26,monthly,19.98
508768,2025-03-26,paid_search,generic_search,,,0
508769,2025-03-26,paid_social,prospecting_video,,,0
508770,2025-03-26,paid_social,retargeting,,,0
508771,2025-03-26,paid_search,brand_search,,,0
508772,2025-03-26,paid_search,brand_search,,,0
508773,2025-03-26,paid_search,generic_search,,,0
508774,2025-03-26,paid_search,brand_search,,,0
508775,2025-03-26,paid_social,prospecting_video,,,0
508776,2025-03-26,paid_search,generic_search,,,0
508777,2025-03-26,affiliate,finance_blogs,,,0
508778,2025-03-26,paid_social,prospecting_video,,,0
508779,2025-03-26,paid_search,generic_search,,,0
508780,2025-03-26,organic,,,,0
508781,2025-03-26,paid_search,brand_search,,,0
508782,2025-03-26,paid_social,prospecting_video,,,0
508783,2025-03-26,organic,,,,0
508784,2025-03-26,paid_social,retargeting,,,0
508785,2025-03-26,paid_search,generic_search,,,0
508786,2025-03-26,paid_social,prospecting_video,,,0
508787,2025-03-26,paid_social,prospecting_video,,,0
508788,2025-03-26,organic,,,,0
508789,2025-03-26,paid_social,prospecting_video,,,0
508790,2025-03-26,affiliate,finance_blogs,,,0
508791,2025-03-26,paid_social,retargeting,,,0
508792,2025-03-26,paid_social,prospecting_video,,,0
508793,2025-03-26,paid_social,prospecting_video,,,0
508794,2025-03-26,paid_search,generic_search,2025-03-27,annual,79.99
508795,2025-03-26,paid_search,generic_search,,,0
508796,2025-03-26,paid_social,prospecting_video,,,0
508797,2025-03-26,organic,,,,0
508798,2025-03-26,paid_social,prospecting_video,,,0
508799,2025-03-26,paid_search,generic_search,2025-03-29,annual,79.99
508800,2025-03-26,paid_social,prospecting_video,,,0
508801,2025-03-27,paid_search,generic_search,,,0
508802,2025-03-27,paid_social,retargeting,,,0
508803,2025-03-27,organic,,,,0
508804,2025-03-27,paid_social,prospecting_video,,,0
508805,2025-03-27,paid_social,prospecting_video,,,0
508806,2025-03-27,paid_social,prospecting_video,,,0
508807,2025-03-27,organic,,,,0
508808,2025-03-27,paid_social,prospecting_video,,,0
508809,2025-03-27,paid_social,prospecting_video,,,0
508810,2025-03-27,paid_social,prospecting_video,,,0
508811,2025-03-27,paid_social,prospecting_video,,,0
508812,2025-03-27,affiliate,finance_blogs,,,0
508813,2025-03-27,paid_social,prospecting_video,,,0
508814,2025-03-27,paid_social,prospecting_video,,,0
508815,2025-03-27,paid_social,prospecting_video,,,0
508816,2025-03-27,paid_search,brand_search,,,0
508817,2025-03-27,paid_search,generic_search,,,0
508818,2025-03-27,paid_social,prospecting_video,,,0
508819,2025-03-27,paid_search,generic_search,,,0
508820,2025-03-27,paid_social,prospecting_video,,,0
508821,2025-03-27,paid_social,prospecting_video,2025-03-27,monthly,29.97
508822,2025-03-27,paid_social,prospecting_video,,,0
508823,2025-03-27,paid_social,retargeting,2025-03-28,annual,79.99
508824,2025-03-27,referral,,2025-03-30,monthly,9.99
508825,2025-03-27,paid_social,prospecting_video,,,0
508826,2025-03-27,affiliate,finance_blogs,,,0
508827,2025-03-27,paid_social,retargeting,,,0
508828,2025-03-27,paid_social,prospecting_video,,,0
508829,2025-03-27,paid_social,prospecting_video,,,0
508830,2025-03-27,organic,,,,0
508831,2025-03-27,paid_search,generic_search,,,0
508832,2025-03-27,affiliate,finance_blogs,,,0
508833,2025-03-27,paid_social,retargeting,,,0
508834,2025-03-27,referral,,,,0
508835,2025-03-27,paid_social,prospecting_video,,,0
508836,2025-03-27,paid_social,prospecting_video,,,0
508837,2025-03-27,paid_search,generic_search,2025-04-03,monthly,19.98
508838,2025-03-27,paid_social,prospecting_video,,,0
508839,2025-03-27,affiliate,finance_blogs,,,0
508840,2025-03-27,paid_search,brand_search,,,0
508841,2025-03-27,paid_search,generic_search,,,0
508842,2025-03-27,paid_social,prospecting_video,,,0
508843,2025-03-27,organic,,,,0
508844,2025-03-27,paid_search,generic_search,,,0
508845,2025-03-27,organic,,,,0
508846,2025-03-27,organic,,,,0
508847,2025-03-27,affiliate,finance_blogs,,,0
508848,2025-03-27,display,display_network,,,0
508849,2025-03-27,paid_search,brand_search,,,0
508850,2025-03-27,paid_search,brand_search,,,0
508851,2025-03-27,paid_search,brand_search,,,0
508852,2025-03-27,paid_social,retargeting,,,0
508853,2025-03-27,organic,,,,0
508854,2025-03-27,paid_social,prospecting_video,,,0
508855,2025-03-27,paid_search,brand_search,,,0
508856,2025-03-27,affiliate,finance_blogs,,,0
508857,2025-03-27,paid_social,retargeting,,,0
508858,2025-03-27,organic,,,,0
508859,2025-03-27,paid_search,brand_search,,,0
508860,2025-03-27,paid_search,generic_search,,,0
508861,2025-03-27,paid_social,prospecting_video,,,0
508862,2025-03-27,paid_social,retargeting,,,0
508863,2025-03-27,paid_search,generic_search,,,0
508864,2025-03-27,paid_search,generic_search,,,0
508865,2025-03-27,paid_social,prospecting_video,,,0
508866,2025-03-27,affiliate,finance_blogs,2025-04-07,annual,79.99
508867,2025-03-27,paid_social,prospecting_video,2025-03-29,monthly,29.97
508868,2025-03-27,paid_social,prospecting_video,,,0
508869,2025-03-27,paid_search,generic_search,2025-03-31,monthly,29.97
508870,2025-03-27,paid_search,generic_search,,,0
508871,2025-03-27,paid_social,prospecting_video,2025-04-05,monthly,29.97
508872,2025-03-27,organic,,,,0
508873,2025-03-27,paid_search,generic_search,,,0
508874,2025-03-27,paid_social,prospecting_video,,,0
508875,2025-03-27,paid_social,prospecting_video,,,0
508876,2025-03-27,paid_social,retargeting,2025-03-30,monthly,19.98
508877,2025-03-27,paid_social,retargeting,,,0
508878,2025-03-27,paid_social,prospecting_video,,,0
508879,2025-03-27,organic,,,,0
508880,2025-03-27,paid_social,prospecting_video,,,0
508881,2025-03-27,referral,,,,0
508882,2025-03-27,organic,,,,0
508883,2025-03-27,referral,,,,0
508884,2025-03-27,paid_social,prospecting_video,,,0
508885,2025-03-27,paid_search,generic_search,2025-03-27,monthly,29.97
508886,2025-03-27,organic,,,,0
508887,2025-03-27,paid_search,brand_search,,,0
508888,2025-03-27,paid_social,prospecting_video,,,0
508889,2025-03-27,organic,,2025-03-28,annual,79.99
508890,2025-03-27,organic,,,,0
508891,2025-03-27,display,display_network,,,0
508892,2025-03-27,paid_search,generic_search,,,0
508893,2025-03-27,organic,,,,0
508894,2025-03-27,paid_social,prospecting_video,,,0
508895,2025-03-27,organic,,,,0
508896,2025-03-27,paid_search,generic_search,,,0
508897,2025-03-27,referral,,,,0
508898,2025-03-27,paid_social,prospecting_video,,,0
508899,2025-03-27,paid_search,generic_search,,,0
508900,2025-03-27,paid_social,retargeting,,,0
508901,2025-03-28,paid_social,prospecting_video,,,0
508902,2025-03-28,paid_social,prospecting_video,,,0
508903,2025-03-28,paid_search,generic_search,,,0
508904,2025-03-28,paid_search,generic_search,2025-03-31,monthly,19.98
508905,2025-03-28,paid_social,prospecting_video,,,0
508906,2025-03-28,paid_social,prospecting_video,,,0
508907,2025-03-28,paid_social,prospecting_video,,,0
508908,2025-03-28,paid_social,prospecting_video,,,0
508909,2025-03-28,organic,,,,0
508910,2025-03-28,paid_search,brand_search,,,0
508911,2025-03-28,referral,,,,0
508912,2025-03-28,paid_social,prospecting_video,,,0
508913,2025-03-28,organic,,,,0
508914,2025-03-28,paid_search,brand_search,,,0
508915,2025-03-28,paid_social,retargeting,,,0
508916,2025-03-28,paid_search,generic_search,,,0
508917,2025-03-28,organic,,,,0
508918,2025-03-28,paid_search,generic_search,,,0
508919,2025-03-28,paid_search,generic_search,,,0
508920,2025-03-28,paid_social,prospecting_video,,,0
508921,2025-03-28,paid_social,prospecting_video,,,0
508922,2025-03-28,paid_search,generic_search,,,0
508923,2025-03-28,paid_search,generic_search,,,0
508924,2025-03-28,paid_search,generic_search,,,0
508925,2025-03-28,paid_social,prospecting_video,,,0
508926,2025-03-28,paid_social,retargeting,,,0
508927,2025-03-28,paid_social,prospecting_video,,,0
508928,2025-03-28,paid_search,generic_search,2025-03-28,monthly,29.97
508929,2025-03-28,paid_social,prospecting_video,,,0
508930,2025-03-28,paid_social,retargeting,,,0
508931,2025-03-28,paid_social,prospecting_video,2025-03-31,monthly,29.97
508932,2025-03-28,paid_social,prospecting_video,,,0
508933,2025-03-28,paid_social,retargeting,,,0
508934,2025-03-28,paid_search,brand_search,2025-04-10,annual,79.99
508935,2025-03-28,organic,,,,0
508936,2025-03-28,paid_search,brand_search,,,0
508937,2025-03-28,paid_social,retargeting,,,0
508938,2025-03-28,paid_social,prospecting_video,,,0
508939,2025-03-28,organic,,,,0
508940,2025-03-28,display,display_network,,,0
508941,2025-03-28,organic,,,,0
508942,2025-03-28,paid_search,brand_search,2025-03-31,monthly,29.97
508943,2025-03-28,organic,,,,0
508944,2025-03-28,referral,,,,0
508945,2025-03-28,paid_search,generic_search,,,0
508946,2025-03-28,display,display_network,,,0
508947,2025-03-28,paid_social,prospecting_video,,,0
508948,2025-03-28,affiliate,finance_blogs,,,0
508949,2025-03-28,paid_social,retargeting,,,0
508950,2025-03-28,paid_social,retargeting,,,0
508951,2025-03-28,paid_search,generic_search,,,0
508952,2025-03-28,paid_social,prospecting_video,,,0
508953,2025-03-28,paid_search,brand_search,,,0
508954,2025-03-28,paid_social,retargeting,,,0
508955,2025-03-28,paid_social,prospecting_video,,,0
508956,2025-03-28,paid_social,retargeting,,,0
508957,2025-03-28,paid_social,prospecting_video,,,0
508958,2025-03-28,paid_social,prospecting_video,,,0
508959,2025-03-28,paid_social,prospecting_video,,,0
508960,2025-03-28,paid_social,prospecting_video,,,0
508961,2025-03-28,paid_search,brand_search,,,0
508962,2025-03-28,referral,,,,0
508963,2025-03-28,affiliate,finance_blogs,,,0
508964,2025-03-28,paid_search,brand_search,2025-04-08,annual,79.99
508965,2025-03-28,paid_social,retargeting,,,0
508966,2025-03-28,paid_search,brand_search,,,0
508967,2025-03-28,paid_search,generic_search,,,0
508968,2025-03-28,paid_search,generic_search,,,0
508969,2025-03-28,organic,,,,0
508970,2025-03-28,paid_social,prospecting_video,,,0
508971,2025-03-28,paid_search,brand_search,,,0
508972,2025-03-28,organic,,,,0
508973,2025-03-28,referral,,,,0
508974,2025-03-28,paid_social,prospecting_video,,,0
508975,2025-03-28,paid_search,brand_search,2025-04-02,annual,79.99
508976,2025-03-28,paid_social,retargeting,,,0
508977,2025-03-28,organic,,2025-04-01,monthly,29.97
508978,2025-03-28,organic,,,,0
508979,2025-03-28,organic,,,,0
508980,2025-03-28,paid_social,retargeting,,,0
508981,2025-03-28,paid_search,generic_search,,,0
508982,2025-03-28,paid_social,prospecting_video,,,0
508983,2025-03-28,paid_social,retargeting,,,0
508984,2025-03-28,paid_social,retargeting,,,0
508985,2025-03-28,paid_social,prospecting_video,,,0
508986,2025-03-28,paid_social,prospecting_video,,,0
508987,2025-03-28,paid_search,generic_search,,,0
508988,2025-03-28,organic,,,,0
508989,2025-03-28,paid_search,generic_search,,,0
508990,2025-03-28,organic,,2025-03-29,monthly,19.98
508991,2025-03-28,paid_social,prospecting_video,,,0
508992,2025-03-28,paid_social,prospecting_video,,,0
508993,2025-03-28,paid_social,prospecting_video,,,0
508994,2025-03-28,paid_search,brand_search,2025-04-03,monthly,19.98
508995,2025-03-28,paid_search,brand_search,,,0
508996,2025-03-28,paid_social,prospecting_video,,,0
508997,2025-03-28,paid_search,generic_search,,,0
508998,2025-03-28,paid_social,prospecting_video,,,0
508999,2025-03-28,paid_social,prospecting_video,2025-03-29,monthly,19.98
509000,2025-03-28,paid_search,brand_search,,,0
509001,2025-03-28,affiliate,finance_blogs,2025-04-02,annual,79.99
509002,2025-03-28,organic,,,,0
509003,2025-03-28,organic,,,,0
509004,2025-03-28,paid_social,prospecting_video,,,0
509005,2025-03-28,paid_social,prospecting_video,,,0
509006,2025-03-28,paid_social,prospecting_video,,,0
509007,2025-03-28,paid_social,prospecting_video,,,0
509008,2025-03-28,paid_social,retargeting,,,0
509009,2025-03-28,organic,,,,0
509010,2025-03-28,paid_social,retargeting,,,0
509011,2025-03-28,paid_search,brand_search,,,0
509012,2025-03-28,referral,,,,0
509013,2025-03-28,affiliate,finance_blogs,2025-03-28,monthly,29.97
509014,2025-03-28,paid_search,generic_search,,,0
509015,2025-03-28,paid_search,generic_search,,,0
509016,2025-03-28,referral,,2025-03-29,monthly,29.97
509017,2025-03-28,paid_social,prospecting_video,,,0
509018,2025-03-28,paid_social,retargeting,,,0
509019,2025-03-28,paid_search,generic_search,,,0
509020,2025-03-28,paid_social,prospecting_video,,,0
509021,2025-03-28,paid_social,prospecting_video,,,0
509022,2025-03-28,paid_search,generic_search,,,0
509023,2025-03-28,paid_social,prospecting_video,,,0
509024,2025-03-28,paid_social,prospecting_video,,,0
509025,2025-03-28,paid_search,generic_search,2025-04-09,monthly,29.97
509026,2025-03-28,paid_search,brand_search,,,0
509027,2025-03-28,paid_social,prospecting_video,,,0
509028,2025-03-28,paid_search,generic_search,2025-03-30,monthly,29.97
509029,2025-03-29,paid_search,generic_search,,,0
509030,2025-03-29,paid_search,generic_search,,,0
509031,2025-03-29,affiliate,finance_blogs,,,0
509032,2025-03-29,referral,,,,0
509033,2025-03-29,paid_search,brand_search,,,0
509034,2025-03-29,paid_social,retargeting,,,0
509035,2025-03-29,paid_search,brand_search,,,0
509036,2025-03-29,paid_social,prospecting_video,,,0
509037,2025-03-29,paid_search,brand_search,,,0
509038,2025-03-29,paid_social,prospecting_video,,,0
509039,2025-03-29,paid_search,brand_search,,,0
509040,2025-03-29,paid_social,retargeting,,,0
509041,2025-03-29,organic,,,,0
509042,2025-03-29,referral,,,,0
509043,2025-03-29,paid_search,generic_search,2025-04-01,monthly,9.99
509044,2025-03-29,organic,,,,0
509045,2025-03-29,organic,,,,0
509046,2025-03-29,paid_social,prospecting_video,,,0
509047,2025-03-29,paid_social,retargeting,,,0
509048,2025-03-29,organic,,2025-03-29,monthly,29.97
509049,2025-03-29,organic,,,,0
509050,2025-03-29,paid_social,retargeting,,,0
509051,2025-03-29,referral,,,,0
509052,2025-03-29,organic,,,,0
509053,2025-03-29,paid_social,prospecting_video,,,0
509054,2025-03-29,affiliate,finance_blogs,,,0
509055,2025-03-29,paid_social,prospecting_video,,,0
509056,2025-03-29,paid_social,prospecting_video,2025-03-30,monthly,29.97
509057,2025-03-29,organic,,,,0
509058,2025-03-29,paid_social,retargeting,,,0
509059,2025-03-29,organic,,,,0
509060,2025-03-29,paid_search,generic_search,,,0
509061,2025-03-29,organic,,,,0
509062,2025-03-29,organic,,,,0
509063,2025-03-29,organic,,,,0
509064,2025-03-29,paid_social,prospecting_video,,,0
509065,2025-03-29,paid_social,prospecting_video,,,0
509066,2025-03-29,affiliate,finance_blogs,,,0
509067,2025-03-29,paid_search,generic_search,2025-03-29,annual,79.99
509068,2025-03-29,paid_social,prospecting_video,,,0
509069,2025-03-29,organic,,2025-03-31,monthly,19.98
509070,2025-03-29,organic,,,,0
509071,2025-03-29,paid_search,brand_search,,,0
509072,2025-03-29,paid_social,prospecting_video,,,0
509073,2025-03-29,organic,,,,0
509074,2025-03-29,paid_social,prospecting_video,,,0
509075,2025-03-29,paid_social,prospecting_video,,,0
509076,2025-03-29,referral,,,,0
509077,2025-03-29,organic,,,,0
509078,2025-03-29,paid_search,brand_search,,,0
509079,2025-03-29,organic,,,,0
509080,2025-03-29,paid_social,prospecting_video,,,0
509081,2025-03-29,paid_social,prospecting_video,,,0
509082,2025-03-29,affiliate,finance_blogs,,,0
509083,2025-03-29,paid_social,prospecting_video,,,0
509084,2025-03-29,paid_search,generic_search,,,0
509085,2025-03-29,paid_social,retargeting,,,0
509086,2025-03-29,organic,,,,0
509087,2025-03-29,organic,,,,0
509088,2025-03-29,referral,,,,0
509089,2025-03-29,paid_search,generic_search,,,0
509090,2025-03-29,paid_search,generic_search,,,0
509091,2025-03-29,paid_social,prospecting_video,2025-04-01,monthly,29.97
509092,2025-03-29,organic,,,,0
509093,2025-03-29,paid_social,prospecting_video,,,0
509094,2025-03-29,paid_social,prospecting_video,,,0
509095,2025-03-29,paid_social,prospecting_video,,,0
509096,2025-03-29,paid_search,brand_search,,,0
509097,2025-03-29,paid_search,generic_search,,,0
509098,2025-03-29,paid_search,brand_search,,,0
509099,2025-03-29,paid_social,prospecting_video,,,0
509100,2025-03-29,paid_search,brand_search,,,0
509101,2025-03-29,organic,,,,0
509102,2025-03-29,organic,,,,0
509103,2025-03-29,paid_social,retargeting,,,0
509104,2025-03-29,referral,,,,0
509105,2025-03-29,affiliate,finance_blogs,,,0
509106,2025-03-29,paid_social,retargeting,,,0
509107,2025-03-29,paid_social,prospecting_video,,,0
509108,2025-03-29,paid_search,generic_search,,,0
509109,2025-03-29,paid_social,prospecting_video,,,0
509110,2025-03-29,referral,,,,0
509111,2025-03-29,paid_social,prospecting_video,,,0
509112,2025-03-29,paid_social,retargeting,,,0
509113,2025-03-29,organic,,,,0
509114,2025-03-29,paid_search,generic_search,2025-04-02,annual,79.99
509115,2025-03-29,paid_social,prospecting_video,,,0
509116,2025-03-29,paid_social,prospecting_video,,,0
509117,2025-03-29,paid_social,prospecting_video,,,0
509118,2025-03-29,paid_social,retargeting,,,0
509119,2025-03-29,paid_social,prospecting_video,,,0
509120,2025-03-29,paid_social,retargeting,,,0
509121,2025-03-29,organic,,,,0
509122,2025-03-29,organic,,,,0
509123,2025-03-29,paid_search,generic_search,,,0
509124,2025-03-29,paid_search,brand_search,,,0
509125,2025-03-29,paid_social,prospecting_video,,,0
509126,2025-03-30,paid_search,brand_search,,,0
509127,2025-03-30,organic,,,,0
509128,2025-03-30,paid_social,prospecting_video,,,0
509129,2025-03-30,affiliate,finance_blogs,2025-03-31,monthly,29.97
509130,2025-03-30,organic,,,,0
509131,2025-03-30,paid_search,generic_search,,,0
509132,2025-03-30,paid_social,retargeting,2025-04-03,monthly,29.97
509133,2025-03-30,paid_social,prospecting_video,,,0
509134,2025-03-30,referral,,,,0
509135,2025-03-30,paid_search,brand_search,,,0
509136,2025-03-30,paid_social,prospecting_video,,,0
509137,2025-03-30,organic,,,,0
509138,2025-03-30,paid_social,prospecting_video,2025-03-31,monthly,29.97
509139,2025-03-30,paid_social,prospecting_video,,,0
509140,2025-03-30,paid_social,prospecting_video,,,0
509141,2025-03-30,paid_social,prospecting_video,,,0
509142,2025-03-30,paid_social,prospecting_video,,,0
509143,2025-03-30,paid_search,generic_search,,,0
509144,2025-03-30,organic,,,,0
509145,2025-03-30,organic,,,,0
509146,2025-03-30,paid_social,retargeting,,,0
509147,2025-03-30,paid_search,brand_search,,,0
509148,2025-03-30,paid_social,prospecting_video,,,0
509149,2025-03-30,paid_social,prospecting_video,,,0
509150,2025-03-30,paid_social,prospecting_video,,,0
509151,2025-03-30,paid_social,prospecting_video,,,0
509152,2025-03-30,organic,,,,0
509153,2025-03-30,paid_social,prospecting_video,,,0
509154,2025-03-30,paid_social,prospecting_video,,,0
509155,2025-03-30,paid_social,prospecting_video,,,0
509156,2025-03-30,referral,,2025-04-03,monthly,29.97
509157,2025-03-30,paid_search,brand_search,,,0
509158,2025-03-30,organic,,,,0
509159,2025-03-30,paid_search,brand_search,,,0
509160,2025-03-30,paid_social,retargeting,,,0
509161,2025-03-30,paid_social,prospecting_video,,,0
509162,2025-03-30,affiliate,finance_blogs,,,0
509163,2025-03-30,paid_social,prospecting_video,,,0
509164,2025-03-30,paid_social,retargeting,,,0
509165,2025-03-30,paid_social,prospecting_video,,,0
509166,2025-03-30,paid_social,prospecting_video,,,0
509167,2025-03-30,paid_social,prospecting_video,,,0
509168,2025-03-30,referral,,,,0
509169,2025-03-30,paid_social,prospecting_video,,,0
509170,2025-03-30,paid_social,prospecting_video,,,0
509171,2025-03-30,paid_social,prospecting_video,2025-04-08,annual,79.99
509172,2025-03-30,organic,,,,0
509173,2025-03-30,paid_social,prospecting_video,,,0
509174,2025-03-30,paid_search,brand_search,,,0
509175,2025-03-30,paid_search,generic_search,,,0
509176,2025-03-30,referral,,,,0
509177,2025-03-30,paid_search,brand_search,,,0
509178,2025-03-30,paid_social,prospecting_video,,,0
509179,2025-03-30,organic,,,,0
509180,2025-03-30,paid_search,brand_search,,,0
509181,2025-03-30,paid_social,retargeting,,,0
509182,2025-03-30,paid_search,generic_search,,,0
509183,2025-03-30,organic,,,,0
509184,2025-03-30,paid_search,generic_search,,,0
509185,2025-03-30,paid_social,prospecting_video,,,0
509186,2025-03-30,paid_social,prospecting_video,,,0
509187,2025-03-30,paid_search,brand_search,,,0
509188,2025-03-30,paid_social,prospecting_video,,,0
509189,2025-03-30,paid_search,brand_search,,,0
509190,2025-03-30,organic,,,,0
509191,2025-03-30,organic,,,,0
509192,2025-03-30,organic,,,,0
509193,2025-03-30,referral,,,,0
509194,2025-03-30,organic,,,,0
509195,2025-03-30,paid_social,retargeting,2025-03-31,monthly,29.97
509196,2025-03-30,paid_social,prospecting_video,,,0
509197,2025-03-30,paid_social,prospecting_video,,,0
509198,2025-03-30,organic,,,,0
509199,2025-03-30,paid_search,brand_search,,,0
509200,2025-03-30,paid_social,retargeting,,,0
509201,2025-03-30,paid_search,generic_search,,,0
509202,2025-03-30,paid_social,retargeting,,,0
509203,2025-03-30,paid_social,prospecting_video,,,0
509204,2025-03-30,paid_search,generic_search,,,0
509205,2025-03-30,paid_search,brand_search,,,0
509206,2025-03-30,paid_social,prospecting_video,,,0
509207,2025-03-30,paid_social,retargeting,,,0
509208,2025-03-30,paid_social,prospecting_video,,,0
509209,2025-03-30,paid_social,prospecting_video,,,0
509210,2025-03-30,organic,,,,0
509211,2025-03-30,organic,,2025-03-31,monthly,29.97
509212,2025-03-30,paid_social,prospecting_video,,,0
509213,2025-03-30,organic,,,,0
509214,2025-03-30,paid_social,prospecting_video,,,0
509215,2025-03-30,organic,,,,0
509216,2025-03-30,paid_social,retargeting,,,0
509217,2025-03-30,paid_social,prospecting_video,2025-04-02,monthly,29.97
509218,2025-03-31,paid_social,prospecting_video,,,0
509219,2025-03-31,paid_search,brand_search,,,0
509220,2025-03-31,paid_social,prospecting_video,,,0
509221,2025-03-31,paid_social,prospecting_video,,,0
509222,2025-03-31,affiliate,finance_blogs,,,0
509223,2025-03-31,paid_social,prospecting_video,,,0
509224,2025-03-31,paid_search,generic_search,2025-04-02,monthly,19.98
509225,2025-03-31,paid_social,prospecting_video,,,0
509226,2025-03-31,paid_social,prospecting_video,,,0
509227,2025-03-31,organic,,,,0
509228,2025-03-31,referral,,2025-04-01,monthly,29.97
509229,2025-03-31,paid_search,generic_search,,,0
509230,2025-03-31,paid_social,prospecting_video,,,0
509231,2025-03-31,paid_search,brand_search,2025-04-04,monthly,19.98
509232,2025-03-31,paid_search,generic_search,2025-04-01,monthly,29.97
509233,2025-03-31,organic,,,,0
509234,2025-03-31,paid_search,brand_search,,,0
509235,2025-03-31,paid_search,generic_search,,,0
509236,2025-03-31,referral,,,,0
509237,2025-03-31,referral,,,,0
509238,2025-03-31,paid_search,generic_search,,,0
509239,2025-03-31,paid_social,retargeting,2025-04-01,monthly,29.97
509240,2025-03-31,organic,,,,0
509241,2025-03-31,paid_search,brand_search,2025-04-06,monthly,29.97
509242,2025-03-31,paid_search,brand_search,,,0
509243,2025-03-31,paid_social,retargeting,,,0
509244,2025-03-31,organic,,,,0
509245,2025-03-31,paid_social,retargeting,,,0
509246,2025-03-31,display,display_network,,,0
509247,2025-03-31,paid_search,brand_search,2025-04-10,monthly,29.97
509248,2025-03-31,paid_search,generic_search,,,0
509249,2025-03-31,paid_search,brand_search,,,0
509250,2025-03-31,paid_social,retargeting,,,0
509251,2025-03-31,organic,,,,0
509252,2025-03-31,paid_social,prospecting_video,,,0
509253,2025-03-31,paid_search,generic_search,,,0
509254,2025-03-31,paid_social,retargeting,,,0
509255,2025-03-31,paid_social,prospecting_video,,,0
509256,2025-03-31,paid_social,retargeting,,,0
509257,2025-03-31,organic,,,,0
509258,2025-03-31,paid_search,generic_search,,,0
509259,2025-03-31,paid_social,prospecting_video,,,0
509260,2025-03-31,paid_social,retargeting,,,0
509261,2025-03-31,paid_social,prospecting_video,,,0
509262,2025-03-31,paid_social,prospecting_video,,,0
509263,2025-03-31,organic,,,,0
509264,2025-03-31,paid_social,prospecting_video,,,0
509265,2025-03-31,paid_search,brand_search,,,0
509266,2025-03-31,organic,,,,0
509267,2025-03-31,paid_social,prospecting_video,,,0
509268,2025-03-31,organic,,,,0
509269,2025-03-31,organic,,,,0
509270,2025-03-31,paid_search,brand_search,,,0
509271,2025-03-31,paid_social,prospecting_video,,,0
509272,2025-03-31,affiliate,finance_blogs,,,0
509273,2025-03-31,paid_search,generic_search,2025-04-06,monthly,29.97
509274,2025-03-31,paid_social,prospecting_video,,,0
509275,2025-03-31,paid_social,retargeting,2025-04-02,monthly,19.98
509276,2025-03-31,organic,,,,0
509277,2025-03-31,paid_search,generic_search,,,0
509278,2025-03-31,paid_search,brand_search,,,0
509279,2025-03-31,paid_social,prospecting_video,,,0
509280,2025-03-31,paid_search,brand_search,,,0
509281,2025-03-31,referral,,2025-04-04,annual,79.99
509282,2025-03-31,paid_search,generic_search,2025-04-06,monthly,9.99
509283,2025-03-31,paid_search,brand_search,,,0
509284,2025-03-31,paid_search,generic_search,2025-04-01,monthly,29.97
509285,2025-03-31,organic,,,,0
509286,2025-03-31,paid_social,prospecting_video,,,0
509287,2025-03-31,organic,,,,0
509288,2025-03-31,paid_social,prospecting_video,,,0
509289,2025-03-31,organic,,,,0
509290,2025-03-31,organic,,,,0
509291,2025-03-31,paid_search,brand_search,2025-04-01,annual,79.99
509292,2025-03-31,paid_search,brand_search,,,0
509293,2025-03-31,paid_social,prospecting_video,,,0
509294,2025-03-31,paid_social,prospecting_video,,,0
509295,2025-03-31,paid_social,retargeting,,,0
509296,2025-03-31,referral,,,,0
509297,2025-03-31,organic,,,,0
509298,2025-03-31,paid_social,prospecting_video,,,0
509299,2025-03-31,display,display_network,,,0
509300,2025-03-31,organic,,,,0
509301,2025-03-31,paid_social,retargeting,,,0
509302,2025-03-31,paid_search,brand_search,2025-03-31,monthly,9.99
509303,2025-03-31,organic,,,,0
509304,2025-03-31,organic,,,,0
509305,2025-03-31,referral,,,,0
509306,2025-03-31,paid_social,prospecting_video,,,0
509307,2025-03-31,organic,,,,0
509308,2025-03-31,display,display_network,,,0
509309,2025-03-31,paid_social,prospecting_video,,,0
509310,2025-03-31,paid_social,prospecting_video,,,0
509311,2025-03-31,organic,,,,0
509312,2025-03-31,paid_social,prospecting_video,,,0
509313,2025-03-31,paid_social,retargeting,,,0
509314,2025-03-31,paid_search,brand_search,,,0
509315,2025-03-31,organic,,2025-04-03,annual,79.99
509316,2025-03-31,paid_social,prospecting_video,,,0
509317,2025-03-31,organic,,,,0
509318,2025-03-31,organic,,,,0
509319,2025-03-31,paid_search,generic_search,,,0
509320,2025-03-31,paid_social,prospecting_video,,,0
509321,2025-03-31,paid_social,prospecting_video,,,0
509322,2025-03-31,organic,,,,0
509323,2025-03-31,paid_search,generic_search,,,0
509324,2025-03-31,paid_social,prospecting_video,,,0
509325,2025-03-31,paid_social,retargeting,,,0
509326,2025-03-31,paid_social,prospecting_video,,,0
509327,2025-03-31,paid_search,generic_search,2025-04-06,monthly,9.99
509328,2025-03-31,paid_search,generic_search,2025-04-01,monthly,29.97
509329,2025-03-31,paid_social,prospecting_video,,,0
509330,2025-03-31,paid_search,brand_search,,,0
509331,2025-03-31,paid_social,prospecting_video,,,0
509332,2025-04-01,referral,,,,0
509333,2025-04-01,paid_search,generic_search,,,0
509334,2025-04-01,organic,,,,0
509335,2025-04-01,paid_search,brand_search,,,0
509336,2025-04-01,organic,,,,0
509337,2025-04-01,affiliate,finance_blogs,,,0
509338,2025-04-01,affiliate,finance_blogs,2025-04-01,monthly,19.98
509339,2025-04-01,paid_social,prospecting_video,,,0
509340,2025-04-01,paid_search,generic_search,,,0
509341,2025-04-01,paid_social,prospecting_video,,,0
509342,2025-04-01,paid_social,prospecting_video,,,0
509343,2025-04-01,paid_social,retargeting,,,0
509344,2025-04-01,paid_social,prospecting_video,,,0
509345,2025-04-01,paid_search,generic_search,,,0
509346,2025-04-01,paid_search,brand_search,,,0
509347,2025-04-01,paid_search,generic_search,,,0
509348,2025-04-01,paid_social,prospecting_video,,,0
509349,2025-04-01,paid_social,prospecting_video,,,0
509350,2025-04-01,paid_social,retargeting,,,0
509351,2025-04-01,paid_social,retargeting,,,0
509352,2025-04-01,organic,,,,0
509353,2025-04-01,paid_social,prospecting_video,,,0
509354,2025-04-01,paid_search,brand_search,,,0
509355,2025-04-01,paid_search,generic_search,,,0
509356,2025-04-01,paid_search,generic_search,,,0
509357,2025-04-01,display,display_network,,,0
509358,2025-04-01,paid_social,prospecting_video,,,0
509359,2025-04-01,paid_search,generic_search,,,0
509360,2025-04-01,paid_search,brand_search,2025-04-01,monthly,29.97
509361,2025-04-01,paid_social,prospecting_video,,,0
509362,2025-04-01,paid_social,retargeting,,,0
509363,2025-04-01,referral,,,,0
509364,2025-04-01,paid_search,brand_search,,,0
509365,2025-04-01,paid_social,prospecting_video,,,0
509366,2025-04-01,organic,,,,0
509367,2025-04-01,paid_social,prospecting_video,,,0
509368,2025-04-01,paid_search,generic_search,,,0
509369,2025-04-01,organic,,,,0
509370,2025-04-01,paid_search,generic_search,2025-04-04,annual,79.99
509371,2025-04-01,organic,,,,0
509372,2025-04-01,paid_social,prospecting_video,,,0
509373,2025-04-01,paid_search,brand_search,,,0
509374,2025-04-01,paid_search,generic_search,,,0
509375,2025-04-01,paid_social,prospecting_video,,,0
509376,2025-04-01,paid_social,retargeting,,,0
509377,2025-04-01,paid_search,generic_search,,,0
509378,2025-04-01,paid_search,brand_search,,,0
509379,2025-04-01,paid_social,prospecting_video,,,0
509380,2025-04-01,paid_social,prospecting_video,,,0
509381,2025-04-01,paid_social,prospecting_video,,,0
509382,2025-04-01,organic,,,,0
509383,2025-04-01,paid_social,prospecting_video,,,0
509384,2025-04-01,organic,,,,0
509385,2025-04-01,organic,,,,0
509386,2025-04-01,paid_search,brand_search,,,0
509387,2025-04-01,paid_search,generic_search,,,0
509388,2025-04-01,paid_search,brand_search,,,0
509389,2025-04-01,paid_social,retargeting,,,0
509390,2025-04-01,paid_social,prospecting_video,,,0
509391,2025-04-01,organic,,,,0
509392,2025-04-01,organic,,,,0
509393,2025-04-01,paid_search,generic_search,,,0
509394,2025-04-01,paid_search,brand_search,,,0
509395,2025-04-01,organic,,,,0
509396,2025-04-01,paid_social,prospecting_video,,,0
509397,2025-04-01,paid_social,prospecting_video,,,0
509398,2025-04-01,paid_social,prospecting_video,,,0
509399,2025-04-01,affiliate,finance_blogs,2025-04-07,monthly,29.97
509400,2025-04-01,paid_social,prospecting_video,,,0
509401,2025-04-01,paid_search,brand_search,,,0
509402,2025-04-01,paid_search,brand_search,,,0
509403,2025-04-01,paid_search,brand_search,,,0
509404,2025-04-01,organic,,,,0
509405,2025-04-01,organic,,,,0
509406,2025-04-01,paid_social,prospecting_video,,,0
509407,2025-04-01,paid_social,prospecting_video,,,0
509408,2025-04-01,organic,,2025-04-05,monthly,29.97
509409,2025-04-01,organic,,,,0
509410,2025-04-01,paid_search,generic_search,,,0
509411,2025-04-01,organic,,,,0
509412,2025-04-01,paid_search,brand_search,,,0
509413,2025-04-01,paid_search,generic_search,,,0
509414,2025-04-01,affiliate,finance_blogs,2025-04-14,monthly,9.99
509415,2025-04-01,paid_social,prospecting_video,,,0
509416,2025-04-01,organic,,,,0
509417,2025-04-01,organic,,,,0
509418,2025-04-01,paid_social,prospecting_video,,,0
509419,2025-04-01,paid_social,retargeting,,,0
509420,2025-04-01,organic,,,,0
509421,2025-04-01,paid_social,prospecting_video,,,0
509422,2025-04-01,affiliate,finance_blogs,,,0
509423,2025-04-01,paid_social,prospecting_video,,,0
509424,2025-04-01,paid_social,prospecting_video,,,0
509425,2025-04-01,organic,,,,0
509426,2025-04-01,paid_social,retargeting,,,0
509427,2025-04-01,paid_search,generic_search,,,0
509428,2025-04-01,affiliate,finance_blogs,,,0
509429,2025-04-01,paid_search,generic_search,,,0
509430,2025-04-01,organic,,,,0
509431,2025-04-01,organic,,,,0
509432,2025-04-01,paid_social,prospecting_video,,,0
509433,2025-04-01,organic,,,,0
509434,2025-04-01,paid_social,prospecting_video,,,0
509435,2025-04-01,paid_social,retargeting,,,0
509436,2025-04-01,paid_social,prospecting_video,,,0
509437,2025-04-01,paid_social,prospecting_video,,,0
509438,2025-04-01,paid_social,prospecting_video,,,0
509439,2025-04-01,display,display_network,,,0
509440,2025-04-01,paid_social,prospecting_video,,,0
509441,2025-04-01,organic,,,,0
509442,2025-04-01,paid_social,prospecting_video,,,0
509443,2025-04-01,referral,,2025-04-02,monthly,29.97
509444,2025-04-01,referral,,,,0
509445,2025-04-01,paid_social,prospecting_video,,,0
509446,2025-04-01,organic,,,,0
509447,2025-04-01,paid_social,retargeting,,,0
509448,2025-04-01,paid_social,prospecting_video,,,0
509449,2025-04-01,organic,,,,0
509450,2025-04-01,organic,,,,0
509451,2025-04-01,paid_search,brand_search,,,0
509452,2025-04-01,referral,,,,0
509453,2025-04-01,paid_search,brand_search,,,0
509454,2025-04-01,display,display_network,,,0
509455,2025-04-01,paid_social,retargeting,,,0
509456,2025-04-01,paid_social,retargeting,2025-04-02,annual,79.99
509457,2025-04-01,organic,,2025-04-06,monthly,29.97
509458,2025-04-01,paid_social,retargeting,,,0
509459,2025-04-01,paid_social,prospecting_video,,,0
509460,2025-04-01,paid_social,prospecting_video,,,0
509461,2025-04-01,paid_social,prospecting_video,,,0
509462,2025-04-01,paid_social,prospecting_video,,,0
509463,2025-04-02,organic,,,,0
509464,2025-04-02,paid_social,prospecting_video,,,0
509465,2025-04-02,affiliate,finance_blogs,,,0
509466,2025-04-02,paid_search,generic_search,,,0
509467,2025-04-02,organic,,,,0
509468,2025-04-02,paid_social,retargeting,,,0
509469,2025-04-02,affiliate,finance_blogs,2025-04-07,monthly,19.98
509470,2025-04-02,paid_social,prospecting_video,,,0
509471,2025-04-02,paid_social,prospecting_video,,,0
509472,2025-04-02,paid_search,generic_search,,,0
509473,2025-04-02,paid_social,prospecting_video,,,0
509474,2025-04-02,organic,,,,0
509475,2025-04-02,paid_social,prospecting_video,,,0
509476,2025-04-02,paid_social,prospecting_video,,,0
509477,2025-04-02,paid_social,retargeting,2025-04-12,annual,79.99
509478,2025-04-02,organic,,,,0
509479,2025-04-02,paid_search,generic_search,,,0
509480,2025-04-02,paid_search,brand_search,,,0
509481,2025-04-02,paid_social,prospecting_video,,,0
509482,2025-04-02,paid_search,brand_search,,,0
509483,2025-04-02,paid_search,brand_search,,,0
509484,2025-04-02,display,display_network,,,0
509485,2025-04-02,paid_social,prospecting_video,,,0
509486,2025-04-02,display,display_network,,,0
509487,2025-04-02,display,display_network,,,0
509488,2025-04-02,organic,,,,0
509489,2025-04-02,referral,,2025-04-09,annual,79.99
509490,2025-04-02,paid_social,prospecting_video,,,0
509491,2025-04-02,paid_search,brand_search,,,0
509492,2025-04-02,paid_social,prospecting_video,,,0
509493,2025-04-02,referral,,,,0
509494,2025-04-02,paid_search,generic_search,2025-04-04,monthly,29.97
509495,2025-04-02,paid_social,prospecting_video,,,0
509496,2025-04-02,paid_search,brand_search,2025-04-05,monthly,29.97
509497,2025-04-02,organic,,,,0
509498,2025-04-02,paid_social,prospecting_video,,,0
509499,2025-04-02,referral,,,,0
509500,2025-04-02,paid_search,generic_search,2025-04-02,monthly,19.98
509501,2025-04-02,organic,,,,0
509502,2025-04-02,organic,,,,0
509503,2025-04-02,paid_social,prospecting_video,2025-04-02,monthly,29.97
509504,2025-04-02,paid_search,generic_search,,,0
509505,2025-04-02,referral,,,,0
509506,2025-04-02,referral,,2025-04-03,monthly,29.97
509507,2025-04-02,organic,,,,0
509508,2025-04-02,paid_search,generic_search,,,0
509509,2025-04-02,paid_social,prospecting_video,,,0
509510,2025-04-02,organic,,,,0
509511,2025-04-02,organic,,,,0
509512,2025-04-02,paid_search,brand_search,,,0
509513,2025-04-02,paid_social,prospecting_video,,,0
509514,2025-04-02,organic,,,,0
509515,2025-04-02,display,display_network,,,0
509516,2025-04-02,paid_search,generic_search,,,0
509517,2025-04-02,paid_search,generic_search,,,0
509518,2025-04-02,paid_search,generic_search,,,0
509519,2025-04-02,paid_search,brand_search,2025-04-02,annual,79.99
509520,2025-04-02,referral,,,,0
509521,2025-04-02,paid_social,retargeting,,,0
509522,2025-04-02,paid_social,prospecting_video,,,0
509523,2025-04-02,paid_social,retargeting,,,0
509524,2025-04-02,paid_social,prospecting_video,,,0
509525,2025-04-02,paid_search,generic_search,,,0
509526,2025-04-02,paid_search,generic_search,,,0
509527,2025-04-02,organic,,,,0
509528,2025-04-02,paid_social,prospecting_video,,,0
509529,2025-04-02,paid_social,prospecting_video,,,0
509530,2025-04-02,display,display_network,,,0
509531,2025-04-02,paid_search,generic_search,,,0
509532,2025-04-02,paid_search,generic_search,,,0
509533,2025-04-02,paid_social,prospecting_video,,,0
509534,2025-04-02,paid_search,generic_search,,,0
509535,2025-04-02,paid_social,retargeting,2025-04-05,annual,79.99
509536,2025-04-02,organic,,,,0
509537,2025-04-02,paid_social,retargeting,,,0
509538,2025-04-02,paid_search,brand_search,,,0
509539,2025-04-02,paid_social,prospecting_video,,,0
509540,2025-04-02,organic,,,,0
509541,2025-04-02,organic,,,,0
509542,2025-04-02,paid_search,generic_search,,,0
509543,2025-04-02,organic,,,,0
509544,2025-04-02,paid_social,prospecting_video,,,0
509545,2025-04-02,paid_social,retargeting,,,0
509546,2025-04-02,organic,,,,0
509547,2025-04-02,organic,,,,0
509548,2025-04-02,organic,,,,0
509549,2025-04-02,paid_social,retargeting,,,0
509550,2025-04-02,organic,,,,0
509551,2025-04-02,paid_search,generic_search,,,0
509552,2025-04-02,referral,,,,0
509553,2025-04-02,paid_social,prospecting_video,,,0
509554,2025-04-02,paid_social,prospecting_video,,,0
509555,2025-04-02,organic,,,,0
509556,2025-04-02,paid_social,prospecting_video,,,0
509557,2025-04-02,paid_social,prospecting_video,,,0
509558,2025-04-02,paid_search,generic_search,2025-04-11,monthly,29.97
509559,2025-04-02,paid_search,generic_search,,,0
509560,2025-04-02,paid_search,generic_search,,,0
509561,2025-04-02,organic,,,,0
509562,2025-04-02,affiliate,finance_blogs,2025-04-10,monthly,29.97
509563,2025-04-02,referral,,,,0
509564,2025-04-02,paid_social,prospecting_video,,,0
509565,2025-04-02,paid_social,prospecting_video,,,0
509566,2025-04-02,affiliate,finance_blogs,,,0
509567,2025-04-02,paid_social,retargeting,,,0
509568,2025-04-02,paid_social,prospecting_video,,,0
509569,2025-04-02,paid_search,brand_search,2025-04-15,monthly,29.97
509570,2025-04-02,paid_search,brand_search,,,0
509571,2025-04-03,organic,,,,0
509572,2025-04-03,paid_social,retargeting,,,0
509573,2025-04-03,affiliate,finance_blogs,2025-04-05,monthly,29.97
509574,2025-04-03,paid_social,prospecting_video,,,0
509575,2025-04-03,paid_social,prospecting_video,,,0
509576,2025-04-03,organic,,,,0
509577,2025-04-03,paid_social,retargeting,,,0
509578,2025-04-03,paid_social,prospecting_video,,,0
509579,2025-04-03,paid_social,retargeting,,,0
509580,2025-04-03,paid_social,retargeting,2025-04-05,monthly,29.97
509581,2025-04-03,paid_social,prospecting_video,,,0
509582,2025-04-03,paid_social,prospecting_video,,,0
509583,2025-04-03,paid_social,retargeting,,,0
509584,2025-04-03,paid_social,prospecting_video,,,0
509585,2025-04-03,paid_social,prospecting_video,,,0
509586,2025-04-03,paid_social,prospecting_video,,,0
509587,2025-04-03,paid_social,prospecting_video,,,0
509588,2025-04-03,organic,,,,0
509589,2025-04-03,paid_social,retargeting,,,0
509590,2025-04-03,paid_social,prospecting_video,,,0
509591,2025-04-03,paid_social,prospecting_video,,,0
509592,2025-04-03,organic,,,,0
509593,2025-04-03,paid_social,prospecting_video,,,0
509594,2025-04-03,referral,,,,0
509595,2025-04-03,paid_social,retargeting,,,0
509596,2025-04-03,affiliate,finance_blogs,2025-04-12,monthly,29.97
509597,2025-04-03,paid_social,retargeting,,,0
509598,2025-04-03,paid_social,retargeting,,,0
509599,2025-04-03,affiliate,finance_blogs,,,0
509600,2025-04-03,paid_social,prospecting_video,,,0
509601,2025-04-03,paid_social,retargeting,,,0
509602,2025-04-03,affiliate,finance_blogs,,,0
509603,2025-04-03,paid_social,prospecting_video,,,0
509604,2025-04-03,paid_search,generic_search,,,0
509605,2025-04-03,paid_search,brand_search,,,0
509606,2025-04-03,paid_social,prospecting_video,,,0
509607,2025-04-03,paid_search,brand_search,,,0
509608,2025-04-03,paid_social,prospecting_video,,,0
509609,2025-04-03,paid_social,retargeting,,,0
509610,2025-04-03,paid_social,prospecting_video,,,0
509611,2025-04-03,paid_social,prospecting_video,,,0
509612,2025-04-03,paid_social,prospecting_video,,,0
509613,2025-04-03,organic,,,,0
509614,2025-04-03,paid_search,generic_search,2025-04-04,monthly,29.97
509615,2025-04-03,referral,,,,0
509616,2025-04-03,display,display_network,,,0
509617,2025-04-03,paid_social,prospecting_video,,,0
509618,2025-04-03,paid_social,prospecting_video,,,0
509619,2025-04-03,organic,,,,0
509620,2025-04-03,paid_search,brand_search,,,0
509621,2025-04-03,paid_social,prospecting_video,,,0
509622,2025-04-03,paid_social,prospecting_video,,,0
509623,2025-04-03,paid_social,prospecting_video,,,0
509624,2025-04-03,paid_social,prospecting_video,,,0
509625,2025-04-03,paid_search,brand_search,,,0
509626,2025-04-03,paid_social,prospecting_video,,,0
509627,2025-04-03,organic,,,,0
509628,2025-04-03,paid_search,brand_search,,,0
509629,2025-04-03,display,display_network,,,0
509630,2025-04-03,paid_social,prospecting_video,,,0
509631,2025-04-03,paid_search,brand_search,,,0
509632,2025-04-03,organic,,,,0
509633,2025-04-03,paid_social,prospecting_video,,,0
509634,2025-04-03,organic,,,,0
509635,2025-04-03,paid_social,retargeting,2025-04-04,monthly,9.99
509636,2025-04-03,paid_social,retargeting,,,0
509637,2025-04-03,paid_search,brand_search,,,0
509638,2025-04-03,paid_search,brand_search,,,0
509639,2025-04-03,organic,,,,0
509640,2025-04-03,paid_social,prospecting_video,,,0
509641,2025-04-03,paid_search,brand_search,2025-04-05,monthly,29.97
509642,2025-04-03,paid_search,brand_search,,,0
509643,2025-04-03,organic,,,,0
509644,2025-04-03,paid_social,retargeting,,,0
509645,2025-04-03,paid_social,prospecting_video,,,0
509646,2025-04-03,paid_social,prospecting_video,,,0
509647,2025-04-03,paid_social,prospecting_video,,,0
509648,2025-04-03,paid_search,generic_search,,,0
509649,2025-04-03,paid_search,generic_search,2025-04-03,monthly,29.97
509650,2025-04-03,organic,,,,0
509651,2025-04-03,paid_social,retargeting,2025-04-03,monthly,29.97
509652,2025-04-03,paid_social,prospecting_video,,,0
509653,2025-04-03,paid_search,generic_search,,,0
509654,2025-04-03,paid_search,generic_search,,,0
509655,2025-04-03,paid_social,prospecting_video,,,0
509656,2025-04-03,paid_social,prospecting_video,,,0
509657,2025-04-03,paid_search,brand_search,2025-04-10,annual,79.99
509658,2025-04-03,paid_social,prospecting_video,,,0
509659,2025-04-03,paid_search,generic_search,,,0
509660,2025-04-03,paid_social,prospecting_video,2025-04-05,monthly,29.97
509661,2025-04-03,organic,,,,0
509662,2025-04-03,paid_social,prospecting_video,,,0
509663,2025-04-03,paid_search,brand_search,,,0
509664,2025-04-03,paid_search,generic_search,2025-04-05,monthly,29.97
509665,2025-04-03,paid_social,retargeting,,,0
509666,2025-04-03,paid_search,generic_search,2025-04-07,monthly,19.98
509667,2025-04-03,paid_social,prospecting_video,,,0
509668,2025-04-03,paid_social,prospecting_video,,,0
509669,2025-04-03,paid_search,generic_search,,,0
509670,2025-04-03,paid_search,generic_search,2025-04-06,annual,79.99
509671,2025-04-03,organic,,,,0
509672,2025-04-03,organic,,,,0
509673,2025-04-03,organic,,,,0
509674,2025-04-03,paid_social,prospecting_video,,,0
509675,2025-04-03,paid_social,retargeting,,,0
509676,2025-04-03,organic,,,,0
509677,2025-04-04,paid_social,prospecting_video,,,0
509678,2025-04-04,paid_search,brand_search,,,0
509679,2025-04-04,paid_social,retargeting,2025-04-04,monthly,29.97
509680,2025-04-04,paid_search,generic_search,,,0
509681,2025-04-04,organic,,,,0
509682,2025-04-04,paid_search,brand_search,2025-04-09,annual,79.99
509683,2025-04-04,affiliate,finance_blogs,,,0
509684,2025-04-04,paid_social,retargeting,,,0
509685,2025-04-04,paid_social,retargeting,,,0
509686,2025-04-04,paid_search,generic_search,2025-04-06,monthly,29.97
509687,2025-04-04,paid_social,prospecting_video,,,0
509688,2025-04-04,affiliate,finance_blogs,,,0
509689,2025-04-04,paid_social,retargeting,,,0
509690,2025-04-04,paid_social,prospecting_video,2025-04-04,monthly,19.98
509691,2025-04-04,paid_social,retargeting,2025-04-07,monthly,29.97
509692,2025-04-04,organic,,,,0
509693,2025-04-04,paid_search,brand_search,,,0
509694,2025-04-04,paid_social,prospecting_video,,,0
509695,2025-04-04,organic,,,,0
509696,2025-04-04,organic,,,,0
509697,2025-04-04,paid_search,brand_search,,,0
509698,2025-04-04,paid_search,generic_search,2025-04-04,annual,79.99
509699,2025-04-04,paid_search,generic_search,,,0
509700,2025-04-04,paid_search,brand_search,,,0
509701,2025-04-04,paid_search,generic_search,,,0
509702,2025-04-04,paid_social,prospecting_video,,,0
509703,2025-04-04,organic,,,,0
509704,2025-04-04,paid_social,prospecting_video,,,0
509705,2025-04-04,referral,,,,0
509706,2025-04-04,paid_search,brand_search,,,0
509707,2025-04-04,paid_social,prospecting_video,,,0
509708,2025-04-04,paid_social,retargeting,,,0
509709,2025-04-04,paid_social,retargeting,2025-04-09,monthly,9.99
509710,2025-04-04,organic,,,,0
509711,2025-04-04,paid_social,prospecting_video,,,0
509712,2025-04-04,paid_social,prospecting_video,,,0
509713,2025-04-04,paid_search,brand_search,2025-04-08,monthly,29.97
509714,2025-04-04,organic,,,,0
509715,2025-04-04,organic,,,,0
509716,2025-04-04,paid_social,prospecting_video,,,0
509717,2025-04-04,paid_social,prospecting_video,,,0
509718,2025-04-04,paid_search,generic_search,,,0
509719,2025-04-04,paid_social,prospecting_video,,,0
509720,2025-04-04,paid_social,prospecting_video,,,0
509721,2025-04-04,paid_social,prospecting_video,,,0
509722,2025-04-04,affiliate,finance_blogs,,,0
509723,2025-04-04,paid_social,prospecting_video,,,0
509724,2025-04-04,organic,,2025-04-08,monthly,29.97
509725,2025-04-04,paid_social,prospecting_video,,,0
509726,2025-04-04,organic,,,,0
509727,2025-04-04,paid_social,retargeting,,,0
509728,2025-04-04,paid_search,generic_search,,,0
509729,2025-04-04,paid_search,generic_search,2025-04-05,monthly,29.97
509730,2025-04-04,paid_social,prospecting_video,,,0
509731,2025-04-04,referral,,,,0
509732,2025-04-04,paid_social,prospecting_video,,,0
509733,2025-04-04,affiliate,finance_blogs,,,0
509734,2025-04-04,paid_search,generic_search,2025-04-06,monthly,19.98
509735,2025-04-04,affiliate,finance_blogs,,,0
509736,2025-04-04,organic,,,,0
509737,2025-04-04,paid_social,prospecting_video,,,0
509738,2025-04-04,referral,,,,0
509739,2025-04-04,paid_social,retargeting,,,0
509740,2025-04-04,referral,,,,0
509741,2025-04-04,paid_social,prospecting_video,,,0
509742,2025-04-04,paid_social,prospecting_video,,,0
509743,2025-04-04,paid_social,retargeting,,,0
509744,2025-04-04,organic,,,,0
509745,2025-04-04,paid_search,brand_search,,,0
509746,2025-04-04,paid_social,retargeting,,,0
509747,2025-04-04,paid_social,prospecting_video,,,0
509748,2025-04-04,paid_social,prospecting_video,,,0
509749,2025-04-04,affiliate,finance_blogs,,,0
509750,2025-04-04,organic,,2025-04-07,monthly,19.98
509751,2025-04-04,paid_search,generic_search,,,0
509752,2025-04-04,paid_search,brand_search,,,0
509753,2025-04-04,affiliate,finance_blogs,,,0
509754,2025-04-04,affiliate,finance_blogs,,,0
509755,2025-04-04,paid_search,generic_search,,,0
509756,2025-04-04,paid_search,generic_search,,,0
509757,2025-04-04,organic,,,,0
509758,2025-04-04,paid_search,brand_search,,,0
509759,2025-04-04,organic,,2025-04-06,monthly,9.99
509760,2025-04-04,organic,,,,0
509761,2025-04-04,organic,,,,0
509762,2025-04-04,organic,,2025-04-04,monthly,19.98
509763,2025-04-04,paid_social,retargeting,,,0
509764,2025-04-04,paid_social,prospecting_video,,,0
509765,2025-04-04,paid_search,brand_search,,,0
509766,2025-04-04,paid_social,retargeting,,,0
509767,2025-04-04,organic,,,,0
509768,2025-04-04,paid_social,prospecting_video,,,0
509769,2025-04-04,paid_search,brand_search,2025-04-12,annual,79.99
509770,2025-04-04,paid_social,prospecting_video,,,0
509771,2025-04-04,paid_social,retargeting,,,0
509772,2025-04-04,paid_search,brand_search,,,0
509773,2025-04-04,paid_search,brand_search,,,0
509774,2025-04-04,paid_social,retargeting,,,0
509775,2025-04-04,paid_social,prospecting_video,,,0
509776,2025-04-04,paid_social,retargeting,,,0
509777,2025-04-04,paid_social,retargeting,,,0
509778,2025-04-04,display,display_network,2025-04-07,monthly,29.97
509779,2025-04-05,paid_social,prospecting_video,,,0
509780,2025-04-05,paid_social,prospecting_video,,,0
509781,2025-04-05,paid_social,prospecting_video,,,0
509782,2025-04-05,paid_social,prospecting_video,,,0
509783,2025-04-05,paid_search,brand_search,,,0
509784,2025-04-05,paid_social,prospecting_video,,,0
509785,2025-04-05,paid_social,prospecting_video,,,0
509786,2025-04-05,paid_social,prospecting_video,,,0
509787,2025-04-05,referral,,,,0
509788,2025-04-05,paid_search,brand_search,,,0
509789,2025-04-05,referral,,,,0
509790,2025-04-05,paid_search,generic_search,2025-04-05,monthly,29.97
509791,2025-04-05,organic,,,,0
509792,2025-04-05,paid_search,generic_search,,,0
509793,2025-04-05,organic,,,,0
509794,2025-04-05,paid_social,prospecting_video,,,0
509795,2025-04-05,paid_social,prospecting_video,,,0
509796,2025-04-05,organic,,,,0
509797,2025-04-05,organic,,,,0
509798,2025-04-05,paid_social,prospecting_video,,,0
509799,2025-04-05,organic,,,,0
509800,2025-04-05,paid_social,prospecting_video,,,0
509801,2025-04-05,organic,,,,0
509802,2025-04-05,referral,,,,0
509803,2025-04-05,affiliate,finance_blogs,2025-04-07,monthly,29.97
509804,2025-04-05,paid_social,prospecting_video,,,0
509805,2025-04-05,organic,,,,0
509806,2025-04-05,organic,,,,0
509807,2025-04-05,organic,,,,0
509808,2025-04-05,organic,,,,0
509809,2025-04-05,affiliate,finance_blogs,,,0
509810,2025-04-05,paid_social,prospecting_video,,,0
509811,2025-04-05,paid_social,prospecting_video,,,0
509812,2025-04-05,affiliate,finance_blogs,,,0
509813,2025-04-05,referral,,2025-04-07,monthly,29.97
509814,2025-04-05,paid_social,prospecting_video,,,0
509815,2025-04-05,organic,,,,0
509816,2025-04-05,organic,,,,0
509817,2025-04-05,paid_social,prospecting_video,,,0
509818,2025-04-05,paid_search,generic_search,,,0
509819,2025-04-05,paid_social,prospecting_video,,,0
509820,2025-04-05,affiliate,finance_blogs,,,0
509821,2025-04-05,paid_social,prospecting_video,,,0
509822,2025-04-05,paid_social,retargeting,,,0
509823,2025-04-05,paid_social,prospecting_video,,,0
509824,2025-04-05,affiliate,finance_blogs,,,0
509825,2025-04-05,paid_social,prospecting_video,,,0
509826,2025-04-05,paid_social,retargeting,,,0
509827,2025-04-05,paid_social,retargeting,,,0
509828,2025-04-05,paid_social,prospecting_video,,,0
509829,2025-04-05,paid_social,retargeting,2025-04-06,monthly,29.97
509830,2025-04-05,organic,,,,0
509831,2025-04-05,paid_social,prospecting_video,,,0
509832,2025-04-05,paid_search,generic_search,,,0
509833,2025-04-05,paid_search,generic_search,,,0
509834,2025-04-05,paid_social,prospecting_video,,,0
509835,2025-04-05,paid_search,brand_search,,,0
509836,2025-04-05,organic,,2025-04-07,monthly,29.97
509837,2025-04-05,paid_social,prospecting_video,2025-04-06,monthly,19.98
509838,2025-04-05,paid_social,prospecting_video,,,0
509839,2025-04-05,paid_social,prospecting_video,,,0
509840,2025-04-05,referral,,2025-04-06,monthly,29.97
509841,2025-04-05,organic,,,,0
509842,2025-04-05,paid_search,generic_search,,,0
509843,2025-04-05,paid_social,retargeting,2025-04-06,monthly,29.97
509844,2025-04-05,organic,,,,0
509845,2025-04-05,organic,,,,0
509846,2025-04-05,paid_social,retargeting,,,0
509847,2025-04-05,paid_social,prospecting_video,,,0
509848,2025-04-05,paid_social,prospecting_video,,,0
509849,2025-04-05,referral,,,,0
509850,2025-04-05,paid_search,brand_search,,,0
509851,2025-04-05,paid_social,retargeting,,,0
509852,2025-04-05,paid_social,retargeting,2025-04-05,annual,79.99
509853,2025-04-05,paid_social,prospecting_video,,,0
509854,2025-04-05,organic,,,,0
509855,2025-04-05,paid_social,retargeting,,,0
509856,2025-04-05,paid_social,prospecting_video,,,0
509857,2025-04-05,organic,,2025-04-08,annual,79.99
509858,2025-04-05,paid_social,prospecting_video,,,0
509859,2025-04-05,paid_social,prospecting_video,,,0
509860,2025-04-05,paid_social,retargeting,2025-04-09,monthly,29.97
509861,2025-04-05,paid_search,generic_search,,,0
509862,2025-04-05,paid_social,retargeting,,,0
509863,2025-04-05,organic,,2025-04-05,monthly,9.99
509864,2025-04-05,paid_social,prospecting_video,,,0
509865,2025-04-05,paid_social,retargeting,,,0
509866,2025-04-05,paid_search,generic_search,2025-04-09,monthly,9.99
509867,2025-04-05,paid_social,prospecting_video,,,0
509868,2025-04-05,paid_search,brand_search,,,0
509869,2025-04-05,organic,,,,0
509870,2025-04-05,organic,,,,0
509871,2025-04-05,paid_search,generic_search,,,0
509872,2025-04-05,paid_social,prospecting_video,2025-04-05,monthly,19.98
509873,2025-04-05,paid_social,retargeting,,,0
509874,2025-04-05,paid_social,retargeting,,,0
509875,2025-04-05,organic,,,,0
509876,2025-04-05,paid_search,brand_search,2025-04-18,monthly,29.97
509877,2025-04-05,paid_social,prospecting_video,,,0
509878,2025-04-05,paid_search,brand_search,,,0
509879,2025-04-05,paid_social,prospecting_video,,,0
509880,2025-04-05,organic,,,,0
509881,2025-04-05,paid_social,retargeting,2025-04-05,monthly,19.98
509882,2025-04-05,organic,,,,0
509883,2025-04-05,paid_social,prospecting_video,,,0
509884,2025-04-05,paid_social,prospecting_video,,,0
509885,2025-04-05,paid_social,retargeting,,,0
509886,2025-04-05,referral,,,,0
509887,2025-04-05,affiliate,finance_blogs,,,0
509888,2025-04-05,paid_social,retargeting,2025-04-05,annual,79.99
509889,2025-04-05,organic,,,,0
509890,2025-04-05,paid_social,retargeting,,,0
509891,2025-04-06,organic,,,,0
509892,2025-04-06,paid_social,prospecting_video,,,0
509893,2025-04-06,organic,,,,0
509894,2025-04-06,paid_search,generic_search,,,0
509895,2025-04-06,paid_social,prospecting_video,,,0
509896,2025-04-06,organic,,,,0
509897,2025-04-06,paid_search,generic_search,,,0
509898,2025-04-06,paid_social,prospecting_video,,,0
509899,2025-04-06,paid_social,prospecting_video,,,0
509900,2025-04-06,organic,,,,0
509901,2025-04-06,paid_social,retargeting,,,0
509902,2025-04-06,paid_search,brand_search,,,0
509903,2025-04-06,paid_social,prospecting_video,,,0
509904,2025-04-06,affiliate,finance_blogs,,,0
509905,2025-04-06,paid_social,prospecting_video,,,0
509906,2025-04-06,paid_social,prospecting_video,,,0
509907,2025-04-06,organic,,,,0
509908,2025-04-06,paid_search,generic_search,2025-04-06,monthly,29.97
509909,2025-04-06,paid_search,brand_search,2025-04-07,monthly,19.98
509910,2025-04-06,paid_social,retargeting,,,0
509911,2025-04-06,paid_social,prospecting_video,,,0
509912,2025-04-06,paid_social,retargeting,,,0
509913,2025-04-06,paid_social,prospecting_video,,,0
509914,2025-04-06,paid_social,prospecting_video,,,0
509915,2025-04-06,paid_social,retargeting,,,0
509916,2025-04-06,organic,,,,0
509917,2025-04-06,organic,,,,0
509918,2025-04-06,paid_social,prospecting_video,,,0
509919,2025-04-06,paid_search,brand_search,,,0
509920,2025-04-06,paid_social,retargeting,,,0
509921,2025-04-06,paid_social,prospecting_video,,,0
509922,2025-04-06,display,display_network,,,0
509923,2025-04-06,paid_social,prospecting_video,,,0
509924,2025-04-06,paid_social,prospecting_video,,,0
509925,2025-04-06,organic,,2025-04-06,annual,79.99
509926,2025-04-06,paid_search,generic_search,,,0
509927,2025-04-06,organic,,,,0
509928,2025-04-06,paid_search,generic_search,,,0
509929,2025-04-06,paid_search,brand_search,,,0
509930,2025-04-06,display,display_network,,,0
509931,2025-04-06,referral,,,,0
509932,2025-04-06,organic,,,,0
509933,2025-04-06,paid_social,prospecting_video,,,0
509934,2025-04-06,referral,,,,0
509935,2025-04-06,paid_search,generic_search,,,0
509936,2025-04-06,paid_social,retargeting,,,0
509937,2025-04-06,organic,,,,0
509938,2025-04-06,paid_social,prospecting_video,,,0
509939,2025-04-06,paid_social,retargeting,,,0
509940,2025-04-06,referral,,,,0
509941,2025-04-06,paid_social,prospecting_video,,,0
509942,2025-04-06,paid_social,prospecting_video,,,0
509943,2025-04-06,paid_social,retargeting,,,0
509944,2025-04-06,affiliate,finance_blogs,,,0
509945,2025-04-06,referral,,,,0
509946,2025-04-06,paid_social,retargeting,,,0
509947,2025-04-06,paid_search,brand_search,2025-04-06,monthly,19.98
509948,2025-04-06,organic,,2025-04-06,annual,79.99
509949,2025-04-06,organic,,,,0
509950,2025-04-06,paid_social,prospecting_video,,,0
509951,2025-04-06,paid_social,prospecting_video,,,0
509952,2025-04-06,paid_social,prospecting_video,,,0
509953,2025-04-06,paid_search,generic_search,,,0
509954,2025-04-06,paid_search,generic_search,,,0
509955,2025-04-06,paid_social,prospecting_video,,,0
509956,2025-04-06,paid_social,prospecting_video,,,0
509957,2025-04-06,referral,,,,0
509958,2025-04-06,paid_social,prospecting_video,,,0
509959,2025-04-06,paid_social,prospecting_video,,,0
509960,2025-04-06,affiliate,finance_blogs,,,0
509961,2025-04-06,paid_social,prospecting_video,,,0
509962,2025-04-06,paid_search,generic_search,,,0
509963,2025-04-06,paid_search,generic_search,,,0
509964,2025-04-06,organic,,,,0
509965,2025-04-06,paid_social,prospecting_video,2025-04-09,annual,79.99
509966,2025-04-06,organic,,,,0
509967,2025-04-06,paid_social,retargeting,,,0
509968,2025-04-06,organic,,,,0
509969,2025-04-06,paid_search,brand_search,,,0
509970,2025-04-06,display,display_network,,,0
509971,2025-04-06,paid_search,generic_search,,,0
509972,2025-04-06,paid_social,retargeting,,,0
509973,2025-04-06,paid_search,brand_search,,,0
509974,2025-04-06,display,display_network,2025-04-15,monthly,29.97
509975,2025-04-06,paid_social,prospecting_video,2025-04-18,monthly,9.99
509976,2025-04-06,paid_social,prospecting_video,,,0
509977,2025-04-06,paid_social,retargeting,,,0
509978,2025-04-06,referral,,2025-04-07,annual,79.99
509979,2025-04-06,organic,,,,0
509980,2025-04-06,organic,,,,0
509981,2025-04-06,paid_search,brand_search,,,0
509982,2025-04-06,referral,,,,0
509983,2025-04-06,organic,,,,0
509984,2025-04-06,affiliate,finance_blogs,2025-04-07,annual,79.99
509985,2025-04-06,referral,,,,0
509986,2025-04-06,paid_search,brand_search,2025-04-16,monthly,9.99
509987,2025-04-07,paid_search,brand_search,,,0
509988,2025-04-07,paid_social,retargeting,,,0
509989,2025-04-07,paid_social,prospecting_video,,,0
509990,2025-04-07,referral,,,,0
509991,2025-04-07,paid_search,generic_search,,,0
509992,2025-04-07,paid_social,retargeting,,,0
509993,2025-04-07,referral,,,,0
509994,2025-04-07,referral,,,,0
509995,2025-04-07,paid_search,brand_search,,,0
509996,2025-04-07,paid_social,prospecting_video,,,0
509997,2025-04-07,affiliate,finance_blogs,,,0
509998,2025-04-07,paid_social,prospecting_video,,,0
509999,2025-04-07,organic,,,,0
510000,2025-04-07,paid_social,retargeting,2025-04-15,annual,79.99
510001,2025-04-07,paid_search,generic_search,,,0
510002,2025-04-07,paid_search,brand_search,2025-04-07,monthly,29.97
510003,2025-04-07,organic,,,,0
510004,2025-04-07,paid_search,brand_search,,,0
510005,2025-04-07,affiliate,finance_blogs,,,0
510006,2025-04-07,paid_social,prospecting_video,,,0
510007,2025-04-07,paid_social,prospecting_video,,,0
510008,2025-04-07,paid_social,retargeting,,,0
510009,2025-04-07,organic,,,,0
510010,2025-04-07,paid_social,prospecting_video,,,0
510011,2025-04-07,paid_search,generic_search,,,0
510012,2025-04-07,paid_social,prospecting_video,2025-04-11,monthly,9.99
510013,2025-04-07,organic,,,,0
510014,2025-04-07,paid_social,prospecting_video,,,0
510015,2025-04-07,paid_social,retargeting,,,0
510016,2025-04-07,paid_search,generic_search,,,0
510017,2025-04-07,paid_search,brand_search,,,0
510018,2025-04-07,paid_search,brand_search,,,0
510019,2025-04-07,display,display_network,,,0
510020,2025-04-07,paid_social,prospecting_video,2025-04-14,monthly,9.99
510021,2025-04-07,paid_social,prospecting_video,,,0
510022,2025-04-07,paid_social,prospecting_video,,,0
510023,2025-04-07,paid_social,prospecting_video,,,0
510024,2025-04-07,paid_social,prospecting_video,,,0
510025,2025-04-07,paid_social,prospecting_video,,,0
510026,2025-04-07,paid_social,prospecting_video,,,0
510027,2025-04-07,paid_social,prospecting_video,,,0
510028,2025-04-07,organic,,,,0
510029,2025-04-07,referral,,,,0
510030,2025-04-07,display,display_network,,,0
510031,2025-04-07,paid_social,prospecting_video,,,0
510032,2025-04-07,paid_social,prospecting_video,,,0
510033,2025-04-07,paid_search,generic_search,2025-04-13,annual,79.99
510034,2025-04-07,organic,,,,0
510035,2025-04-07,paid_search,generic_search,,,0
510036,2025-04-07,organic,,,,0
510037,2025-04-07,paid_social,prospecting_video,,,0
510038,2025-04-07,organic,,,,0
510039,2025-04-07,organic,,2025-04-10,monthly,19.98
510040,2025-04-07,organic,,,,0
510041,2025-04-07,paid_search,brand_search,,,0
510042,2025-04-07,affiliate,finance_blogs,,,0
510043,2025-04-07,paid_social,prospecting_video,,,0
510044,2025-04-07,paid_social,prospecting_video,,,0
510045,2025-04-07,paid_social,retargeting,,,0
510046,2025-04-07,paid_social,prospecting_video,,,0
510047,2025-04-07,organic,,,,0
510048,2025-04-07,paid_social,prospecting_video,,,0
510049,2025-04-07,paid_search,brand_search,,,0
510050,2025-04-07,paid_search,brand_search,,,0
510051,2025-04-07,organic,,,,0
510052,2025-04-07,organic,,,,0
510053,2025-04-07,paid_social,prospecting_video,,,0
510054,2025-04-07,paid_social,prospecting_video,,,0
510055,2025-04-07,paid_social,retargeting,,,0
510056,2025-04-07,paid_search,generic_search,,,0
510057,2025-04-07,paid_search,brand_search,,,0
510058,2025-04-07,paid_social,prospecting_video,2025-04-07,annual,79.99
510059,2025-04-07,organic,,,,0
510060,2025-04-07,paid_social,prospecting_video,,,0
510061,2025-04-07,paid_search,generic_search,,,0
510062,2025-04-07,paid_social,prospecting_video,,,0
510063,2025-04-07,paid_search,brand_search,,,0
510064,2025-04-07,paid_search,generic_search,,,0
510065,2025-04-07,paid_search,brand_search,,,0
510066,2025-04-07,paid_social,prospecting_video,,,0
510067,2025-04-07,paid_social,prospecting_video,,,0
510068,2025-04-07,paid_social,prospecting_video,,,0
510069,2025-04-07,paid_search,brand_search,2025-04-13,monthly,29.97
510070,2025-04-07,paid_social,prospecting_video,,,0
510071,2025-04-07,paid_search,brand_search,2025-04-07,monthly,29.97
510072,2025-04-07,affiliate,finance_blogs,,,0
510073,2025-04-07,paid_social,prospecting_video,,,0
510074,2025-04-07,paid_social,prospecting_video,,,0
510075,2025-04-07,paid_search,generic_search,,,0
510076,2025-04-07,paid_search,brand_search,2025-04-17,annual,79.99
510077,2025-04-07,organic,,,,0
510078,2025-04-07,paid_social,retargeting,,,0
510079,2025-04-08,paid_social,prospecting_video,,,0
510080,2025-04-08,paid_search,generic_search,,,0
510081,2025-04-08,paid_social,retargeting,,,0
510082,2025-04-08,paid_social,prospecting_video,,,0
510083,2025-04-08,organic,,,,0
510084,2025-04-08,paid_social,prospecting_video,,,0
510085,2025-04-08,paid_social,prospecting_video,,,0
510086,2025-04-08,display,display_network,,,0
510087,2025-04-08,paid_search,brand_search,,,0
510088,2025-04-08,paid_social,retargeting,,,0
510089,2025-04-08,paid_social,prospecting_video,,,0
510090,2025-04-08,paid_social,prospecting_video,,,0
510091,2025-04-08,paid_social,prospecting_video,,,0
510092,2025-04-08,paid_search,generic_search,,,0
510093,2025-04-08,paid_search,generic_search,,,0
510094,2025-04-08,paid_social,prospecting_video,,,0
510095,2025-04-08,referral,,,,0
510096,2025-04-08,paid_social,prospecting_video,,,0
510097,2025-04-08,paid_social,retargeting,,,0
510098,2025-04-08,paid_social,prospecting_video,2025-04-09,monthly,19.98
510099,2025-04-08,paid_search,generic_search,2025-04-12,monthly,29.97
510100,2025-04-08,paid_social,prospecting_video,,,0
510101,2025-04-08,paid_social,prospecting_video,,,0
510102,2025-04-08,organic,,,,0
510103,2025-04-08,paid_search,brand_search,,,0
510104,2025-04-08,paid_social,prospecting_video,,,0
510105,2025-04-08,paid_social,prospecting_video,,,0
510106,2025-04-08,paid_social,retargeting,,,0
510107,2025-04-08,paid_social,retargeting,,,0
510108,2025-04-08,paid_social,prospecting_video,,,0
510109,2025-04-08,paid_social,prospecting_video,,,0
510110,2025-04-08,organic,,,,0
510111,2025-04-08,paid_search,brand_search,,,0
510112,2025-04-08,paid_search,brand_search,2025-04-16,annual,79.99
510113,2025-04-08,paid_social,retargeting,,,0
510114,2025-04-08,paid_search,generic_search,2025-04-13,monthly,29.97
510115,2025-04-08,paid_social,prospecting_video,,,0
510116,2025-04-08,paid_social,prospecting_video,,,0
510117,2025-04-08,paid_social,retargeting,2025-04-10,monthly,29.97
510118,2025-04-08,paid_social,prospecting_video,,,0
510119,2025-04-08,organic,,,,0
510120,2025-04-08,paid_social,retargeting,,,0
510121,2025-04-08,paid_social,retargeting,,,0
510122,2025-04-08,paid_social,prospecting_video,,,0
510123,2025-04-08,paid_search,generic_search,,,0
510124,2025-04-08,paid_social,prospecting_video,,,0
510125,2025-04-08,paid_social,prospecting_video,,,0
510126,2025-04-08,paid_social,retargeting,2025-04-10,monthly,29.97
510127,2025-04-08,paid_search,generic_search,,,0
510128,2025-04-08,organic,,,,0
510129,2025-04-08,paid_social,prospecting_video,,,0
510130,2025-04-08,organic,,,,0
510131,2025-04-08,paid_search,brand_search,,,0
510132,2025-04-08,paid_social,prospecting_video,,,0
510133,2025-04-08,paid_social,prospecting_video,,,0
510134,2025-04-08,referral,,,,0
510135,2025-04-08,paid_social,retargeting,,,0
510136,2025-04-08,organic,,,,0
510137,2025-04-08,referral,,,,0
510138,2025-04-08,paid_social,retargeting,,,0
510139,2025-04-08,display,display_network,,,0
510140,2025-04-08,paid_social,retargeting,,,0
510141,2025-04-08,paid_social,prospecting_video,,,0
510142,2025-04-08,paid_social,prospecting_video,,,0
510143,2025-04-08,organic,,,,0
510144,2025-04-08,paid_search,brand_search,,,0
510145,2025-04-08,paid_search,brand_search,2025-04-08,annual,79.99
510146,2025-04-08,referral,,,,0
510147,2025-04-08,paid_search,generic_search,2025-04-19,monthly,29.97
510148,2025-04-08,organic,,,,0
510149,2025-04-08,paid_social,prospecting_video,,,0
510150,2025-04-08,paid_social,retargeting,,,0
510151,2025-04-08,paid_social,prospecting_video,,,0
510152,2025-04-08,paid_social,retargeting,,,0
510153,2025-04-08,paid_social,prospecting_video,,,0
510154,2025-04-08,affiliate,finance_blogs,,,0
510155,2025-04-08,paid_social,retargeting,,,0
510156,2025-04-08,paid_search,brand_search,,,0
510157,2025-04-08,paid_social,retargeting,2025-04-10,annual,79.99
510158,2025-04-08,organic,,2025-04-09,monthly,29.97
510159,2025-04-08,paid_social,prospecting_video,,,0
510160,2025-04-08,organic,,,,0
510161,2025-04-08,paid_social,prospecting_video,,,0
510162,2025-04-08,paid_social,prospecting_video,,,0
510163,2025-04-08,paid_social,retargeting,,,0
510164,2025-04-08,paid_social,retargeting,2025-04-14,monthly,29.97
510165,2025-04-08,paid_search,brand_search,2025-04-13,monthly,19.98
510166,2025-04-08,paid_social,prospecting_video,2025-04-15,annual,79.99
510167,2025-04-08,affiliate,finance_blogs,,,0
510168,2025-04-08,paid_social,retargeting,,,0
510169,2025-04-08,paid_social,prospecting_video,,,0
510170,2025-04-08,paid_social,prospecting_video,2025-04-15,monthly,19.98
510171,2025-04-08,organic,,,,0
510172,2025-04-08,paid_social,prospecting_video,,,0
510173,2025-04-08,paid_social,retargeting,,,0
510174,2025-04-08,paid_search,generic_search,,,0
510175,2025-04-08,affiliate,finance_blogs,,,0
510176,2025-04-08,paid_social,prospecting_video,,,0
510177,2025-04-08,paid_social,retargeting,,,0
510178,2025-04-08,paid_search,generic_search,,,0
510179,2025-04-08,paid_search,brand_search,,,0
510180,2025-04-08,organic,,,,0
510181,2025-04-08,referral,,,,0
510182,2025-04-08,paid_search,brand_search,,,0
510183,2025-04-08,paid_social,prospecting_video,,,0
510184,2025-04-08,organic,,,,0
510185,2025-04-08,paid_social,prospecting_video,,,0
510186,2025-04-08,paid_search,brand_search,2025-04-12,monthly,29.97
510187,2025-04-08,paid_social,retargeting,,,0
510188,2025-04-08,paid_social,prospecting_video,,,0
510189,2025-04-08,paid_search,brand_search,2025-04-13,monthly,29.97
510190,2025-04-08,paid_social,prospecting_video,,,0
510191,2025-04-08,paid_social,prospecting_video,,,0
510192,2025-04-08,paid_social,prospecting_video,,,0
510193,2025-04-08,paid_search,generic_search,,,0
510194,2025-04-08,paid_social,retargeting,,,0
510195,2025-04-08,paid_social,prospecting_video,,,0
510196,2025-04-08,referral,,,,0
510197,2025-04-08,paid_search,generic_search,,,0
510198,2025-04-08,referral,,2025-04-08,monthly,29.97
510199,2025-04-08,paid_search,brand_search,,,0
510200,2025-04-09,paid_search,brand_search,,,0
510201,2025-04-09,paid_social,prospecting_video,,,0
510202,2025-04-09,paid_search,brand_search,2025-04-14,annual,79.99
510203,2025-04-09,paid_search,brand_search,,,0
510204,2025-04-09,paid_social,prospecting_video,,,0
510205,2025-04-09,paid_social,retargeting,,,0
510206,2025-04-09,referral,,,,0
510207,2025-04-09,organic,,,,0
510208,2025-04-09,paid_search,generic_search,,,0
510209,2025-04-09,paid_social,prospecting_video,,,0
510210,2025-04-09,organic,,2025-04-10,annual,79.99
510211,2025-04-09,paid_social,prospecting_video,,,0
510212,2025-04-09,referral,,,,0
510213,2025-04-09,organic,,,,0
510214,2025-04-09,paid_social,prospecting_video,,,0
510215,2025-04-09,paid_social,prospecting_video,,,0
510216,2025-04-09,organic,,2025-04-09,monthly,29.97
510217,2025-04-09,paid_social,prospecting_video,,,0
510218,2025-04-09,paid_social,retargeting,,,0
510219,2025-04-09,paid_search,brand_search,2025-04-09,monthly,29.97
510220,2025-04-09,paid_social,prospecting_video,,,0
510221,2025-04-09,paid_social,prospecting_video,,,0
510222,2025-04-09,organic,,,,0
510223,2025-04-09,organic,,,,0
510224,2025-04-09,organic,,,,0
510225,2025-04-09,paid_search,generic_search,,,0
510226,2025-04-09,paid_social,prospecting_video,,,0
510227,2025-04-09,referral,,,,0
510228,2025-04-09,paid_social,prospecting_video,,,0
510229,2025-04-09,organic,,,,0
510230,2025-04-09,paid_search,brand_search,,,0
510231,2025-04-09,organic,,,,0
510232,2025-04-09,paid_social,retargeting,,,0
510233,2025-04-09,paid_social,prospecting_video,,,0
510234,2025-04-09,paid_social,retargeting,,,0
510235,2025-04-09,paid_search,brand_search,,,0
510236,2025-04-09,paid_social,prospecting_video,,,0
510237,2025-04-09,referral,,,,0
510238,2025-04-09,paid_search,brand_search,,,0
510239,2025-04-09,organic,,2025-04-10,monthly,9.99
510240,2025-04-09,paid_search,brand_search,2025-04-12,monthly,9.99
510241,2025-04-09,display,display_network,,,0
510242,2025-04-09,referral,,,,0
510243,2025-04-09,paid_search,brand_search,,,0
510244,2025-04-09,paid_social,prospecting_video,,,0
510245,2025-04-09,organic,,,,0
510246,2025-04-09,affiliate,finance_blogs,2025-04-09,annual,79.99
510247,2025-04-09,paid_social,prospecting_video,,,0
510248,2025-04-09,paid_social,retargeting,,,0
510249,2025-04-09,paid_social,retargeting,2025-04-09,monthly,29.97
510250,2025-04-09,paid_social,prospecting_video,,,0
510251,2025-04-09,organic,,2025-04-10,monthly,29.97
510252,2025-04-09,paid_search,generic_search,,,0
510253,2025-04-09,paid_social,prospecting_video,,,0
510254,2025-04-09,paid_social,prospecting_video,,,0
510255,2025-04-09,paid_search,brand_search,,,0
510256,2025-04-09,display,display_network,,,0
510257,2025-04-09,paid_social,prospecting_video,,,0
510258,2025-04-09,paid_social,prospecting_video,,,0
510259,2025-04-09,paid_search,generic_search,2025-04-10,monthly,9.99
510260,2025-04-09,paid_search,brand_search,,,0
510261,2025-04-09,paid_search,generic_search,,,0
510262,2025-04-09,organic,,,,0
510263,2025-04-09,paid_search,brand_search,,,0
510264,2025-04-09,organic,,,,0
510265,2025-04-09,paid_social,retargeting,,,0
510266,2025-04-09,paid_social,prospecting_video,,,0
510267,2025-04-09,organic,,,,0
510268,2025-04-09,organic,,,,0
510269,2025-04-09,organic,,,,0
510270,2025-04-09,organic,,,,0
510271,2025-04-09,paid_social,retargeting,,,0
510272,2025-04-09,paid_social,prospecting_video,,,0
510273,2025-04-09,paid_social,prospecting_video,,,0
510274,2025-04-09,paid_social,prospecting_video,,,0
510275,2025-04-09,paid_search,generic_search,,,0
510276,2025-04-09,affiliate,finance_blogs,,,0
510277,2025-04-09,referral,,,,0
510278,2025-04-09,paid_social,prospecting_video,,,0
510279,2025-04-09,paid_search,brand_search,,,0
510280,2025-04-09,paid_social,retargeting,,,0
510281,2025-04-09,paid_social,prospecting_video,,,0
510282,2025-04-09,paid_social,prospecting_video,,,0
510283,2025-04-09,paid_search,generic_search,2025-04-12,monthly,19.98
510284,2025-04-09,paid_social,prospecting_video,,,0
510285,2025-04-09,paid_social,retargeting,,,0
510286,2025-04-09,paid_social,retargeting,,,0
510287,2025-04-09,paid_social,prospecting_video,,,0
510288,2025-04-09,paid_social,prospecting_video,,,0
510289,2025-04-09,affiliate,finance_blogs,,,0
510290,2025-04-09,paid_social,prospecting_video,,,0
510291,2025-04-09,affiliate,finance_blogs,,,0
510292,2025-04-09,paid_social,prospecting_video,,,0
510293,2025-04-09,referral,,,,0
510294,2025-04-09,paid_social,prospecting_video,,,0
510295,2025-04-09,paid_social,prospecting_video,,,0
510296,2025-04-09,organic,,2025-04-22,monthly,29.97
510297,2025-04-09,paid_social,prospecting_video,,,0
510298,2025-04-09,paid_social,prospecting_video,,,0
510299,2025-04-09,paid_search,generic_search,,,0
510300,2025-04-09,paid_search,generic_search,,,0
510301,2025-04-09,organic,,,,0
510302,2025-04-09,paid_social,prospecting_video,,,0
510303,2025-04-10,paid_search,brand_search,,,0
510304,2025-04-10,organic,,,,0
510305,2025-04-10,organic,,,,0
510306,2025-04-10,paid_social,retargeting,,,0
510307,2025-04-10,display,display_network,,,0
510308,2025-04-10,organic,,,,0
510309,2025-04-10,paid_social,prospecting_video,,,0
510310,2025-04-10,organic,,,,0
510311,2025-04-10,paid_social,retargeting,2025-04-15,annual,79.99
510312,2025-04-10,referral,,,,0
510313,2025-04-10,paid_social,retargeting,,,0
510314,2025-04-10,paid_search,brand_search,,,0
510315,2025-04-10,paid_social,prospecting_video,,,0
510316,2025-04-10,paid_social,retargeting,,,0
510317,2025-04-10,organic,,,,0
510318,2025-04-10,affiliate,finance_blogs,,,0
510319,2025-04-10,paid_social,prospecting_video,,,0
510320,2025-04-10,paid_social,prospecting_video,,,0
510321,2025-04-10,paid_search,generic_search,,,0
510322,2025-04-10,organic,,,,0
510323,2025-04-10,organic,,2025-04-10,monthly,29.97
510324,2025-04-10,referral,,,,0
510325,2025-04-10,paid_social,retargeting,,,0
510326,2025-04-10,paid_social,prospecting_video,,,0
510327,2025-04-10,organic,,,,0
510328,2025-04-10,organic,,,,0
510329,2025-04-10,affiliate,finance_blogs,,,0
510330,2025-04-10,paid_social,retargeting,,,0
510331,2025-04-10,paid_social,prospecting_video,,,0
510332,2025-04-10,paid_social,prospecting_video,,,0
510333,2025-04-10,paid_social,retargeting,,,0
510334,2025-04-10,organic,,,,0
510335,2025-04-10,paid_social,prospecting_video,,,0
510336,2025-04-10,display,display_network,,,0
510337,2025-04-10,paid_social,prospecting_video,,,0
510338,2025-04-10,organic,,,,0
510339,2025-04-10,organic,,,,0
510340,2025-04-10,paid_social,prospecting_video,,,0
510341,2025-04-10,paid_search,generic_search,,,0
510342,2025-04-10,affiliate,finance_blogs,,,0
510343,2025-04-10,organic,,2025-04-10,monthly,29.97
510344,2025-04-10,paid_social,prospecting_video,,,0
510345,2025-04-10,paid_social,prospecting_video,,,0
510346,2025-04-10,paid_social,prospecting_video,,,0
510347,2025-04-10,paid_social,prospecting_video,,,0
510348,2025-04-10,affiliate,finance_blogs,,,0
510349,2025-04-10,paid_social,prospecting_video,,,0
510350,2025-04-10,paid_social,prospecting_video,,,0
510351,2025-04-10,paid_social,prospecting_video,,,0
510352,2025-04-10,paid_social,prospecting_video,,,0
510353,2025-04-10,paid_social,retargeting,,,0
510354,2025-04-10,referral,,,,0
510355,2025-04-10,paid_social,prospecting_video,,,0
510356,2025-04-10,affiliate,finance_blogs,2025-04-10,annual,79.99
510357,2025-04-10,paid_social,prospecting_video,,,0
510358,2025-04-10,paid_search,brand_search,,,0
510359,2025-04-10,referral,,,,0
510360,2025-04-10,referral,,,,0
510361,2025-04-10,paid_social,prospecting_video,,,0
510362,2025-04-10,paid_social,retargeting,,,0
510363,2025-04-10,paid_search,generic_search,,,0
510364,2025-04-10,paid_social,prospecting_video,2025-04-23,annual,79.99
510365,2025-04-10,organic,,,,0
510366,2025-04-10,paid_social,prospecting_video,,,0
510367,2025-04-10,paid_social,prospecting_video,,,0
510368,2025-04-10,paid_social,prospecting_video,,,0
510369,2025-04-10,paid_social,prospecting_video,,,0
510370,2025-04-10,paid_search,generic_search,,,0
510371,2025-04-10,paid_social,prospecting_video,,,0
510372,2025-04-10,paid_search,brand_search,,,0
510373,2025-04-10,organic,,,,0
510374,2025-04-10,paid_social,prospecting_video,,,0
510375,2025-04-10,paid_search,generic_search,2025-04-11,monthly,29.97
510376,2025-04-10,paid_search,brand_search,,,0
510377,2025-04-10,paid_social,prospecting_video,,,0
510378,2025-04-10,affiliate,finance_blogs,,,0
510379,2025-04-10,paid_social,prospecting_video,,,0
510380,2025-04-10,paid_social,prospecting_video,,,0
510381,2025-04-10,paid_social,prospecting_video,,,0
510382,2025-04-10,paid_search,brand_search,,,0
510383,2025-04-10,organic,,,,0
510384,2025-04-10,paid_social,retargeting,,,0
510385,2025-04-10,affiliate,finance_blogs,,,0
510386,2025-04-10,organic,,,,0
510387,2025-04-10,paid_social,prospecting_video,,,0
510388,2025-04-10,organic,,2025-04-11,monthly,9.99
510389,2025-04-10,paid_social,prospecting_video,,,0
510390,2025-04-10,paid_search,brand_search,2025-04-13,monthly,29.97
510391,2025-04-10,paid_social,prospecting_video,,,0
510392,2025-04-10,paid_social,prospecting_video,,,0
510393,2025-04-10,paid_social,retargeting,,,0
510394,2025-04-10,paid_social,prospecting_video,,,0
510395,2025-04-10,referral,,,,0
510396,2025-04-10,paid_social,prospecting_video,,,0
510397,2025-04-10,paid_social,prospecting_video,,,0
510398,2025-04-10,organic,,,,0
510399,2025-04-10,paid_social,prospecting_video,,,0
510400,2025-04-10,paid_search,generic_search,,,0
510401,2025-04-10,paid_social,prospecting_video,,,0
510402,2025-04-10,display,display_network,,,0
510403,2025-04-10,paid_search,generic_search,,,0
510404,2025-04-10,paid_social,prospecting_video,,,0
510405,2025-04-10,paid_social,prospecting_video,,,0
510406,2025-04-10,paid_search,generic_search,,,0
510407,2025-04-10,paid_social,retargeting,2025-04-15,monthly,9.99
510408,2025-04-10,paid_search,generic_search,,,0
510409,2025-04-10,paid_social,prospecting_video,,,0
510410,2025-04-10,paid_social,prospecting_video,,,0
510411,2025-04-10,paid_social,prospecting_video,,,0
510412,2025-04-11,paid_social,prospecting_video,,,0
510413,2025-04-11,organic,,,,0
510414,2025-04-11,paid_social,prospecting_video,,,0
510415,2025-04-11,paid_social,prospecting_video,,,0
510416,2025-04-11,organic,,,,0
510417,2025-04-11,paid_search,brand_search,2025-04-13,monthly,29.97
510418,2025-04-11,paid_search,brand_search,,,0
510419,2025-04-11,paid_social,retargeting,,,0
510420,2025-04-11,referral,,,,0
510421,2025-04-11,organic,,,,0
510422,2025-04-11,paid_social,prospecting_video,,,0
510423,2025-04-11,referral,,,,0
510424,2025-04-11,paid_search,generic_search,,,0
510425,2025-04-11,paid_social,prospecting_video,,,0
510426,2025-04-11,referral,,,,0
510427,2025-04-11,paid_social,prospecting_video,,,0
510428,2025-04-11,paid_social,retargeting,,,0
510429,2025-04-11,paid_social,retargeting,,,0
510430,2025-04-11,paid_social,retargeting,,,0
510431,2025-04-11,organic,,,,0
510432,2025-04-11,paid_social,prospecting_video,,,0
510433,2025-04-11,paid_search,generic_search,,,0
510434,2025-04-11,paid_social,retargeting,,,0
510435,2025-04-11,paid_search,generic_search,,,0
510436,2025-04-11,paid_search,generic_search,2025-04-17,monthly,29.97
510437,2025-04-11,organic,,,,0
510438,2025-04-11,paid_social,prospecting_video,,,0
510439,2025-04-11,paid_social,prospecting_video,,,0
510440,2025-04-11,paid_social,prospecting_video,,,0
510441,2025-04-11,organic,,,,0
510442,2025-04-11,paid_social,prospecting_video,,,0
510443,2025-04-11,organic,,,,0
510444,2025-04-11,organic,,,,0
510445,2025-04-11,paid_search,generic_search,,,0
510446,2025-04-11,referral,,,,0
510447,2025-04-11,referral,,,,0
510448,2025-04-11,organic,,,,0
510449,2025-04-11,organic,,,,0
510450,2025-04-11,paid_social,retargeting,,,0
510451,2025-04-11,paid_social,retargeting,,,0
510452,2025-04-11,paid_social,prospecting_video,,,0
510453,2025-04-11,paid_social,prospecting_video,2025-04-11,monthly,29.97
510454,2025-04-11,paid_social,retargeting,,,0
510455,2025-04-11,organic,,,,0
510456,2025-04-11,organic,,,,0
510457,2025-04-11,paid_social,retargeting,,,0
510458,2025-04-11,paid_search,generic_search,,,0
510459,2025-04-11,organic,,,,0
510460,2025-04-11,paid_social,retargeting,,,0
510461,2025-04-11,paid_search,generic_search,,,0
510462,2025-04-11,paid_social,prospecting_video,,,0
510463,2025-04-11,affiliate,finance_blogs,,,0
510464,2025-04-11,referral,,,,0
510465,2025-04-11,paid_social,prospecting_video,,,0
510466,2025-04-11,paid_search,brand_search,,,0
510467,2025-04-11,paid_search,generic_search,,,0
510468,2025-04-11,referral,,2025-04-14,monthly,19.98
510469,2025-04-11,paid_social,prospecting_video,,,0
510470,2025-04-11,paid_social,prospecting_video,,,0
510471,2025-04-11,organic,,2025-04-16,monthly,19.98
510472,2025-04-11,paid_search,brand_search,,,0
510473,2025-04-11,paid_social,prospecting_video,,,0
510474,2025-04-11,organic,,,,0
510475,2025-04-11,referral,,,,0
510476,2025-04-11,paid_social,retargeting,,,0
510477,2025-04-11,paid_social,prospecting_video,,,0
510478,2025-04-11,affiliate,finance_blogs,,,0
510479,2025-04-11,paid_search,generic_search,,,0
510480,2025-04-11,paid_search,brand_search,,,0
510481,2025-04-11,paid_social,prospecting_video,,,0
510482,2025-04-11,paid_social,prospecting_video,,,0
510483,2025-04-11,paid_social,prospecting_video,,,0
510484,2025-04-11,organic,,,,0
510485,2025-04-11,paid_search,brand_search,,,0
510486,2025-04-11,paid_social,prospecting_video,,,0
510487,2025-04-11,paid_search,brand_search,2025-04-13,monthly,29.97
510488,2025-04-11,paid_social,prospecting_video,,,0
510489,2025-04-11,paid_social,retargeting,2025-04-11,annual,79.99
510490,2025-04-11,affiliate,finance_blogs,,,0
510491,2025-04-11,paid_social,retargeting,2025-04-11,monthly,19.98
510492,2025-04-11,paid_social,prospecting_video,,,0
510493,2025-04-11,organic,,,,0
510494,2025-04-11,paid_social,prospecting_video,,,0
510495,2025-04-11,paid_social,prospecting_video,,,0
510496,2025-04-11,organic,,,,0
510497,2025-04-11,affiliate,finance_blogs,,,0
510498,2025-04-11,paid_social,prospecting_video,,,0
510499,2025-04-11,organic,,,,0
510500,2025-04-11,paid_social,prospecting_video,,,0
510501,2025-04-11,paid_search,generic_search,2025-04-14,monthly,29.97
510502,2025-04-11,paid_social,retargeting,,,0
510503,2025-04-11,paid_search,generic_search,,,0
510504,2025-04-11,paid_social,prospecting_video,,,0
510505,2025-04-11,paid_search,brand_search,2025-04-11,monthly,29.97
510506,2025-04-11,paid_social,prospecting_video,,,0
510507,2025-04-11,paid_social,prospecting_video,,,0
510508,2025-04-11,paid_social,retargeting,,,0
510509,2025-04-12,paid_social,prospecting_video,,,0
510510,2025-04-12,organic,,,,0
510511,2025-04-12,paid_search,generic_search,2025-04-15,monthly,19.98
510512,2025-04-12,paid_social,prospecting_video,,,0
510513,2025-04-12,paid_social,prospecting_video,,,0
510514,2025-04-12,organic,,2025-04-13,annual,79.99
510515,2025-04-12,paid_social,prospecting_video,,,0
510516,2025-04-12,paid_search,brand_search,,,0
510517,2025-04-12,paid_search,brand_search,,,0
510518,2025-04-12,paid_social,prospecting_video,,,0
510519,2025-04-12,organic,,,,0
510520,2025-04-12,paid_search,generic_search,,,0
510521,2025-04-12,paid_social,prospecting_video,,,0
510522,2025-04-12,paid_social,prospecting_video,,,0
510523,2025-04-12,organic,,,,0
510524,2025-04-12,paid_social,prospecting_video,,,0
510525,2025-04-12,paid_social,prospecting_video,,,0
510526,2025-04-12,paid_social,prospecting_video,,,0
510527,2025-04-12,paid_social,prospecting_video,,,0
510528,2025-04-12,organic,,,,0
510529,2025-04-12,paid_social,retargeting,2025-04-13,monthly,19.98
510530,2025-04-12,paid_social,prospecting_video,,,0
510531,2025-04-12,organic,,2025-04-15,monthly,29.97
510532,2025-04-12,paid_social,prospecting_video,,,0
510533,2025-04-12,paid_social,retargeting,,,0
510534,2025-04-12,paid_social,prospecting_video,,,0
510535,2025-04-12,paid_social,retargeting,,,0
510536,2025-04-12,paid_social,prospecting_video,,,0
510537,2025-04-12,paid_search,generic_search,2025-04-14,monthly,29.97
510538,2025-04-12,paid_search,brand_search,,,0
510539,2025-04-12,organic,,,,0
510540,2025-04-12,paid_social,prospecting_video,,,0
510541,2025-04-12,paid_social,retargeting,,,0
510542,2025-04-12,display,display_network,,,0
510543,2025-04-12,organic,,,,0
510544,2025-04-12,paid_social,prospecting_video,2025-04-12,annual,79.99
510545,2025-04-12,paid_search,generic_search,2025-04-14,annual,79.99
510546,2025-04-12,paid_social,prospecting_video,,,0
510547,2025-04-12,paid_social,prospecting_video,,,0
510548,2025-04-12,paid_social,prospecting_video,,,0
510549,2025-04-12,paid_social,retargeting,,,0
510550,2025-04-12,organic,,,,0
510551,2025-04-12,paid_social,prospecting_video,,,0
510552,2025-04-12,organic,,,,0
510553,2025-04-12,paid_social,retargeting,,,0
510554,2025-04-12,paid_social,prospecting_video,,,0
510555,2025-04-12,organic,,,,0
510556,2025-04-12,paid_search,generic_search,,,0
510557,2025-04-12,organic,,,,0
510558,2025-04-12,organic,,,,0
510559,2025-04-12,organic,,,,0
510560,2025-04-12,referral,,2025-04-15,monthly,29.97
510561,2025-04-12,paid_social,prospecting_video,,,0
510562,2025-04-12,paid_social,retargeting,,,0
510563,2025-04-12,organic,,,,0
510564,2025-04-12,paid_search,brand_search,,,0
510565,2025-04-12,affiliate,finance_blogs,,,0
510566,2025-04-12,organic,,,,0
510567,2025-04-12,paid_social,prospecting_video,,,0
510568,2025-04-12,organic,,,,0
510569,2025-04-12,paid_search,generic_search,,,0
510570,2025-04-12,organic,,,,0
510571,2025-04-12,paid_social,prospecting_video,,,0
510572,2025-04-12,paid_social,retargeting,,,0
510573,2025-04-12,organic,,,,0
510574,2025-04-12,paid_social,prospecting_video,,,0
510575,2025-04-12,organic,,,,0
510576,2025-04-12,organic,,,,0
510577,2025-04-12,paid_social,prospecting_video,,,0
510578,2025-04-12,organic,,,,0
510579,2025-04-12,display,display_network,,,0
510580,2025-04-12,paid_social,retargeting,,,0
510581,2025-04-12,paid_social,prospecting_video,,,0
510582,2025-04-12,organic,,,,0
510583,2025-04-12,organic,,,,0
510584,2025-04-12,affiliate,finance_blogs,,,0
510585,2025-04-12,paid_social,prospecting_video,,,0
510586,2025-04-12,paid_search,generic_search,,,0
510587,2025-04-12,organic,,,,0
510588,2025-04-12,paid_social,prospecting_video,,,0
510589,2025-04-12,paid_social,prospecting_video,,,0
510590,2025-04-12,paid_search,generic_search,,,0
510591,2025-04-12,paid_social,prospecting_video,,,0
510592,2025-04-12,organic,,,,0
510593,2025-04-12,paid_search,brand_search,2025-04-12,monthly,29.97
510594,2025-04-12,organic,,,,0
510595,2025-04-12,paid_social,retargeting,,,0
510596,2025-04-12,organic,,,,0
510597,2025-04-12,paid_search,brand_search,,,0
510598,2025-04-12,referral,,,,0
510599,2025-04-12,paid_social,prospecting_video,,,0
510600,2025-04-12,organic,,,,0
510601,2025-04-12,affiliate,finance_blogs,2025-04-22,monthly,29.97
510602,2025-04-13,referral,,,,0
510603,2025-04-13,paid_social,prospecting_video,,,0
510604,2025-04-13,paid_search,brand_search,,,0
510605,2025-04-13,paid_social,retargeting,2025-04-19,monthly,19.98
510606,2025-04-13,organic,,,,0
510607,2025-04-13,organic,,,,0
510608,2025-04-13,paid_search,brand_search,,,0
510609,2025-04-13,organic,,,,0
510610,2025-04-13,organic,,,,0
510611,2025-04-13,paid_social,retargeting,,,0
510612,2025-04-13,organic,,,,0
510613,2025-04-13,organic,,2025-04-13,annual,79.99
510614,2025-04-13,paid_search,generic_search,,,0
510615,2025-04-13,organic,,,,0
510616,2025-04-13,paid_social,retargeting,,,0
510617,2025-04-13,paid_social,prospecting_video,,,0
510618,2025-04-13,paid_social,prospecting_video,,,0
510619,2025-04-13,paid_social,prospecting_video,,,0
510620,2025-04-13,referral,,2025-04-18,monthly,29.97
510621,2025-04-13,paid_social,retargeting,,,0
510622,2025-04-13,paid_social,prospecting_video,,,0
510623,2025-04-13,paid_search,generic_search,,,0
510624,2025-04-13,paid_social,prospecting_video,,,0
510625,2025-04-13,referral,,,,0
510626,2025-04-13,affiliate,finance_blogs,2025-04-14,monthly,29.97
510627,2025-04-13,paid_social,retargeting,,,0
510628,2025-04-13,paid_social,retargeting,,,0
510629,2025-04-13,paid_search,generic_search,,,0
510630,2025-04-13,paid_social,retargeting,2025-04-13,annual,79.99
510631,2025-04-13,organic,,,,0
510632,2025-04-13,organic,,,,0
510633,2025-04-13,paid_social,retargeting,,,0
510634,2025-04-13,paid_search,generic_search,,,0
510635,2025-04-13,paid_search,generic_search,,,0
510636,2025-04-13,paid_social,retargeting,,,0
510637,2025-04-13,paid_social,prospecting_video,,,0
510638,2025-04-13,paid_search,generic_search,,,0
510639,2025-04-13,paid_search,brand_search,,,0
510640,2025-04-13,referral,,,,0
510641,2025-04-13,paid_search,generic_search,,,0
510642,2025-04-13,referral,,,,0
510643,2025-04-13,affiliate,finance_blogs,,,0
510644,2025-04-13,paid_social,retargeting,,,0
510645,2025-04-13,paid_social,prospecting_video,,,0
510646,2025-04-13,paid_social,prospecting_video,,,0
510647,2025-04-13,paid_social,retargeting,2025-04-15,monthly,29.97
510648,2025-04-13,paid_social,retargeting,,,0
510649,2025-04-13,organic,,,,0
510650,2025-04-13,affiliate,finance_blogs,,,0
510651,2025-04-13,display,display_network,,,0
510652,2025-04-13,paid_search,brand_search,,,0
510653,2025-04-13,organic,,,,0
510654,2025-04-13,paid_search,brand_search,,,0
510655,2025-04-13,paid_social,retargeting,,,0
510656,2025-04-13,paid_social,retargeting,,,0
510657,2025-04-13,paid_search,brand_search,2025-04-16,monthly,9.99
510658,2025-04-13,paid_social,prospecting_video,,,0
510659,2025-04-13,paid_search,generic_search,,,0
510660,2025-04-13,referral,,,,0
510661,2025-04-13,paid_social,retargeting,,,0
510662,2025-04-13,paid_social,retargeting,,,0
510663,2025-04-13,paid_search,brand_search,2025-04-18,annual,79.99
510664,2025-04-13,organic,,,,0
510665,2025-04-13,paid_social,retargeting,2025-04-21,monthly,9.99
510666,2025-04-13,referral,,2025-04-16,annual,79.99
510667,2025-04-13,paid_search,generic_search,,,0
510668,2025-04-13,paid_search,brand_search,,,0
510669,2025-04-13,organic,,,,0
510670,2025-04-13,organic,,,,0
510671,2025-04-13,paid_social,prospecting_video,,,0
510672,2025-04-13,paid_social,prospecting_video,,,0
510673,2025-04-13,paid_search,generic_search,,,0
510674,2025-04-13,paid_social,prospecting_video,,,0
510675,2025-04-14,organic,,,,0
510676,2025-04-14,organic,,,,0
510677,2025-04-14,organic,,,,0
510678,2025-04-14,organic,,,,0
510679,2025-04-14,paid_search,generic_search,,,0
510680,2025-04-14,paid_social,retargeting,,,0
510681,2025-04-14,paid_social,retargeting,,,0
510682,2025-04-14,paid_search,generic_search,2025-04-19,monthly,29.97
510683,2025-04-14,paid_search,generic_search,,,0
510684,2025-04-14,paid_search,generic_search,,,0
510685,2025-04-14,paid_social,prospecting_video,,,0
510686,2025-04-14,organic,,,,0
510687,2025-04-14,paid_social,prospecting_video,,,0
510688,2025-04-14,paid_social,prospecting_video,,,0
510689,2025-04-14,paid_social,retargeting,,,0
510690,2025-04-14,paid_social,prospecting_video,,,0
510691,2025-04-14,paid_social,prospecting_video,,,0
510692,2025-04-14,paid_social,prospecting_video,,,0
510693,2025-04-14,paid_search,generic_search,,,0
510694,2025-04-14,paid_social,prospecting_video,,,0
510695,2025-04-14,paid_social,retargeting,,,0
510696,2025-04-14,paid_search,generic_search,,,0
510697,2025-04-14,paid_social,retargeting,,,0
510698,2025-04-14,organic,,,,0
510699,2025-04-14,paid_search,brand_search,,,0
510700,2025-04-14,paid_social,retargeting,2025-04-15,monthly,29.97
510701,2025-04-14,paid_social,retargeting,2025-04-15,annual,79.99
510702,2025-04-14,paid_social,retargeting,,,0
510703,2025-04-14,paid_search,brand_search,2025-04-18,monthly,19.98
510704,2025-04-14,organic,,,,0
510705,2025-04-14,paid_search,brand_search,,,0
510706,2025-04-14,paid_social,prospecting_video,,,0
510707,2025-04-14,paid_social,prospecting_video,,,0
510708,2025-04-14,paid_social,retargeting,2025-04-21,monthly,29.97
510709,2025-04-14,paid_search,generic_search,,,0
510710,2025-04-14,paid_social,retargeting,,,0
510711,2025-04-14,paid_social,prospecting_video,,,0
510712,2025-04-14,paid_social,prospecting_video,,,0
510713,2025-04-14,affiliate,finance_blogs,,,0
510714,2025-04-14,paid_social,retargeting,,,0
510715,2025-04-14,paid_social,retargeting,,,0
510716,2025-04-14,paid_social,prospecting_video,,,0
510717,2025-04-14,organic,,,,0
510718,2025-04-14,paid_social,prospecting_video,,,0
510719,2025-04-14,display,display_network,,,0
510720,2025-04-14,referral,,2025-04-25,monthly,29.97
510721,2025-04-14,paid_social,prospecting_video,,,0
510722,2025-04-14,referral,,,,0
510723,2025-04-14,paid_social,prospecting_video,,,0
510724,2025-04-14,paid_search,brand_search,,,0
510725,2025-04-14,organic,,,,0
510726,2025-04-14,paid_social,prospecting_video,,,0
510727,2025-04-14,organic,,,,0
510728,2025-04-14,paid_search,generic_search,,,0
510729,2025-04-14,paid_social,prospecting_video,,,0
510730,2025-04-14,paid_social,prospecting_video,,,0
510731,2025-04-14,organic,,2025-04-14,annual,79.99
510732,2025-04-14,organic,,,,0
510733,2025-04-14,organic,,,,0
510734,2025-04-14,affiliate,finance_blogs,,,0
510735,2025-04-14,paid_social,prospecting_video,,,0
510736,2025-04-14,affiliate,finance_blogs,,,0
510737,2025-04-14,organic,,,,0
510738,2025-04-14,paid_social,prospecting_video,,,0
510739,2025-04-14,paid_social,retargeting,2025-04-14,monthly,9.99
510740,2025-04-14,organic,,,,0
510741,2025-04-14,paid_social,prospecting_video,,,0
510742,2025-04-14,organic,,2025-04-14,monthly,29.97
510743,2025-04-14,paid_social,retargeting,2025-04-26,monthly,9.99
510744,2025-04-14,organic,,,,0
510745,2025-04-14,paid_social,prospecting_video,,,0
510746,2025-04-14,organic,,,,0
510747,2025-04-14,organic,,,,0
510748,2025-04-14,paid_social,retargeting,,,0
510749,2025-04-14,paid_social,retargeting,,,0
510750,2025-04-14,paid_social,prospecting_video,,,0
510751,2025-04-14,organic,,2025-04-14,annual,79.99
510752,2025-04-14,paid_social,retargeting,,,0
510753,2025-04-14,paid_social,prospecting_video,,,0
510754,2025-04-14,paid_social,prospecting_video,,,0
510755,2025-04-14,paid_social,prospecting_video,,,0
510756,2025-04-14,referral,,,,0
510757,2025-04-14,paid_social,prospecting_video,,,0
510758,2025-04-14,paid_search,generic_search,,,0
510759,2025-04-14,paid_search,brand_search,,,0
510760,2025-04-14,paid_search,brand_search,,,0
510761,2025-04-14,paid_social,retargeting,,,0
510762,2025-04-14,paid_social,prospecting_video,,,0
510763,2025-04-14,organic,,,,0
510764,2025-04-14,paid_search,generic_search,,,0
510765,2025-04-14,paid_social,retargeting,,,0
510766,2025-04-14,paid_social,prospecting_video,,,0
510767,2025-04-14,paid_social,retargeting,2025-04-16,monthly,9.99
510768,2025-04-14,paid_social,retargeting,,,0
510769,2025-04-14,paid_social,retargeting,,,0
510770,2025-04-14,paid_search,brand_search,2025-04-17,monthly,29.97
510771,2025-04-14,paid_social,retargeting,,,0
510772,2025-04-14,organic,,,,0
510773,2025-04-14,paid_social,prospecting_video,,,0
510774,2025-04-14,paid_social,prospecting_video,,,0
510775,2025-04-14,paid_search,brand_search,,,0
510776,2025-04-14,paid_social,retargeting,,,0
510777,2025-04-14,organic,,,,0
510778,2025-04-14,paid_search,brand_search,,,0
510779,2025-04-14,referral,,,,0
510780,2025-04-14,paid_social,prospecting_video,2025-04-20,annual,79.99
510781,2025-04-14,paid_social,prospecting_video,,,0
510782,2025-04-15,paid_social,retargeting,,,0
510783,2025-04-15,paid_search,brand_search,2025-04-16,monthly,29.97
510784,2025-04-15,paid_social,prospecting_video,,,0
510785,2025-04-15,paid_search,brand_search,,,0
510786,2025-04-15,referral,,2025-04-21,monthly,29.97
510787,2025-04-15,paid_social,retargeting,,,0
510788,2025-04-15,paid_search,brand_search,,,0
510789,2025-04-15,paid_search,generic_search,,,0
510790,2025-04-15,paid_search,generic_search,,,0
510791,2025-04-15,display,display_network,,,0
510792,2025-04-15,paid_social,prospecting_video,,,0
510793,2025-04-15,paid_search,brand_search,,,0
510794,2025-04-15,paid_search,generic_search,,,0
510795,2025-04-15,paid_search,brand_search,,,0
510796,2025-04-15,paid_social,prospecting_video,,,0
510797,2025-04-15,paid_search,brand_search,,,0
510798,2025-04-15,paid_social,prospecting_video,,,0
510799,2025-04-15,paid_social,prospecting_video,,,0
510800,2025-04-15,paid_social,prospecting_video,2025-04-20,monthly,19.98
510801,2025-04-15,paid_search,generic_search,,,0
510802,2025-04-15,affiliate,finance_blogs,,,0
510803,2025-04-15,referral,,,,0
510804,2025-04-15,paid_social,prospecting_video,,,0
510805,2025-04-15,organic,,,,0
510806,2025-04-15,paid_social,retargeting,,,0
510807,2025-04-15,paid_social,prospecting_video,,,0
510808,2025-04-15,organic,,,,0
510809,2025-04-15,paid_social,retargeting,,,0
510810,2025-04-15,organic,,,,0
510811,2025-04-15,paid_social,retargeting,2025-04-17,monthly,29.97
510812,2025-04-15,paid_search,brand_search,,,0
510813,2025-04-15,paid_search,generic_search,,,0
510814,2025-04-15,paid_social,prospecting_video,,,0
510815,2025-04-15,referral,,,,0
510816,2025-04-15,paid_social,prospecting_video,,,0
510817,2025-04-15,paid_social,prospecting_video,,,0
510818,2025-04-15,paid_social,prospecting_video,,,0
510819,2025-04-15,paid_social,prospecting_video,,,0
510820,2025-04-15,organic,,,,0
510821,2025-04-15,affiliate,finance_blogs,,,0
510822,2025-04-15,paid_search,generic_search,,,0
510823,2025-04-15,paid_social,retargeting,,,0
510824,2025-04-15,paid_social,prospecting_video,,,0
510825,2025-04-15,paid_search,generic_search,2025-04-23,monthly,29.97
510826,2025-04-15,paid_social,prospecting_video,,,0
510827,2025-04-15,paid_social,prospecting_video,,,0
510828,2025-04-15,paid_search,generic_search,,,0
510829,2025-04-15,paid_search,generic_search,2025-04-20,monthly,29.97
510830,2025-04-15,paid_search,generic_search,,,0
510831,2025-04-15,paid_search,brand_search,,,0
510832,2025-04-15,organic,,,,0
510833,2025-04-15,paid_social,prospecting_video,,,0
510834,2025-04-15,paid_social,retargeting,,,0
510835,2025-04-15,organic,,,,0
510836,2025-04-15,paid_search,brand_search,,,0
510837,2025-04-15,paid_social,prospecting_video,,,0
510838,2025-04-15,paid_social,prospecting_video,,,0
510839,2025-04-15,paid_social,prospecting_video,,,0
510840,2025-04-15,paid_social,prospecting_video,,,0
510841,2025-04-15,paid_social,prospecting_video,,,0
510842,2025-04-15,affiliate,finance_blogs,,,0
510843,2025-04-15,organic,,,,0
510844,2025-04-15,paid_search,generic_search,,,0
510845,2025-04-15,paid_social,retargeting,,,0
510846,2025-04-15,organic,,,,0
510847,2025-04-15,paid_social,retargeting,,,0
510848,2025-04-15,affiliate,finance_blogs,,,0
510849,2025-04-15,paid_social,prospecting_video,,,0
510850,2025-04-15,paid_social,retargeting,,,0
510851,2025-04-15,paid_social,prospecting_video,,,0
510852,2025-04-15,organic,,,,0
510853,2025-04-15,paid_social,prospecting_video,,,0
510854,2025-04-15,paid_social,prospecting_video,,,0
510855,2025-04-15,organic,,,,0
510856,2025-04-15,paid_social,retargeting,,,0
510857,2025-04-15,organic,,2025-04-22,annual,79.99
510858,2025-04-15,organic,,2025-04-19,annual,79.99
510859,2025-04-15,paid_social,prospecting_video,,,0
510860,2025-04-15,paid_social,prospecting_video,,,0
510861,2025-04-15,paid_social,retargeting,,,0
510862,2025-04-15,paid_social,retargeting,,,0
510863,2025-04-15,organic,,,,0
510864,2025-04-15,paid_search,brand_search,2025-04-19,monthly,9.99
510865,2025-04-15,paid_social,prospecting_video,,,0
510866,2025-04-15,paid_search,generic_search,,,0
510867,2025-04-15,paid_social,retargeting,,,0
510868,2025-04-15,affiliate,finance_blogs,2025-04-17,monthly,29.97
510869,2025-04-15,paid_social,prospecting_video,,,0
510870,2025-04-15,paid_social,prospecting_video,2025-04-17,monthly,29.97
510871,2025-04-15,paid_social,retargeting,2025-04-21,annual,79.99
510872,2025-04-15,paid_social,retargeting,,,0
510873,2025-04-15,paid_social,retargeting,,,0
510874,2025-04-15,paid_social,prospecting_video,,,0
510875,2025-04-15,paid_social,retargeting,,,0
510876,2025-04-15,organic,,,,0
510877,2025-04-15,organic,,,,0
510878,2025-04-15,organic,,,,0
510879,2025-04-15,paid_social,prospecting_video,,,0
510880,2025-04-15,paid_social,prospecting_video,,,0
510881,2025-04-15,paid_social,prospecting_video,,,0
510882,2025-04-15,paid_social,prospecting_video,,,0
510883,2025-04-15,paid_social,prospecting_video,,,0
510884,2025-04-15,paid_search,brand_search,,,0
510885,2025-04-15,paid_social,prospecting_video,,,0
510886,2025-04-15,paid_search,brand_search,,,0
510887,2025-04-15,paid_social,prospecting_video,,,0
510888,2025-04-15,paid_social,prospecting_video,,,0
510889,2025-04-15,paid_social,prospecting_video,,,0
510890,2025-04-15,paid_search,brand_search,,,0
510891,2025-04-15,paid_social,prospecting_video,,,0
510892,2025-04-15,paid_social,prospecting_video,,,0
510893,2025-04-15,paid_social,prospecting_video,,,0
510894,2025-04-15,organic,,2025-04-16,annual,79.99
510895,2025-04-15,paid_search,brand_search,2025-04-18,monthly,29.97
510896,2025-04-15,paid_social,prospecting_video,,,0
510897,2025-04-15,paid_search,generic_search,,,0
510898,2025-04-15,paid_search,brand_search,,,0
510899,2025-04-15,paid_social,prospecting_video,,,0
510900,2025-04-15,affiliate,finance_blogs,,,0
510901,2025-04-15,organic,,,,0
510902,2025-04-15,paid_search,brand_search,,,0
510903,2025-04-15,paid_social,retargeting,,,0
510904,2025-04-15,paid_social,retargeting,,,0
510905,2025-04-15,organic,,,,0
510906,2025-04-15,paid_social,retargeting,,,0
510907,2025-04-15,organic,,,,0
510908,2025-04-15,organic,,2025-04-17,monthly,29.97
510909,2025-04-15,paid_search,generic_search,,,0
510910,2025-04-15,paid_search,brand_search,,,0
510911,2025-04-15,paid_search,generic_search,,,0
510912,2025-04-15,display,display_network,,,0
510913,2025-04-15,paid_social,prospecting_video,2025-04-23,annual,79.99
510914,2025-04-15,organic,,,,0
510915,2025-04-15,paid_search,generic_search,2025-04-15,monthly,29.97
510916,2025-04-15,organic,,,,0
510917,2025-04-15,affiliate,finance_blogs,,,0
510918,2025-04-15,organic,,,,0
510919,2025-04-15,paid_social,retargeting,,,0
510920,2025-04-15,organic,,,,0
510921,2025-04-15,paid_search,generic_search,,,0
510922,2025-04-15,organic,,2025-04-18,annual,79.99
510923,2025-04-15,paid_social,retargeting,,,0
510924,2025-04-15,paid_search,generic_search,2025-04-28,monthly,29.97
510925,2025-04-15,organic,,2025-04-20,monthly,29.97
510926,2025-04-15,paid_search,generic_search,,,0
510927,2025-04-15,paid_search,brand_search,2025-04-18,annual,79.99
510928,2025-04-16,paid_search,brand_search,,,0
510929,2025-04-16,paid_search,brand_search,,,0
510930,2025-04-16,organic,,,,0
510931,2025-04-16,paid_search,brand_search,,,0
510932,2025-04-16,paid_social,prospecting_video,,,0
510933,2025-04-16,paid_search,brand_search,,,0
510934,2025-04-16,paid_social,prospecting_video,,,0
510935,2025-04-16,paid_search,brand_search,,,0
510936,2025-04-16,paid_social,prospecting_video,,,0
510937,2025-04-16,paid_social,prospecting_video,,,0
510938,2025-04-16,paid_search,generic_search,,,0
510939,2025-04-16,paid_social,prospecting_video,2025-04-19,annual,79.99
510940,2025-04-16,organic,,,,0
510941,2025-04-16,affiliate,finance_blogs,,,0
510942,2025-04-16,paid_social,retargeting,,,0
510943,2025-04-16,paid_social,prospecting_video,,,0
510944,2025-04-16,referral,,,,0
510945,2025-04-16,organic,,,,0
510946,2025-04-16,organic,,,,0
510947,2025-04-16,paid_search,generic_search,,,0
510948,2025-04-16,organic,,,,0
510949,2025-04-16,paid_search,brand_search,,,0
510950,2025-04-16,organic,,,,0
510951,2025-04-16,organic,,,,0
510952,2025-04-16,paid_search,brand_search,,,0
510953,2025-04-16,paid_search,brand_search,,,0
510954,2025-04-16,paid_social,prospecting_video,,,0
510955,2025-04-16,paid_social,prospecting_video,,,0
510956,2025-04-16,paid_social,prospecting_video,,,0
510957,2025-04-16,paid_social,prospecting_video,,,0
510958,2025-04-16,paid_social,prospecting_video,,,0
510959,2025-04-16,organic,,,,0
510960,2025-04-16,paid_social,retargeting,2025-04-16,monthly,29.97
510961,2025-04-16,organic,,,,0
510962,2025-04-16,paid_social,prospecting_video,,,0
510963,2025-04-16,affiliate,finance_blogs,2025-04-16,monthly,29.97
510964,2025-04-16,paid_search,brand_search,,,0
510965,2025-04-16,paid_search,generic_search,,,0
510966,2025-04-16,paid_search,brand_search,,,0
510967,2025-04-16,paid_social,prospecting_video,,,0
510968,2025-04-16,affiliate,finance_blogs,,,0
510969,2025-04-16,organic,,,,0
510970,2025-04-16,affiliate,finance_blogs,,,0
510971,2025-04-16,paid_social,prospecting_video,,,0
510972,2025-04-16,paid_search,brand_search,,,0
510973,2025-04-16,paid_search,generic_search,2025-04-17,annual,79.99
510974,2025-04-16,paid_social,prospecting_video,,,0
510975,2025-04-16,organic,,,,0
510976,2025-04-16,referral,,,,0
510977,2025-04-16,paid_search,generic_search,,,0
510978,2025-04-16,paid_social,retargeting,,,0
510979,2025-04-16,paid_search,brand_search,,,0
510980,2025-04-16,paid_search,generic_search,,,0
510981,2025-04-16,paid_social,prospecting_video,,,0
510982,2025-04-16,paid_social,prospecting_video,,,0
510983,2025-04-16,organic,,,,0
510984,2025-04-16,paid_social,prospecting_video,,,0
510985,2025-04-16,referral,,,,0
510986,2025-04-16,organic,,,,0
510987,2025-04-16,paid_social,retargeting,,,0
510988,2025-04-16,paid_social,retargeting,,,0
510989,2025-04-16,referral,,,,0
510990,2025-04-16,referral,,,,0
510991,2025-04-16,paid_social,prospecting_video,,,0
510992,2025-04-16,paid_search,brand_search,,,0
510993,2025-04-16,paid_social,prospecting_video,,,0
510994,2025-04-16,paid_search,generic_search,,,0
510995,2025-04-16,referral,,,,0
510996,2025-04-16,organic,,,,0
510997,2025-04-16,paid_social,prospecting_video,2025-04-18,monthly,19.98
510998,2025-04-16,paid_social,prospecting_video,,,0
510999,2025-04-16,affiliate,finance_blogs,,,0
511000,2025-04-16,paid_social,retargeting,,,0
511001,2025-04-16,paid_search,brand_search,,,0
511002,2025-04-16,organic,,,,0
511003,2025-04-16,paid_social,retargeting,,,0
511004,2025-04-16,paid_search,generic_search,,,0
511005,2025-04-16,paid_social,prospecting_video,,,0
511006,2025-04-16,affiliate,finance_blogs,,,0
511007,2025-04-16,referral,,,,0
511008,2025-04-16,paid_social,prospecting_video,,,0
511009,2025-04-16,paid_social,prospecting_video,,,0
511010,2025-04-16,paid_social,prospecting_video,,,0
511011,2025-04-16,paid_social,prospecting_video,,,0
511012,2025-04-16,organic,,,,0
511013,2025-04-16,paid_social,prospecting_video,,,0
511014,2025-04-16,paid_social,prospecting_video,,,0
511015,2025-04-16,organic,,,,0
511016,2025-04-16,paid_search,brand_search,,,0
511017,2025-04-16,organic,,,,0
511018,2025-04-16,organic,,,,0
511019,2025-04-16,paid_social,retargeting,2025-04-18,annual,79.99
511020,2025-04-16,paid_search,generic_search,,,0
511021,2025-04-16,paid_search,generic_search,,,0
511022,2025-04-16,organic,,,,0
511023,2025-04-16,paid_social,prospecting_video,,,0
511024,2025-04-16,paid_social,retargeting,,,0
511025,2025-04-16,paid_social,prospecting_video,,,0
511026,2025-04-16,paid_social,retargeting,,,0
511027,2025-04-16,paid_social,prospecting_video,,,0
511028,2025-04-16,paid_social,prospecting_video,,,0
511029,2025-04-16,affiliate,finance_blogs,,,0
511030,2025-04-16,paid_social,prospecting_video,,,0
511031,2025-04-16,paid_social,prospecting_video,2025-04-20,monthly,29.97
511032,2025-04-16,paid_social,retargeting,,,0
511033,2025-04-16,paid_search,brand_search,,,0
511034,2025-04-16,organic,,,,0
511035,2025-04-16,paid_social,prospecting_video,,,0
511036,2025-04-17,paid_search,generic_search,2025-04-25,monthly,29.97
511037,2025-04-17,paid_social,retargeting,,,0
511038,2025-04-17,paid_social,prospecting_video,,,0
511039,2025-04-17,referral,,2025-04-17,monthly,29.97
511040,2025-04-17,organic,,,,0
511041,2025-04-17,paid_social,retargeting,,,0
511042,2025-04-17,paid_search,brand_search,,,0
511043,2025-04-17,referral,,,,0
511044,2025-04-17,paid_search,brand_search,,,0
511045,2025-04-17,paid_social,prospecting_video,,,0
511046,2025-04-17,referral,,,,0
511047,2025-04-17,paid_social,prospecting_video,,,0
511048,2025-04-17,paid_search,brand_search,,,0
511049,2025-04-17,organic,,,,0
511050,2025-04-17,paid_social,retargeting,,,0
511051,2025-04-17,paid_social,prospecting_video,,,0
511052,2025-04-17,paid_search,brand_search,,,0
511053,2025-04-17,paid_search,generic_search,,,0
511054,2025-04-17,referral,,,,0
511055,2025-04-17,organic,,,,0
511056,2025-04-17,paid_search,generic_search,,,0
511057,2025-04-17,paid_social,prospecting_video,,,0
511058,2025-04-17,paid_social,retargeting,,,0
511059,2025-04-17,paid_search,generic_search,,,0
511060,2025-04-17,paid_social,prospecting_video,,,0
511061,2025-04-17,paid_social,prospecting_video,,,0
511062,2025-04-17,paid_search,brand_search,,,0
511063,2025-04-17,paid_social,prospecting_video,,,0
511064,2025-04-17,paid_social,prospecting_video,,,0
511065,2025-04-17,paid_social,prospecting_video,,,0
511066,2025-04-17,paid_social,prospecting_video,,,0
511067,2025-04-17,paid_social,prospecting_video,,,0
511068,2025-04-17,paid_social,retargeting,2025-04-19,monthly,9.99
511069,2025-04-17,paid_social,prospecting_video,,,0
511070,2025-04-17,paid_social,prospecting_video,,,0
511071,2025-04-17,paid_social,retargeting,,,0
511072,2025-04-17,organic,,,,0
511073,2025-04-17,paid_search,brand_search,,,0
511074,2025-04-17,paid_search,generic_search,,,0
511075,2025-04-17,organic,,,,0
511076,2025-04-17,paid_social,prospecting_video,,,0
511077,2025-04-17,referral,,,,0
511078,2025-04-17,paid_social,prospecting_video,,,0
511079,2025-04-17,referral,,,,0
511080,2025-04-17,organic,,,,0
511081,2025-04-17,organic,,,,0
511082,2025-04-17,organic,,,,0
511083,2025-04-17,paid_search,generic_search,,,0
511084,2025-04-17,paid_social,prospecting_video,,,0
511085,2025-04-17,paid_search,generic_search,,,0
511086,2025-04-17,paid_social,prospecting_video,,,0
511087,2025-04-17,paid_search,brand_search,,,0
511088,2025-04-17,paid_social,prospecting_video,,,0
511089,2025-04-17,organic,,,,0
511090,2025-04-17,paid_social,prospecting_video,,,0
511091,2025-04-17,paid_social,prospecting_video,,,0
511092,2025-04-17,paid_social,prospecting_video,,,0
511093,2025-04-17,paid_social,prospecting_video,,,0
511094,2025-04-17,paid_social,prospecting_video,,,0
511095,2025-04-17,organic,,,,0
511096,2025-04-17,paid_social,prospecting_video,,,0
511097,2025-04-17,paid_social,prospecting_video,,,0
511098,2025-04-17,paid_social,prospecting_video,,,0
511099,2025-04-17,organic,,,,0
511100,2025-04-17,paid_search,generic_search,,,0
511101,2025-04-17,referral,,,,0
511102,2025-04-17,paid_social,prospecting_video,,,0
511103,2025-04-17,paid_search,brand_search,2025-04-19,annual,79.99
511104,2025-04-17,paid_search,generic_search,,,0
511105,2025-04-17,organic,,,,0
511106,2025-04-17,paid_social,prospecting_video,,,0
511107,2025-04-17,paid_social,retargeting,,,0
511108,2025-04-17,paid_social,retargeting,,,0
511109,2025-04-17,paid_social,prospecting_video,2025-04-30,monthly,29.97
511110,2025-04-17,paid_social,retargeting,,,0
511111,2025-04-17,paid_social,prospecting_video,2025-04-22,monthly,29.97
511112,2025-04-17,paid_social,prospecting_video,,,0
511113,2025-04-17,paid_social,prospecting_video,,,0
511114,2025-04-17,organic,,,,0
511115,2025-04-17,paid_social,prospecting_video,,,0
511116,2025-04-17,paid_social,prospecting_video,,,0
511117,2025-04-17,paid_social,prospecting_video,,,0
511118,2025-04-17,organic,,,,0
511119,2025-04-17,paid_social,prospecting_video,,,0
511120,2025-04-17,paid_social,prospecting_video,,,0
511121,2025-04-17,organic,,,,0
511122,2025-04-17,organic,,,,0
511123,2025-04-17,affiliate,finance_blogs,,,0
511124,2025-04-17,organic,,,,0
511125,2025-04-17,paid_social,retargeting,,,0
511126,2025-04-17,paid_search,generic_search,2025-04-21,annual,79.99
511127,2025-04-17,paid_social,prospecting_video,,,0
511128,2025-04-17,paid_social,retargeting,2025-04-20,monthly,29.97
511129,2025-04-17,paid_social,prospecting_video,,,0
511130,2025-04-17,paid_social,prospecting_video,,,0
511131,2025-04-17,affiliate,finance_blogs,,,0
511132,2025-04-17,paid_search,generic_search,,,0
511133,2025-04-17,paid_search,brand_search,,,0
511134,2025-04-17,organic,,,,0
511135,2025-04-17,paid_search,generic_search,,,0
511136,2025-04-17,paid_social,prospecting_video,,,0
511137,2025-04-17,referral,,2025-04-17,monthly,29.97
511138,2025-04-17,paid_search,brand_search,,,0
511139,2025-04-17,affiliate,finance_blogs,,,0
511140,2025-04-17,paid_social,prospecting_video,,,0
511141,2025-04-17,paid_social,prospecting_video,,,0
511142,2025-04-17,organic,,,,0
511143,2025-04-17,organic,,2025-04-19,monthly,29.97
511144,2025-04-17,paid_social,retargeting,,,0
511145,2025-04-17,referral,,2025-04-26,monthly,19.98
511146,2025-04-17,referral,,,,0
511147,2025-04-17,paid_search,generic_search,,,0
511148,2025-04-17,organic,,2025-04-17,annual,79.99
511149,2025-04-17,paid_social,prospecting_video,,,0
511150,2025-04-17,paid_search,brand_search,,,0
511151,2025-04-17,organic,,,,0
511152,2025-04-17,paid_social,prospecting_video,2025-04-24,monthly,29.97
511153,2025-04-17,referral,,,,0
511154,2025-04-17,paid_search,brand_search,,,0
511155,2025-04-18,paid_social,prospecting_video,,,0
511156,2025-04-18,paid_search,brand_search,,,0
511157,2025-04-18,affiliate,finance_blogs,,,0
511158,2025-04-18,paid_search,generic_search,,,0
511159,2025-04-18,paid_social,prospecting_video,2025-04-22,monthly,19.98
511160,2025-04-18,affiliate,finance_blogs,,,0
511161,2025-04-18,paid_social,prospecting_video,,,0
511162,2025-04-18,paid_search,brand_search,2025-04-25,monthly,29.97
511163,2025-04-18,paid_social,prospecting_video,,,0
511164,2025-04-18,paid_social,prospecting_video,,,0
511165,2025-04-18,paid_social,prospecting_video,,,0
511166,2025-04-18,paid_search,brand_search,,,0
511167,2025-04-18,paid_social,prospecting_video,,,0
511168,2025-04-18,organic,,,,0
511169,2025-04-18,paid_social,retargeting,,,0
511170,2025-04-18,paid_social,prospecting_video,,,0
511171,2025-04-18,organic,,,,0
511172,2025-04-18,paid_social,retargeting,,,0
511173,2025-04-18,display,display_network,,,0
511174,2025-04-18,paid_social,prospecting_video,,,0
511175,2025-04-18,organic,,,,0
511176,2025-04-18,paid_search,brand_search,,,0
511177,2025-04-18,organic,,,,0
511178,2025-04-18,paid_search,generic_search,2025-04-19,monthly,29.97
511179,2025-04-18,paid_social,prospecting_video,,,0
511180,2025-04-18,display,display_network,,,0
511181,2025-04-18,paid_social,retargeting,,,0
511182,2025-04-18,organic,,,,0
511183,2025-04-18,paid_social,prospecting_video,,,0
511184,2025-04-18,paid_social,retargeting,,,0
511185,2025-04-18,paid_social,retargeting,,,0
511186,2025-04-18,organic,,,,0
511187,2025-04-18,paid_search,generic_search,,,0
511188,2025-04-18,paid_social,prospecting_video,,,0
511189,2025-04-18,affiliate,finance_blogs,,,0
511190,2025-04-18,paid_social,prospecting_video,,,0
511191,2025-04-18,display,display_network,,,0
511192,2025-04-18,paid_search,generic_search,,,0
511193,2025-04-18,paid_social,prospecting_video,,,0
511194,2025-04-18,paid_social,prospecting_video,,,0
511195,2025-04-18,paid_social,prospecting_video,,,0
511196,2025-04-18,paid_search,brand_search,2025-04-19,monthly,29.97
511197,2025-04-18,organic,,,,0
511198,2025-04-18,paid_social,prospecting_video,,,0
511199,2025-04-18,display,display_network,,,0
511200,2025-04-18,paid_social,prospecting_video,,,0
511201,2025-04-18,paid_social,retargeting,,,0
511202,2025-04-18,affiliate,finance_blogs,,,0
511203,2025-04-18,paid_search,generic_search,,,0
511204,2025-04-18,paid_social,prospecting_video,,,0
511205,2025-04-18,paid_social,prospecting_video,,,0
511206,2025-04-18,paid_social,prospecting_video,,,0
511207,2025-04-18,organic,,,,0
511208,2025-04-18,paid_social,prospecting_video,,,0
511209,2025-04-18,paid_search,brand_search,,,0
511210,2025-04-18,paid_search,generic_search,,,0
511211,2025-04-18,organic,,,,0
511212,2025-04-18,paid_social,prospecting_video,,,0
511213,2025-04-18,paid_social,retargeting,,,0
511214,2025-04-18,paid_social,prospecting_video,,,0
511215,2025-04-18,paid_search,generic_search,,,0
511216,2025-04-18,paid_social,prospecting_video,,,0
511217,2025-04-18,affiliate,finance_blogs,,,0
511218,2025-04-18,paid_social,prospecting_video,,,0
511219,2025-04-18,paid_social,retargeting,,,0
511220,2025-04-18,affiliate,finance_blogs,2025-04-21,annual,79.99
511221,2025-04-18,paid_social,prospecting_video,,,0
511222,2025-04-18,paid_social,retargeting,,,0
511223,2025-04-18,paid_search,brand_search,,,0
511224,2025-04-18,referral,,,,0
511225,2025-04-18,paid_social,retargeting,,,0
511226,2025-04-18,paid_search,brand_search,,,0
511227,2025-04-18,paid_search,generic_search,2025-04-19,annual,79.99
511228,2025-04-18,paid_social,prospecting_video,,,0
511229,2025-04-18,paid_social,retargeting,,,0
511230,2025-04-18,paid_social,retargeting,,,0
511231,2025-04-18,organic,,2025-04-20,monthly,9.99
511232,2025-04-18,paid_social,retargeting,,,0
511233,2025-04-18,organic,,2025-04-21,monthly,29.97
511234,2025-04-18,paid_search,brand_search,,,0
511235,2025-04-18,referral,,2025-04-18,monthly,29.97
511236,2025-04-18,paid_search,generic_search,2025-04-20,monthly,19.98
511237,2025-04-18,paid_social,prospecting_video,,,0
511238,2025-04-18,paid_search,generic_search,2025-04-20,monthly,29.97
511239,2025-04-18,paid_social,prospecting_video,,,0
511240,2025-04-18,paid_social,prospecting_video,,,0
511241,2025-04-18,paid_social,prospecting_video,,,0
511242,2025-04-18,paid_social,prospecting_video,,,0
511243,2025-04-18,paid_social,prospecting_video,,,0
511244,2025-04-18,paid_search,generic_search,,,0
511245,2025-04-18,organic,,2025-04-18,monthly,29.97
511246,2025-04-18,paid_social,prospecting_video,,,0
511247,2025-04-18,paid_social,retargeting,,,0
511248,2025-04-18,paid_social,retargeting,,,0
511249,2025-04-19,organic,,,,0
511250,2025-04-19,paid_social,retargeting,,,0
511251,2025-04-19,organic,,,,0
511252,2025-04-19,referral,,,,0
511253,2025-04-19,paid_search,generic_search,,,0
511254,2025-04-19,paid_social,retargeting,,,0
511255,2025-04-19,paid_social,prospecting_video,,,0
511256,2025-04-19,referral,,,,0
511257,2025-04-19,paid_social,retargeting,,,0
511258,2025-04-19,organic,,,,0
511259,2025-04-19,paid_social,retargeting,,,0
511260,2025-04-19,paid_social,prospecting_video,,,0
511261,2025-04-19,referral,,,,0
511262,2025-04-19,paid_social,retargeting,2025-04-21,annual,79.99
511263,2025-04-19,paid_social,retargeting,2025-04-24,annual,79.99
511264,2025-04-19,paid_social,prospecting_video,,,0
511265,2025-04-19,paid_search,brand_search,,,0
511266,2025-04-19,referral,,2025-04-20,annual,79.99
511267,2025-04-19,organic,,,,0
511268,2025-04-19,organic,,,,0
511269,2025-04-19,paid_search,generic_search,2025-05-02,annual,79.99
511270,2025-04-19,paid_search,generic_search,2025-04-27,annual,79.99
511271,2025-04-19,paid_social,prospecting_video,,,0
511272,2025-04-19,organic,,,,0
511273,2025-04-19,paid_social,prospecting_video,,,0
511274,2025-04-19,paid_social,retargeting,2025-04-19,monthly,29.97
511275,2025-04-19,paid_social,prospecting_video,,,0
511276,2025-04-19,paid_social,retargeting,,,0
511277,2025-04-19,paid_social,prospecting_video,,,0
511278,2025-04-19,paid_social,prospecting_video,,,0
511279,2025-04-19,organic,,2025-04-20,monthly,29.97
511280,2025-04-19,paid_search,generic_search,2025-04-20,annual,79.99
511281,2025-04-19,paid_social,prospecting_video,,,0
511282,2025-04-19,organic,,,,0
511283,2025-04-19,paid_social,prospecting_video,,,0
511284,2025-04-19,paid_social,prospecting_video,,,0
511285,2025-04-19,paid_search,brand_search,,,0
511286,2025-04-19,paid_social,prospecting_video,,,0
511287,2025-04-19,organic,,,,0
511288,2025-04-19,paid_social,retargeting,2025-04-22,annual,79.99
511289,2025-04-19,paid_search,generic_search,2025-05-01,monthly,29.97
511290,2025-04-19,organic,,,,0
511291,2025-04-19,affiliate,finance_blogs,2025-04-21,annual,79.99
511292,2025-04-19,paid_social,prospecting_video,,,0
511293,2025-04-19,paid_search,generic_search,,,0
511294,2025-04-19,paid_search,generic_search,2025-04-20,monthly,29.97
511295,2025-04-19,organic,,,,0
511296,2025-04-19,organic,,,,0
511297,2025-04-19,paid_search,brand_search,,,0
511298,2025-04-19,display,display_network,,,0
511299,2025-04-19,paid_search,brand_search,,,0
511300,2025-04-19,organic,,,,0
511301,2025-04-19,referral,,,,0
511302,2025-04-19,paid_social,prospecting_video,,,0
511303,2025-04-19,paid_social,prospecting_video,,,0
511304,2025-04-19,affiliate,finance_blogs,,,0
511305,2025-04-19,organic,,,,0
511306,2025-04-19,paid_social,prospecting_video,,,0
511307,2025-04-19,affiliate,finance_blogs,,,0
511308,2025-04-19,organic,,,,0
511309,2025-04-19,paid_social,retargeting,2025-04-20,monthly,29.97
511310,2025-04-19,paid_social,retargeting,,,0
511311,2025-04-19,organic,,,,0
511312,2025-04-19,referral,,2025-04-22,annual,79.99
511313,2025-04-19,paid_social,retargeting,2025-04-22,annual,79.99
511314,2025-04-19,paid_social,prospecting_video,,,0
511315,2025-04-19,organic,,,,0
511316,2025-04-19,referral,,2025-04-19,monthly,29.97
511317,2025-04-19,paid_social,retargeting,,,0
511318,2025-04-19,organic,,,,0
511319,2025-04-19,paid_social,retargeting,2025-04-25,monthly,29.97
511320,2025-04-19,paid_search,generic_search,,,0
511321,2025-04-19,paid_social,prospecting_video,,,0
511322,2025-04-19,organic,,,,0
511323,2025-04-19,paid_social,prospecting_video,2025-04-19,monthly,29.97
511324,2025-04-19,paid_social,prospecting_video,,,0
511325,2025-04-19,organic,,,,0
511326,2025-04-20,paid_social,prospecting_video,,,0
511327,2025-04-20,paid_social,retargeting,,,0
511328,2025-04-20,paid_social,prospecting_video,,,0
511329,2025-04-20,paid_social,prospecting_video,,,0
511330,2025-04-20,paid_social,prospecting_video,,,0
511331,2025-04-20,paid_social,retargeting,,,0
511332,2025-04-20,paid_social,retargeting,,,0
511333,2025-04-20,organic,,,,0
511334,2025-04-20,paid_social,prospecting_video,,,0
511335,2025-04-20,paid_social,prospecting_video,,,0
511336,2025-04-20,paid_social,retargeting,2025-04-26,monthly,29.97
511337,2025-04-20,paid_search,brand_search,2025-04-23,monthly,29.97
511338,2025-04-20,organic,,,,0
511339,2025-04-20,paid_social,retargeting,,,0
511340,2025-04-20,paid_social,prospecting_video,,,0
511341,2025-04-20,display,display_network,,,0
511342,2025-04-20,paid_social,prospecting_video,,,0
511343,2025-04-20,paid_social,prospecting_video,,,0
511344,2025-04-20,referral,,,,0
511345,2025-04-20,organic,,2025-04-27,monthly,9.99
511346,2025-04-20,paid_social,prospecting_video,,,0
511347,2025-04-20,paid_search,brand_search,2025-04-28,monthly,19.98
511348,2025-04-20,paid_search,generic_search,,,0
511349,2025-04-20,paid_search,generic_search,,,0
511350,2025-04-20,paid_social,prospecting_video,,,0
511351,2025-04-20,organic,,,,0
511352,2025-04-20,paid_social,prospecting_video,,,0
511353,2025-04-20,organic,,,,0
511354,2025-04-20,paid_social,prospecting_video,,,0
511355,2025-04-20,organic,,,,0
511356,2025-04-20,organic,,,,0
511357,2025-04-20,organic,,2025-04-20,annual,79.99
511358,2025-04-20,referral,,,,0
511359,2025-04-20,paid_social,prospecting_video,,,0
511360,2025-04-20,organic,,,,0
511361,2025-04-20,paid_social,prospecting_video,,,0
511362,2025-04-20,paid_search,brand_search,,,0
511363,2025-04-20,paid_social,prospecting_video,,,0
511364,2025-04-20,paid_social,retargeting,,,0
511365,2025-04-20,paid_search,generic_search,,,0
511366,2025-04-20,paid_social,prospecting_video,,,0
511367,2025-04-20,organic,,,,0
511368,2025-04-20,organic,,,,0
511369,2025-04-20,paid_search,generic_search,,,0
511370,2025-04-20,paid_search,brand_search,,,0
511371,2025-04-20,organic,,,,0
511372,2025-04-20,paid_search,brand_search,,,0
511373,2025-04-20,organic,,,,0
511374,2025-04-20,paid_social,prospecting_video,,,0
511375,2025-04-20,organic,,,,0
511376,2025-04-20,paid_social,retargeting,2025-04-21,monthly,29.97
511377,2025-04-20,organic,,,,0
511378,2025-04-20,paid_social,retargeting,,,0
511379,2025-04-20,paid_social,retargeting,,,0
511380,2025-04-20,paid_search,generic_search,,,0
511381,2025-04-20,referral,,,,0
511382,2025-04-20,paid_social,prospecting_video,,,0
511383,2025-04-20,organic,,,,0
511384,2025-04-20,paid_social,retargeting,,,0
511385,2025-04-20,organic,,,,0
511386,2025-04-20,paid_social,retargeting,,,0
511387,2025-04-20,paid_social,retargeting,,,0
511388,2025-04-20,organic,,2025-04-22,monthly,29.97
511389,2025-04-20,paid_social,retargeting,,,0
511390,2025-04-20,organic,,,,0
511391,2025-04-20,paid_search,brand_search,,,0
511392,2025-04-20,paid_social,prospecting_video,,,0
511393,2025-04-20,paid_social,retargeting,2025-04-28,annual,79.99
511394,2025-04-20,paid_social,retargeting,,,0
511395,2025-04-20,display,display_network,,,0
511396,2025-04-20,organic,,,,0
511397,2025-04-20,organic,,,,0
511398,2025-04-20,display,display_network,,,0
511399,2025-04-20,paid_social,prospecting_video,,,0
511400,2025-04-20,paid_social,prospecting_video,,,0
511401,2025-04-20,paid_social,prospecting_video,,,0
511402,2025-04-20,paid_social,prospecting_video,,,0
511403,2025-04-20,organic,,,,0
511404,2025-04-20,paid_social,retargeting,,,0
511405,2025-04-20,paid_social,prospecting_video,,,0
511406,2025-04-20,organic,,,,0
511407,2025-04-20,paid_search,generic_search,2025-04-20,monthly,29.97
511408,2025-04-20,paid_search,brand_search,2025-04-25,monthly,19.98
511409,2025-04-20,affiliate,finance_blogs,,,0
511410,2025-04-20,paid_social,prospecting_video,,,0
511411,2025-04-20,paid_search,brand_search,,,0
511412,2025-04-20,organic,,,,0
511413,2025-04-20,paid_social,prospecting_video,,,0
511414,2025-04-20,paid_social,prospecting_video,,,0
511415,2025-04-20,organic,,,,0
511416,2025-04-20,paid_social,prospecting_video,,,0
511417,2025-04-20,paid_social,prospecting_video,,,0
511418,2025-04-20,paid_search,brand_search,,,0
511419,2025-04-20,paid_search,generic_search,,,0
511420,2025-04-20,paid_search,generic_search,,,0
511421,2025-04-20,paid_social,prospecting_video,,,0
511422,2025-04-20,paid_social,prospecting_video,,,0
511423,2025-04-20,paid_social,prospecting_video,,,0
511424,2025-04-20,paid_social,prospecting_video,,,0
511425,2025-04-20,paid_social,prospecting_video,,,0
511426,2025-04-20,paid_social,prospecting_video,,,0
511427,2025-04-20,paid_search,brand_search,,,0
511428,2025-04-20,referral,,,,0
511429,2025-04-20,paid_social,prospecting_video,,,0
511430,2025-04-20,referral,,,,0
511431,2025-04-21,paid_social,prospecting_video,,,0
511432,2025-04-21,paid_social,retargeting,,,0
511433,2025-04-21,organic,,,,0
511434,2025-04-21,paid_social,prospecting_video,,,0
511435,2025-04-21,paid_social,prospecting_video,,,0
511436,2025-04-21,organic,,,,0
511437,2025-04-21,paid_social,retargeting,,,0
511438,2025-04-21,paid_search,brand_search,,,0
511439,2025-04-21,referral,,,,0
511440,2025-04-21,paid_social,prospecting_video,,,0
511441,2025-04-21,organic,,,,0
511442,2025-04-21,paid_social,prospecting_video,,,0
511443,2025-04-21,paid_social,prospecting_video,,,0
511444,2025-04-21,paid_social,prospecting_video,,,0
511445,2025-04-21,paid_social,prospecting_video,,,0
511446,2025-04-21,paid_social,retargeting,,,0
511447,2025-04-21,paid_social,prospecting_video,,,0
511448,2025-04-21,organic,,,,0
511449,2025-04-21,paid_social,retargeting,2025-04-22,monthly,29.97
511450,2025-04-21,organic,,,,0
511451,2025-04-21,paid_social,prospecting_video,,,0
511452,2025-04-21,referral,,,,0
511453,2025-04-21,paid_social,prospecting_video,,,0
511454,2025-04-21,organic,,,,0
511455,2025-04-21,paid_search,generic_search,,,0
511456,2025-04-21,paid_social,prospecting_video,,,0
511457,2025-04-21,affiliate,finance_blogs,2025-04-27,monthly,29.97
511458,2025-04-21,paid_social,prospecting_video,,,0
511459,2025-04-21,paid_social,prospecting_video,,,0
511460,2025-04-21,referral,,,,0
511461,2025-04-21,paid_search,generic_search,,,0
511462,2025-04-21,paid_search,generic_search,,,0
511463,2025-04-21,paid_social,retargeting,,,0
511464,2025-04-21,paid_social,prospecting_video,,,0
511465,2025-04-21,paid_social,prospecting_video,,,0
511466,2025-04-21,paid_social,prospecting_video,,,0
511467,2025-04-21,paid_social,prospecting_video,,,0
511468,2025-04-21,paid_search,brand_search,,,0
511469,2025-04-21,paid_search,brand_search,2025-04-21,annual,79.99
511470,2025-04-21,organic,,,,0
511471,2025-04-21,paid_social,prospecting_video,,,0
511472,2025-04-21,organic,,,,0
511473,2025-04-21,paid_search,brand_search,,,0
511474,2025-04-21,paid_search,brand_search,,,0
511475,2025-04-21,organic,,,,0
511476,2025-04-21,paid_social,prospecting_video,,,0
511477,2025-04-21,referral,,,,0
511478,2025-04-21,paid_search,brand_search,,,0
511479,2025-04-21,organic,,,,0
511480,2025-04-21,paid_social,prospecting_video,,,0
511481,2025-04-21,paid_social,retargeting,,,0
511482,2025-04-21,paid_search,brand_search,2025-04-21,monthly,29.97
511483,2025-04-21,display,display_network,,,0
511484,2025-04-21,display,display_network,,,0
511485,2025-04-21,affiliate,finance_blogs,,,0
511486,2025-04-21,paid_social,prospecting_video,,,0
511487,2025-04-21,paid_social,prospecting_video,,,0
511488,2025-04-21,paid_social,retargeting,,,0
511489,2025-04-21,paid_social,prospecting_video,,,0
511490,2025-04-21,paid_social,prospecting_video,,,0
511491,2025-04-21,paid_search,generic_search,,,0
511492,2025-04-21,paid_social,prospecting_video,,,0
511493,2025-04-21,paid_social,retargeting,2025-04-21,monthly,29.97
511494,2025-04-21,paid_social,retargeting,,,0
511495,2025-04-21,affiliate,finance_blogs,2025-04-21,monthly,29.97
511496,2025-04-21,paid_search,generic_search,2025-04-21,monthly,29.97
511497,2025-04-21,organic,,2025-04-27,monthly,29.97
511498,2025-04-21,organic,,,,0
511499,2025-04-21,paid_social,prospecting_video,,,0
511500,2025-04-21,paid_search,brand_search,,,0
511501,2025-04-21,paid_social,prospecting_video,,,0
511502,2025-04-21,paid_social,prospecting_video,,,0
511503,2025-04-21,paid_social,retargeting,,,0
511504,2025-04-21,paid_social,prospecting_video,,,0
511505,2025-04-21,paid_search,brand_search,,,0
511506,2025-04-21,referral,,,,0
511507,2025-04-21,paid_search,brand_search,,,0
511508,2025-04-21,paid_social,retargeting,,,0
511509,2025-04-21,paid_social,prospecting_video,,,0
511510,2025-04-21,organic,,,,0
511511,2025-04-21,paid_social,retargeting,,,0
511512,2025-04-21,paid_search,brand_search,,,0
511513,2025-04-21,organic,,2025-04-23,monthly,9.99
511514,2025-04-21,paid_social,prospecting_video,,,0
511515,2025-04-21,paid_social,retargeting,,,0
511516,2025-04-21,paid_social,retargeting,,,0
511517,2025-04-21,organic,,,,0
511518,2025-04-21,paid_social,retargeting,,,0
511519,2025-04-21,paid_social,prospecting_video,,,0
511520,2025-04-21,paid_social,retargeting,,,0
511521,2025-04-21,paid_social,prospecting_video,,,0
511522,2025-04-21,paid_social,prospecting_video,,,0
511523,2025-04-21,organic,,,,0
511524,2025-04-21,referral,,,,0
511525,2025-04-21,paid_social,retargeting,,,0
511526,2025-04-21,paid_social,retargeting,,,0
511527,2025-04-21,paid_social,prospecting_video,,,0
511528,2025-04-21,paid_search,brand_search,,,0
511529,2025-04-21,paid_search,brand_search,,,0
511530,2025-04-21,paid_search,generic_search,,,0
511531,2025-04-21,organic,,,,0
511532,2025-04-21,organic,,,,0
511533,2025-04-21,organic,,,,0
511534,2025-04-21,referral,,,,0
511535,2025-04-21,paid_social,retargeting,,,0
511536,2025-04-21,paid_social,retargeting,2025-05-02,monthly,9.99
511537,2025-04-21,paid_search,generic_search,,,0
511538,2025-04-21,paid_social,retargeting,,,0
511539,2025-04-21,referral,,,,0
511540,2025-04-21,paid_search,brand_search,2025-05-02,monthly,9.99
511541,2025-04-21,organic,,,,0
511542,2025-04-21,organic,,,,0
511543,2025-04-21,paid_social,prospecting_video,,,0
511544,2025-04-21,paid_social,prospecting_video,,,0
511545,2025-04-21,paid_search,brand_search,,,0
511546,2025-04-21,paid_social,prospecting_video,,,0
511547,2025-04-21,paid_search,brand_search,,,0
511548,2025-04-21,affiliate,finance_blogs,2025-04-21,monthly,29.97
511549,2025-04-22,paid_social,prospecting_video,,,0
511550,2025-04-22,paid_social,retargeting,2025-04-24,monthly,29.97
511551,2025-04-22,paid_social,prospecting_video,,,0
511552,2025-04-22,paid_social,prospecting_video,,,0
511553,2025-04-22,referral,,,,0
511554,2025-04-22,organic,,,,0
511555,2025-04-22,organic,,,,0
511556,2025-04-22,paid_social,prospecting_video,,,0
511557,2025-04-22,organic,,,,0
511558,2025-04-22,paid_social,prospecting_video,,,0
511559,2025-04-22,organic,,,,0
511560,2025-04-22,paid_social,retargeting,,,0
511561,2025-04-22,display,display_network,,,0
511562,2025-04-22,affiliate,finance_blogs,,,0
511563,2025-04-22,paid_social,retargeting,,,0
511564,2025-04-22,organic,,,,0
511565,2025-04-22,paid_social,retargeting,,,0
511566,2025-04-22,paid_social,prospecting_video,,,0
511567,2025-04-22,affiliate,finance_blogs,2025-04-27,monthly,19.98
511568,2025-04-22,paid_social,prospecting_video,,,0
511569,2025-04-22,paid_social,prospecting_video,,,0
511570,2025-04-22,paid_social,retargeting,2025-04-22,monthly,29.97
511571,2025-04-22,paid_social,retargeting,,,0
511572,2025-04-22,paid_social,retargeting,,,0
511573,2025-04-22,referral,,,,0
511574,2025-04-22,organic,,,,0
511575,2025-04-22,paid_social,prospecting_video,,,0
511576,2025-04-22,paid_social,retargeting,2025-04-22,monthly,29.97
511577,2025-04-22,paid_social,retargeting,,,0
511578,2025-04-22,paid_social,prospecting_video,,,0
511579,2025-04-22,organic,,,,0
511580,2025-04-22,paid_social,prospecting_video,,,0
511581,2025-04-22,organic,,,,0
511582,2025-04-22,organic,,,,0
511583,2025-04-22,paid_social,retargeting,,,0
511584,2025-04-22,paid_social,prospecting_video,,,0
511585,2025-04-22,paid_search,generic_search,,,0
511586,2025-04-22,paid_social,prospecting_video,,,0
511587,2025-04-22,paid_search,generic_search,,,0
511588,2025-04-22,paid_search,brand_search,2025-04-22,annual,79.99
511589,2025-04-22,paid_social,prospecting_video,,,0
511590,2025-04-22,paid_social,retargeting,,,0
511591,2025-04-22,paid_social,retargeting,,,0
511592,2025-04-22,paid_search,generic_search,,,0
511593,2025-04-22,paid_social,prospecting_video,,,0
511594,2025-04-22,paid_search,generic_search,,,0
511595,2025-04-22,paid_social,retargeting,,,0
511596,2025-04-22,display,display_network,,,0
511597,2025-04-22,paid_search,generic_search,,,0
511598,2025-04-22,affiliate,finance_blogs,,,0
511599,2025-04-22,paid_search,brand_search,,,0
511600,2025-04-22,paid_search,brand_search,2025-04-24,monthly,29.97
511601,2025-04-22,paid_social,prospecting_video,,,0
511602,2025-04-22,organic,,,,0
511603,2025-04-22,paid_social,retargeting,,,0
511604,2025-04-22,paid_social,prospecting_video,,,0
511605,2025-04-22,paid_social,prospecting_video,,,0
511606,2025-04-22,organic,,,,0
511607,2025-04-22,paid_search,brand_search,,,0
511608,2025-04-22,paid_search,brand_search,,,0
511609,2025-04-22,paid_search,brand_search,2025-04-24,annual,79.99
511610,2025-04-22,organic,,,,0
511611,2025-04-22,paid_social,prospecting_video,,,0
511612,2025-04-22,organic,,,,0
511613,2025-04-22,paid_social,prospecting_video,,,0
511614,2025-04-22,organic,,,,0
511615,2025-04-22,referral,,,,0
511616,2025-04-22,paid_social,prospecting_video,,,0
511617,2025-04-22,paid_social,prospecting_video,,,0
511618,2025-04-22,paid_search,brand_search,,,0
511619,2025-04-22,paid_social,retargeting,,,0
511620,2025-04-22,affiliate,finance_blogs,,,0
511621,2025-04-22,organic,,,,0
511622,2025-04-22,organic,,,,0
511623,2025-04-22,paid_social,prospecting_video,,,0
511624,2025-04-22,paid_social,prospecting_video,,,0
511625,2025-04-22,organic,,,,0
511626,2025-04-22,paid_social,prospecting_video,,,0
511627,2025-04-22,organic,,,,0
511628,2025-04-22,paid_social,prospecting_video,,,0
511629,2025-04-22,organic,,,,0
511630,2025-04-22,paid_social,retargeting,2025-04-23,monthly,29.97
511631,2025-04-22,paid_search,generic_search,,,0
511632,2025-04-22,paid_search,brand_search,,,0
511633,2025-04-22,paid_social,prospecting_video,,,0
511634,2025-04-22,organic,,,,0
511635,2025-04-22,paid_social,prospecting_video,,,0
511636,2025-04-22,paid_social,prospecting_video,,,0
511637,2025-04-22,paid_social,prospecting_video,,,0
511638,2025-04-22,paid_search,brand_search,,,0
511639,2025-04-22,paid_search,brand_search,,,0
511640,2025-04-22,referral,,2025-04-25,monthly,29.97
511641,2025-04-22,organic,,,,0
511642,2025-04-22,referral,,,,0
511643,2025-04-22,paid_search,generic_search,2025-04-24,monthly,29.97
511644,2025-04-22,paid_social,prospecting_video,,,0
511645,2025-04-22,paid_search,brand_search,,,0
511646,2025-04-22,paid_social,retargeting,,,0
511647,2025-04-22,paid_social,prospecting_video,,,0
511648,2025-04-22,paid_social,prospecting_video,,,0
511649,2025-04-22,paid_social,prospecting_video,,,0
511650,2025-04-22,paid_search,brand_search,,,0
511651,2025-04-22,paid_social,prospecting_video,,,0
511652,2025-04-22,paid_social,prospecting_video,,,0
511653,2025-04-22,referral,,2025-04-22,monthly,29.97
511654,2025-04-22,referral,,,,0
511655,2025-04-22,paid_social,retargeting,,,0
511656,2025-04-22,display,display_network,,,0
511657,2025-04-22,paid_search,generic_search,2025-04-24,annual,79.99
511658,2025-04-22,organic,,,,0
511659,2025-04-22,paid_social,retargeting,2025-04-22,annual,79.99
511660,2025-04-22,paid_search,generic_search,2025-04-24,monthly,19.98
511661,2025-04-22,paid_search,generic_search,,,0
511662,2025-04-23,paid_social,prospecting_video,,,0
511663,2025-04-23,paid_social,prospecting_video,,,0
511664,2025-04-23,organic,,,,0
511665,2025-04-23,paid_social,prospecting_video,,,0
511666,2025-04-23,referral,,2025-04-25,monthly,29.97
511667,2025-04-23,paid_social,prospecting_video,,,0
511668,2025-04-23,paid_social,prospecting_video,,,0
511669,2025-04-23,organic,,,,0
511670,2025-04-23,paid_search,generic_search,,,0
511671,2025-04-23,paid_social,retargeting,,,0
511672,2025-04-23,paid_social,prospecting_video,,,0
511673,2025-04-23,paid_search,brand_search,,,0
511674,2025-04-23,paid_social,retargeting,,,0
511675,2025-04-23,organic,,,,0
511676,2025-04-23,paid_search,brand_search,2025-04-23,monthly,29.97
511677,2025-04-23,paid_social,prospecting_video,2025-04-25,monthly,29.97
511678,2025-04-23,paid_search,generic_search,2025-04-28,annual,79.99
511679,2025-04-23,organic,,,,0
511680,2025-04-23,paid_search,generic_search,2025-04-28,monthly,29.97
511681,2025-04-23,paid_search,generic_search,,,0
511682,2025-04-23,paid_social,prospecting_video,,,0
511683,2025-04-23,paid_social,prospecting_video,,,0
511684,2025-04-23,display,display_network,,,0
511685,2025-04-23,referral,,,,0
511686,2025-04-23,paid_social,prospecting_video,,,0
511687,2025-04-23,organic,,,,0
511688,2025-04-23,paid_social,retargeting,,,0
511689,2025-04-23,paid_social,retargeting,,,0
511690,2025-04-23,paid_social,prospecting_video,,,0
511691,2025-04-23,organic,,,,0
511692,2025-04-23,paid_search,generic_search,,,0
511693,2025-04-23,referral,,,,0
511694,2025-04-23,organic,,,,0
511695,2025-04-23,referral,,,,0
511696,2025-04-23,paid_social,retargeting,,,0
511697,2025-04-23,paid_social,retargeting,2025-04-25,monthly,19.98
511698,2025-04-23,organic,,,,0
511699,2025-04-23,paid_social,prospecting_video,,,0
511700,2025-04-23,affiliate,finance_blogs,,,0
511701,2025-04-23,paid_social,retargeting,,,0
511702,2025-04-23,paid_social,prospecting_video,,,0
511703,2025-04-23,paid_social,prospecting_video,,,0
511704,2025-04-23,paid_social,prospecting_video,,,0
511705,2025-04-23,paid_social,prospecting_video,,,0
511706,2025-04-23,display,display_network,,,0
511707,2025-04-23,paid_social,prospecting_video,,,0
511708,2025-04-23,paid_social,retargeting,,,0
511709,2025-04-23,paid_social,retargeting,,,0
511710,2025-04-23,paid_social,prospecting_video,,,0
511711,2025-04-23,display,display_network,2025-04-29,annual,79.99
511712,2025-04-23,affiliate,finance_blogs,,,0
511713,2025-04-23,paid_social,prospecting_video,,,0
511714,2025-04-23,referral,,,,0
511715,2025-04-23,paid_search,brand_search,,,0
511716,2025-04-23,paid_search,generic_search,2025-04-29,monthly,19.98
511717,2025-04-23,paid_social,prospecting_video,,,0
511718,2025-04-23,paid_search,brand_search,2025-04-24,monthly,29.97
511719,2025-04-23,paid_social,retargeting,,,0
511720,2025-04-23,paid_social,prospecting_video,,,0
511721,2025-04-23,organic,,2025-04-26,annual,79.99
511722,2025-04-23,paid_social,prospecting_video,,,0
511723,2025-04-23,paid_social,prospecting_video,,,0
511724,2025-04-23,paid_search,brand_search,,,0
511725,2025-04-23,paid_social,prospecting_video,,,0
511726,2025-04-23,paid_social,prospecting_video,,,0
511727,2025-04-23,paid_social,prospecting_video,,,0
511728,2025-04-23,paid_search,brand_search,,,0
511729,2025-04-23,paid_social,prospecting_video,,,0
511730,2025-04-23,paid_social,prospecting_video,,,0
511731,2025-04-23,paid_social,prospecting_video,,,0
511732,2025-04-23,paid_social,prospecting_video,,,0
511733,2025-04-23,paid_search,brand_search,,,0
511734,2025-04-23,paid_search,brand_search,2025-04-24,monthly,29.97
511735,2025-04-23,paid_social,retargeting,2025-04-27,monthly,29.97
511736,2025-04-23,referral,,,,0
511737,2025-04-23,paid_social,prospecting_video,,,0
511738,2025-04-23,affiliate,finance_blogs,2025-04-24,annual,79.99
511739,2025-04-23,paid_social,prospecting_video,,,0
511740,2025-04-23,paid_social,prospecting_video,,,0
511741,2025-04-23,organic,,,,0
511742,2025-04-23,paid_social,prospecting_video,,,0
511743,2025-04-23,paid_social,prospecting_video,,,0
511744,2025-04-23,organic,,,,0
511745,2025-04-23,paid_search,brand_search,,,0
511746,2025-04-23,referral,,,,0
511747,2025-04-23,display,display_network,,,0
511748,2025-04-23,paid_search,generic_search,,,0
511749,2025-04-23,paid_social,prospecting_video,2025-04-23,monthly,29.97
511750,2025-04-23,organic,,,,0
511751,2025-04-23,paid_social,retargeting,,,0
511752,2025-04-23,referral,,,,0
511753,2025-04-23,paid_social,prospecting_video,,,0
511754,2025-04-23,display,display_network,,,0
511755,2025-04-23,paid_social,prospecting_video,,,0
511756,2025-04-23,paid_social,prospecting_video,,,0
511757,2025-04-23,paid_social,prospecting_video,,,0
511758,2025-04-23,paid_social,prospecting_video,,,0
511759,2025-04-23,paid_search,brand_search,2025-04-25,annual,79.99
511760,2025-04-23,organic,,,,0
511761,2025-04-23,paid_search,generic_search,,,0
511762,2025-04-23,affiliate,finance_blogs,,,0
511763,2025-04-23,paid_social,prospecting_video,,,0
511764,2025-04-23,organic,,,,0
511765,2025-04-23,paid_search,brand_search,2025-05-02,annual,79.99
511766,2025-04-23,paid_social,prospecting_video,,,0
511767,2025-04-23,paid_search,generic_search,,,0
511768,2025-04-23,paid_social,prospecting_video,,,0
511769,2025-04-23,paid_social,prospecting_video,,,0
511770,2025-04-24,paid_social,prospecting_video,,,0
511771,2025-04-24,paid_search,generic_search,2025-04-24,annual,79.99
511772,2025-04-24,paid_social,prospecting_video,,,0
511773,2025-04-24,paid_social,prospecting_video,,,0
511774,2025-04-24,organic,,,,0
511775,2025-04-24,paid_search,brand_search,,,0
511776,2025-04-24,paid_social,retargeting,,,0
511777,2025-04-24,paid_social,prospecting_video,,,0
511778,2025-04-24,organic,,,,0
511779,2025-04-24,paid_social,prospecting_video,,,0
511780,2025-04-24,paid_search,brand_search,,,0
511781,2025-04-24,organic,,,,0
511782,2025-04-24,paid_social,prospecting_video,,,0
511783,2025-04-24,paid_social,prospecting_video,,,0
511784,2025-04-24,paid_social,prospecting_video,,,0
511785,2025-04-24,referral,,2025-05-07,monthly,19.98
511786,2025-04-24,paid_search,generic_search,,,0
511787,2025-04-24,paid_search,generic_search,,,0
511788,2025-04-24,affiliate,finance_blogs,,,0
511789,2025-04-24,paid_search,brand_search,2025-05-02,annual,79.99
511790,2025-04-24,organic,,,,0
511791,2025-04-24,paid_social,prospecting_video,,,0
511792,2025-04-24,affiliate,finance_blogs,,,0
511793,2025-04-24,organic,,,,0
511794,2025-04-24,paid_social,prospecting_video,,,0
511795,2025-04-24,paid_search,generic_search,,,0
511796,2025-04-24,affiliate,finance_blogs,,,0
511797,2025-04-24,paid_search,brand_search,,,0
511798,2025-04-24,paid_social,prospecting_video,,,0
511799,2025-04-24,paid_search,generic_search,,,0
511800,2025-04-24,paid_social,retargeting,,,0
511801,2025-04-24,paid_social,retargeting,,,0
511802,2025-04-24,paid_search,brand_search,,,0
511803,2025-04-24,paid_social,prospecting_video,,,0
511804,2025-04-24,paid_social,retargeting,,,0
511805,2025-04-24,organic,,,,0
511806,2025-04-24,paid_search,generic_search,,,0
511807,2025-04-24,organic,,,,0
511808,2025-04-24,paid_social,retargeting,,,0
511809,2025-04-24,paid_social,prospecting_video,2025-05-07,annual,79.99
511810,2025-04-24,paid_social,prospecting_video,,,0
511811,2025-04-24,referral,,,,0
511812,2025-04-24,paid_social,retargeting,,,0
511813,2025-04-24,organic,,2025-04-27,monthly,29.97
511814,2025-04-24,affiliate,finance_blogs,,,0
511815,2025-04-24,paid_social,prospecting_video,,,0
511816,2025-04-24,paid_social,prospecting_video,,,0
511817,2025-04-24,paid_social,retargeting,,,0
511818,2025-04-24,affiliate,finance_blogs,,,0
511819,2025-04-24,paid_social,prospecting_video,,,0
511820,2025-04-24,organic,,,,0
511821,2025-04-24,paid_social,prospecting_video,,,0
511822,2025-04-24,organic,,,,0
511823,2025-04-24,paid_social,retargeting,,,0
511824,2025-04-24,referral,,,,0
511825,2025-04-24,paid_social,prospecting_video,,,0
511826,2025-04-24,paid_social,prospecting_video,,,0
511827,2025-04-24,referral,,,,0
511828,2025-04-24,paid_social,prospecting_video,,,0
511829,2025-04-24,organic,,,,0
511830,2025-04-24,paid_social,retargeting,,,0
511831,2025-04-24,paid_search,generic_search,,,0
511832,2025-04-24,paid_social,retargeting,,,0
511833,2025-04-24,paid_search,brand_search,,,0
511834,2025-04-24,paid_search,brand_search,,,0
511835,2025-04-24,paid_social,retargeting,,,0
511836,2025-04-24,organic,,2025-04-27,monthly,29.97
511837,2025-04-24,paid_social,prospecting_video,,,0
511838,2025-04-24,paid_social,prospecting_video,,,0
511839,2025-04-24,paid_social,prospecting_video,,,0
511840,2025-04-24,affiliate,finance_blogs,,,0
511841,2025-04-24,paid_social,prospecting_video,,,0
511842,2025-04-24,paid_social,prospecting_video,,,0
511843,2025-04-24,paid_search,brand_search,,,0
511844,2025-04-24,paid_social,prospecting_video,,,0
511845,2025-04-24,paid_social,prospecting_video,,,0
511846,2025-04-24,paid_search,brand_search,2025-04-25,annual,79.99
511847,2025-04-24,paid_social,retargeting,,,0
511848,2025-04-24,paid_social,prospecting_video,,,0
511849,2025-04-24,paid_search,brand_search,,,0
511850,2025-04-24,paid_social,retargeting,,,0
511851,2025-04-24,paid_social,prospecting_video,,,0
511852,2025-04-24,paid_social,prospecting_video,,,0
511853,2025-04-24,organic,,,,0
511854,2025-04-24,paid_search,generic_search,,,0
511855,2025-04-24,paid_social,prospecting_video,,,0
511856,2025-04-24,paid_social,prospecting_video,,,0
511857,2025-04-24,organic,,,,0
511858,2025-04-24,paid_social,prospecting_video,,,0
511859,2025-04-24,paid_social,prospecting_video,,,0
511860,2025-04-24,paid_social,prospecting_video,,,0
511861,2025-04-24,paid_social,prospecting_video,,,0
511862,2025-04-24,paid_social,retargeting,2025-04-24,annual,79.99
511863,2025-04-24,paid_social,retargeting,,,0
511864,2025-04-24,paid_social,prospecting_video,,,0
511865,2025-04-24,affiliate,finance_blogs,2025-04-29,monthly,9.99
511866,2025-04-24,paid_social,prospecting_video,,,0
511867,2025-04-25,paid_social,prospecting_video,,,0
511868,2025-04-25,paid_social,retargeting,,,0
511869,2025-04-25,paid_social,prospecting_video,,,0
511870,2025-04-25,paid_social,prospecting_video,,,0
511871,2025-04-25,paid_social,prospecting_video,,,0
511872,2025-04-25,paid_search,brand_search,2025-04-27,annual,79.99
511873,2025-04-25,paid_social,prospecting_video,,,0
511874,2025-04-25,paid_search,generic_search,,,0
511875,2025-04-25,paid_social,prospecting_video,,,0
511876,2025-04-25,organic,,,,0
511877,2025-04-25,organic,,2025-04-28,monthly,19.98
511878,2025-04-25,paid_social,prospecting_video,,,0
511879,2025-04-25,paid_social,prospecting_video,,,0
511880,2025-04-25,organic,,,,0
511881,2025-04-25,organic,,,,0
511882,2025-04-25,paid_social,prospecting_video,,,0
511883,2025-04-25,paid_search,generic_search,,,0
511884,2025-04-25,paid_social,retargeting,2025-04-29,monthly,29.97
511885,2025-04-25,paid_social,prospecting_video,,,0
511886,2025-04-25,paid_social,retargeting,,,0
511887,2025-04-25,referral,,,,0
511888,2025-04-25,paid_social,prospecting_video,,,0
511889,2025-04-25,paid_social,prospecting_video,,,0
511890,2025-04-25,paid_social,prospecting_video,,,0
511891,2025-04-25,paid_social,prospecting_video,,,0
511892,2025-04-25,paid_search,generic_search,,,0
511893,2025-04-25,paid_social,retargeting,,,0
511894,2025-04-25,paid_social,prospecting_video,,,0
511895,2025-04-25,referral,,,,0
511896,2025-04-25,paid_search,generic_search,,,0
511897,2025-04-25,referral,,,,0
511898,2025-04-25,paid_search,generic_search,,,0
511899,2025-04-25,organic,,,,0
511900,2025-04-25,affiliate,finance_blogs,,,0
511901,2025-04-25,paid_social,retargeting,2025-04-25,annual,79.99
511902,2025-04-25,paid_search,brand_search,,,0
511903,2025-04-25,paid_social,prospecting_video,,,0
511904,2025-04-25,paid_social,prospecting_video,,,0
511905,2025-04-25,paid_social,prospecting_video,,,0
511906,2025-04-25,paid_social,prospecting_video,,,0
511907,2025-04-25,organic,,,,0
511908,2025-04-25,paid_social,retargeting,,,0
511909,2025-04-25,paid_social,retargeting,,,0
511910,2025-04-25,paid_social,prospecting_video,,,0
511911,2025-04-25,paid_social,retargeting,,,0
511912,2025-04-25,display,display_network,,,0
511913,2025-04-25,paid_social,prospecting_video,,,0
511914,2025-04-25,affiliate,finance_blogs,,,0
511915,2025-04-25,paid_social,prospecting_video,2025-05-02,monthly,9.99
511916,2025-04-25,paid_social,prospecting_video,,,0
511917,2025-04-25,organic,,,,0
511918,2025-04-25,referral,,,,0
511919,2025-04-25,paid_social,retargeting,,,0
511920,2025-04-25,paid_social,prospecting_video,,,0
511921,2025-04-25,affiliate,finance_blogs,2025-05-04,annual,79.99
511922,2025-04-25,paid_social,prospecting_video,,,0
511923,2025-04-25,referral,,,,0
511924,2025-04-25,referral,,,,0
511925,2025-04-25,paid_social,prospecting_video,,,0
511926,2025-04-25,paid_social,retargeting,,,0
511927,2025-04-25,display,display_network,,,0
511928,2025-04-25,paid_search,generic_search,,,0
511929,2025-04-25,referral,,,,0
511930,2025-04-25,paid_search,generic_search,,,0
511931,2025-04-25,organic,,,,0
511932,2025-04-25,paid_social,prospecting_video,,,0
511933,2025-04-25,paid_search,brand_search,,,0
511934,2025-04-25,paid_search,generic_search,,,0
511935,2025-04-25,paid_search,generic_search,,,0
511936,2025-04-25,paid_social,prospecting_video,,,0
511937,2025-04-25,paid_search,brand_search,,,0
511938,2025-04-25,affiliate,finance_blogs,,,0
511939,2025-04-25,paid_search,brand_search,2025-04-26,annual,79.99
511940,2025-04-25,paid_social,prospecting_video,,,0
511941,2025-04-25,paid_social,prospecting_video,,,0
511942,2025-04-25,paid_social,retargeting,,,0
511943,2025-04-25,paid_search,generic_search,,,0
511944,2025-04-25,paid_social,prospecting_video,,,0
511945,2025-04-25,paid_social,prospecting_video,,,0
511946,2025-04-25,paid_social,retargeting,,,0
511947,2025-04-25,paid_social,retargeting,,,0
511948,2025-04-25,paid_social,prospecting_video,,,0
511949,2025-04-25,affiliate,finance_blogs,,,0
511950,2025-04-25,referral,,2025-04-25,monthly,29.97
511951,2025-04-25,paid_search,generic_search,,,0
511952,2025-04-25,paid_social,prospecting_video,,,0
511953,2025-04-25,paid_search,generic_search,2025-04-27,annual,79.99
511954,2025-04-25,paid_search,brand_search,,,0
511955,2025-04-25,paid_search,brand_search,2025-04-25,monthly,29.97
511956,2025-04-25,paid_search,generic_search,,,0
511957,2025-04-25,paid_social,prospecting_video,,,0
511958,2025-04-25,paid_social,prospecting_video,,,0
511959,2025-04-25,organic,,2025-04-25,annual,79.99
511960,2025-04-25,paid_social,prospecting_video,,,0
511961,2025-04-25,paid_social,prospecting_video,,,0
511962,2025-04-25,referral,,,,0
511963,2025-04-25,organic,,,,0
511964,2025-04-25,paid_social,prospecting_video,,,0
511965,2025-04-25,paid_search,brand_search,,,0
511966,2025-04-25,referral,,,,0
511967,2025-04-25,paid_search,generic_search,,,0
511968,2025-04-25,referral,,,,0
511969,2025-04-25,paid_social,prospecting_video,,,0
511970,2025-04-25,referral,,,,0
511971,2025-04-25,affiliate,finance_blogs,,,0
511972,2025-04-25,paid_social,prospecting_video,,,0
511973,2025-04-25,paid_search,brand_search,2025-04-28,monthly,29.97
511974,2025-04-25,paid_social,prospecting_video,,,0
511975,2025-04-25,paid_social,prospecting_video,,,0
511976,2025-04-25,paid_social,prospecting_video,,,0
511977,2025-04-25,paid_search,generic_search,,,0
511978,2025-04-25,paid_social,prospecting_video,,,0
511979,2025-04-25,paid_social,prospecting_video,,,0
511980,2025-04-25,organic,,2025-04-26,annual,79.99
511981,2025-04-25,paid_social,prospecting_video,,,0
511982,2025-04-25,paid_search,generic_search,2025-04-25,monthly,29.97
511983,2025-04-25,paid_social,prospecting_video,,,0
511984,2025-04-25,paid_search,generic_search,2025-04-27,monthly,29.97
511985,2025-04-25,paid_social,prospecting_video,,,0
511986,2025-04-25,paid_social,prospecting_video,,,0
511987,2025-04-25,paid_search,brand_search,,,0
511988,2025-04-25,organic,,,,0
511989,2025-04-25,paid_search,brand_search,,,0
511990,2025-04-25,paid_search,generic_search,,,0
511991,2025-04-25,organic,,,,0
511992,2025-04-25,paid_search,generic_search,,,0
511993,2025-04-25,paid_social,prospecting_video,,,0
511994,2025-04-25,paid_social,prospecting_video,,,0
511995,2025-04-26,organic,,,,0
511996,2025-04-26,paid_social,prospecting_video,,,0
511997,2025-04-26,organic,,,,0
511998,2025-04-26,paid_social,prospecting_video,,,0
511999,2025-04-26,referral,,,,0
512000,2025-04-26,paid_social,prospecting_video,,,0
512001,2025-04-26,paid_social,prospecting_video,,,0
512002,2025-04-26,referral,,,,0
512003,2025-04-26,referral,,,,0
512004,2025-04-26,organic,,,,0
512005,2025-04-26,paid_search,brand_search,,,0
512006,2025-04-26,paid_search,generic_search,,,0
512007,2025-04-26,organic,,,,0
512008,2025-04-26,referral,,,,0
512009,2025-04-26,paid_search,brand_search,,,0
512010,2025-04-26,paid_social,prospecting_video,,,0
512011,2025-04-26,paid_search,brand_search,,,0
512012,2025-04-26,organic,,,,0
512013,2025-04-26,paid_search,generic_search,,,0
512014,2025-04-26,organic,,,,0
512015,2025-04-26,referral,,,,0
512016,2025-04-26,organic,,,,0
512017,2025-04-26,paid_social,retargeting,,,0
512018,2025-04-26,referral,,,,0
512019,2025-04-26,paid_social,prospecting_video,,,0
512020,2025-04-26,paid_social,retargeting,,,0
512021,2025-04-26,organic,,,,0
512022,2025-04-26,organic,,,,0
512023,2025-04-26,organic,,,,0
512024,2025-04-26,affiliate,finance_blogs,,,0
512025,2025-04-26,affiliate,finance_blogs,2025-04-30,monthly,29.97
512026,2025-04-26,organic,,,,0
512027,2025-04-26,paid_search,brand_search,,,0
512028,2025-04-26,paid_social,prospecting_video,,,0
512029,2025-04-26,affiliate,finance_blogs,,,0
512030,2025-04-26,paid_social,prospecting_video,,,0
512031,2025-04-26,paid_social,prospecting_video,,,0
512032,2025-04-26,paid_search,generic_search,,,0
512033,2025-04-26,organic,,,,0
512034,2025-04-26,paid_search,generic_search,,,0
512035,2025-04-26,organic,,2025-05-09,monthly,29.97
512036,2025-04-26,paid_social,prospecting_video,,,0
512037,2025-04-26,organic,,,,0
512038,2025-04-26,referral,,,,0
512039,2025-04-26,organic,,,,0
512040,2025-04-26,paid_social,prospecting_video,,,0
512041,2025-04-26,organic,,,,0
512042,2025-04-26,affiliate,finance_blogs,,,0
512043,2025-04-26,organic,,,,0
512044,2025-04-26,organic,,,,0
512045,2025-04-26,organic,,,,0
512046,2025-04-26,display,display_network,,,0
512047,2025-04-26,paid_search,brand_search,,,0
512048,2025-04-26,referral,,,,0
512049,2025-04-26,organic,,,,0
512050,2025-04-26,affiliate,finance_blogs,,,0
512051,2025-04-26,organic,,,,0
512052,2025-04-26,organic,,,,0
512053,2025-04-26,referral,,,,0
512054,2025-04-26,paid_social,prospecting_video,,,0
512055,2025-04-26,paid_social,retargeting,,,0
512056,2025-04-26,paid_search,brand_search,,,0
512057,2025-04-26,paid_search,generic_search,,,0
512058,2025-04-26,paid_search,generic_search,2025-04-30,monthly,19.98
512059,2025-04-26,paid_social,prospecting_video,,,0
512060,2025-04-26,paid_social,retargeting,2025-04-28,monthly,29.97
512061,2025-04-26,affiliate,finance_blogs,,,0
512062,2025-04-26,organic,,,,0
512063,2025-04-26,referral,,2025-04-26,monthly,29.97
512064,2025-04-26,organic,,,,0
512065,2025-04-26,paid_social,prospecting_video,,,0
512066,2025-04-26,organic,,,,0
512067,2025-04-26,paid_social,prospecting_video,,,0
512068,2025-04-26,paid_search,brand_search,,,0
512069,2025-04-26,paid_search,brand_search,2025-04-28,monthly,29.97
512070,2025-04-26,referral,,2025-04-26,annual,79.99
512071,2025-04-26,paid_social,retargeting,,,0
512072,2025-04-26,paid_search,brand_search,,,0
512073,2025-04-26,paid_search,generic_search,,,0
512074,2025-04-26,paid_search,generic_search,,,0
512075,2025-04-26,paid_social,prospecting_video,,,0
512076,2025-04-26,paid_social,retargeting,,,0
512077,2025-04-26,paid_social,retargeting,,,0
512078,2025-04-26,paid_social,prospecting_video,,,0
512079,2025-04-26,paid_search,brand_search,,,0
512080,2025-04-26,paid_social,retargeting,,,0
512081,2025-04-26,paid_social,prospecting_video,2025-05-05,monthly,19.98
512082,2025-04-26,affiliate,finance_blogs,,,0
512083,2025-04-26,paid_social,prospecting_video,,,0
512084,2025-04-26,paid_search,brand_search,2025-04-27,monthly,19.98
512085,2025-04-26,organic,,,,0
512086,2025-04-26,affiliate,finance_blogs,2025-04-28,monthly,29.97
512087,2025-04-26,paid_social,retargeting,,,0
512088,2025-04-26,paid_social,prospecting_video,,,0
512089,2025-04-26,paid_search,generic_search,,,0
512090,2025-04-26,paid_social,retargeting,,,0
512091,2025-04-26,organic,,,,0
512092,2025-04-26,paid_social,prospecting_video,,,0
512093,2025-04-26,paid_search,brand_search,,,0
512094,2025-04-26,affiliate,finance_blogs,,,0
512095,2025-04-27,organic,,2025-04-29,monthly,29.97
512096,2025-04-27,paid_social,prospecting_video,,,0
512097,2025-04-27,paid_social,prospecting_video,,,0
512098,2025-04-27,display,display_network,,,0
512099,2025-04-27,organic,,,,0
512100,2025-04-27,paid_search,brand_search,,,0
512101,2025-04-27,paid_search,generic_search,,,0
512102,2025-04-27,referral,,,,0
512103,2025-04-27,organic,,2025-04-30,monthly,29.97
512104,2025-04-27,referral,,,,0
512105,2025-04-27,organic,,,,0
512106,2025-04-27,paid_social,prospecting_video,,,0
512107,2025-04-27,paid_search,generic_search,,,0
512108,2025-04-27,paid_search,brand_search,,,0
512109,2025-04-27,paid_social,retargeting,,,0
512110,2025-04-27,organic,,,,0
512111,2025-04-27,organic,,,,0
512112,2025-04-27,organic,,,,0
512113,2025-04-27,organic,,,,0
512114,2025-04-27,paid_social,prospecting_video,,,0
512115,2025-04-27,paid_social,prospecting_video,,,0
512116,2025-04-27,paid_search,generic_search,,,0
512117,2025-04-27,organic,,,,0
512118,2025-04-27,paid_social,retargeting,,,0
512119,2025-04-27,paid_search,brand_search,,,0
512120,2025-04-27,paid_social,retargeting,,,0
512121,2025-04-27,paid_search,generic_search,,,0
512122,2025-04-27,display,display_network,,,0
512123,2025-04-27,paid_social,retargeting,2025-05-01,monthly,9.99
512124,2025-04-27,affiliate,finance_blogs,2025-04-27,annual,79.99
512125,2025-04-27,organic,,,,0
512126,2025-04-27,organic,,,,0
512127,2025-04-27,affiliate,finance_blogs,,,0
512128,2025-04-27,paid_search,brand_search,,,0
512129,2025-04-27,affiliate,finance_blogs,,,0
512130,2025-04-27,paid_social,prospecting_video,,,0
512131,2025-04-27,paid_search,generic_search,,,0
512132,2025-04-27,paid_search,generic_search,,,0
512133,2025-04-27,paid_social,prospecting_video,,,0
512134,2025-04-27,display,display_network,2025-05-03,annual,79.99
512135,2025-04-27,affiliate,finance_blogs,2025-04-28,monthly,19.98
512136,2025-04-27,paid_social,retargeting,2025-04-27,monthly,29.97
512137,2025-04-27,referral,,,,0
512138,2025-04-27,paid_social,retargeting,,,0
512139,2025-04-27,paid_social,prospecting_video,,,0
512140,2025-04-27,paid_social,prospecting_video,,,0
512141,2025-04-27,organic,,,,0
512142,2025-04-27,paid_social,prospecting_video,,,0
512143,2025-04-27,paid_search,generic_search,,,0
512144,2025-04-27,paid_social,prospecting_video,,,0
512145,2025-04-27,paid_search,generic_search,2025-05-06,monthly,29.97
512146,2025-04-27,paid_social,retargeting,,,0
512147,2025-04-27,organic,,,,0
512148,2025-04-27,affiliate,finance_blogs,,,0
512149,2025-04-27,paid_social,retargeting,,,0
512150,2025-04-27,paid_social,prospecting_video,,,0
512151,2025-04-27,organic,,,,0
512152,2025-04-27,paid_social,prospecting_video,,,0
512153,2025-04-27,organic,,,,0
512154,2025-04-27,paid_social,prospecting_video,,,0
512155,2025-04-27,paid_social,prospecting_video,,,0
512156,2025-04-27,paid_social,prospecting_video,,,0
512157,2025-04-27,referral,,2025-05-04,monthly,9.99
512158,2025-04-27,paid_social,prospecting_video,2025-05-05,monthly,19.98
512159,2025-04-27,paid_search,brand_search,,,0
512160,2025-04-27,paid_social,prospecting_video,,,0
512161,2025-04-27,paid_social,prospecting_video,,,0
512162,2025-04-27,paid_social,retargeting,,,0
512163,2025-04-27,paid_social,prospecting_video,,,0
512164,2025-04-27,paid_search,generic_search,2025-05-08,monthly,29.97
512165,2025-04-27,organic,,,,0
512166,2025-04-27,organic,,,,0
512167,2025-04-27,paid_social,retargeting,,,0
512168,2025-04-27,organic,,,,0
512169,2025-04-27,paid_search,brand_search,,,0
512170,2025-04-27,organic,,,,0
512171,2025-04-27,organic,,,,0
512172,2025-04-27,organic,,,,0
512173,2025-04-27,paid_search,generic_search,2025-04-30,annual,79.99
512174,2025-04-27,paid_social,prospecting_video,,,0
512175,2025-04-27,paid_social,retargeting,,,0
512176,2025-04-27,organic,,,,0
512177,2025-04-27,organic,,,,0
512178,2025-04-27,paid_social,prospecting_video,,,0
512179,2025-04-27,paid_social,prospecting_video,,,0
512180,2025-04-27,organic,,,,0
512181,2025-04-27,affiliate,finance_blogs,2025-04-28,monthly,29.97
512182,2025-04-28,organic,,,,0
512183,2025-04-28,organic,,,,0
512184,2025-04-28,paid_social,prospecting_video,,,0
512185,2025-04-28,paid_social,prospecting_video,,,0
512186,2025-04-28,paid_search,generic_search,,,0
512187,2025-04-28,organic,,,,0
512188,2025-04-28,paid_social,retargeting,,,0
512189,2025-04-28,paid_search,generic_search,,,0
512190,2025-04-28,paid_search,generic_search,2025-04-28,monthly,29.97
512191,2025-04-28,paid_social,prospecting_video,,,0
512192,2025-04-28,paid_search,generic_search,2025-04-28,monthly,29.97
512193,2025-04-28,organic,,,,0
512194,2025-04-28,paid_social,prospecting_video,,,0
512195,2025-04-28,organic,,,,0
512196,2025-04-28,paid_search,generic_search,,,0
512197,2025-04-28,display,display_network,,,0
512198,2025-04-28,organic,,,,0
512199,2025-04-28,organic,,,,0
512200,2025-04-28,paid_search,brand_search,,,0
512201,2025-04-28,paid_social,prospecting_video,,,0
512202,2025-04-28,paid_social,prospecting_video,,,0
512203,2025-04-28,paid_social,prospecting_video,,,0
512204,2025-04-28,paid_search,brand_search,,,0
512205,2025-04-28,referral,,2025-05-03,monthly,19.98
512206,2025-04-28,paid_search,generic_search,,,0
512207,2025-04-28,paid_search,brand_search,2025-04-28,annual,79.99
512208,2025-04-28,referral,,,,0
512209,2025-04-28,paid_social,prospecting_video,,,0
512210,2025-04-28,paid_social,retargeting,,,0
512211,2025-04-28,paid_social,prospecting_video,,,0
512212,2025-04-28,paid_search,brand_search,2025-05-07,monthly,9.99
512213,2025-04-28,paid_social,prospecting_video,,,0
512214,2025-04-28,paid_social,prospecting_video,,,0
512215,2025-04-28,display,display_network,,,0
512216,2025-04-28,organic,,,,0
512217,2025-04-28,organic,,,,0
512218,2025-04-28,paid_social,prospecting_video,,,0
512219,2025-04-28,display,display_network,,,0
512220,2025-04-28,paid_social,prospecting_video,,,0
512221,2025-04-28,referral,,,,0
512222,2025-04-28,organic,,,,0
512223,2025-04-28,paid_social,retargeting,,,0
512224,2025-04-28,paid_search,generic_search,2025-05-02,monthly,29.97
512225,2025-04-28,paid_search,generic_search,,,0
512226,2025-04-28,paid_social,retargeting,,,0
512227,2025-04-28,display,display_network,,,0
512228,2025-04-28,paid_search,brand_search,2025-04-29,monthly,9.99
512229,2025-04-28,organic,,,,0
512230,2025-04-28,organic,,,,0
512231,2025-04-28,affiliate,finance_blogs,,,0
512232,2025-04-28,paid_social,retargeting,,,0
512233,2025-04-28,paid_search,generic_search,,,0
512234,2025-04-28,paid_social,prospecting_video,,,0
512235,2025-04-28,organic,,,,0
512236,2025-04-28,paid_social,retargeting,,,0
512237,2025-04-28,organic,,2025-05-06,monthly,29.97
512238,2025-04-28,organic,,,,0
512239,2025-04-28,organic,,,,0
512240,2025-04-28,organic,,,,0
512241,2025-04-28,paid_social,prospecting_video,,,0
512242,2025-04-28,paid_search,generic_search,,,0
512243,2025-04-28,display,display_network,,,0
512244,2025-04-28,organic,,,,0
512245,2025-04-28,referral,,,,0
512246,2025-04-28,affiliate,finance_blogs,,,0
512247,2025-04-28,paid_social,prospecting_video,2025-05-01,annual,79.99
512248,2025-04-28,paid_social,prospecting_video,,,0
512249,2025-04-28,referral,,,,0
512250,2025-04-28,paid_search,brand_search,,,0
512251,2025-04-28,paid_social,retargeting,,,0
512252,2025-04-28,paid_social,prospecting_video,,,0
512253,2025-04-28,paid_social,retargeting,,,0
512254,2025-04-28,paid_social,prospecting_video,,,0
512255,2025-04-28,paid_search,brand_search,,,0
512256,2025-04-28,paid_social,prospecting_video,,,0
512257,2025-04-28,paid_social,prospecting_video,,,0
512258,2025-04-28,paid_search,generic_search,,,0
512259,2025-04-28,affiliate,finance_blogs,,,0
512260,2025-04-28,paid_search,brand_search,,,0
512261,2025-04-28,paid_search,brand_search,2025-05-02,monthly,19.98
512262,2025-04-28,paid_search,brand_search,,,0
512263,2025-04-28,paid_social,prospecting_video,,,0
512264,2025-04-28,paid_search,brand_search,,,0
512265,2025-04-28,paid_social,prospecting_video,,,0
512266,2025-04-28,referral,,,,0
512267,2025-04-28,paid_social,retargeting,,,0
512268,2025-04-28,referral,,2025-05-01,monthly,29.97
512269,2025-04-28,paid_search,brand_search,,,0
512270,2025-04-29,paid_social,prospecting_video,,,0
512271,2025-04-29,affiliate,finance_blogs,2025-04-30,monthly,19.98
512272,2025-04-29,paid_social,retargeting,,,0
512273,2025-04-29,paid_social,prospecting_video,,,0
512274,2025-04-29,organic,,,,0
512275,2025-04-29,organic,,,,0
512276,2025-04-29,paid_search,brand_search,2025-04-29,annual,79.99
512277,2025-04-29,paid_social,prospecting_video,,,0
512278,2025-04-29,paid_social,retargeting,,,0
512279,2025-04-29,paid_search,brand_search,,,0
512280,2025-04-29,paid_search,generic_search,2025-04-29,monthly,29.97
512281,2025-04-29,paid_social,prospecting_video,,,0
512282,2025-04-29,paid_social,prospecting_video,2025-04-29,monthly,19.98
512283,2025-04-29,organic,,,,0
512284,2025-04-29,organic,,,,0
512285,2025-04-29,display,display_network,,,0
512286,2025-04-29,paid_search,brand_search,,,0
512287,2025-04-29,paid_social,prospecting_video,,,0
512288,2025-04-29,paid_social,prospecting_video,,,0
512289,2025-04-29,affiliate,finance_blogs,2025-05-02,monthly,29.97
512290,2025-04-29,organic,,,,0
512291,2025-04-29,paid_search,generic_search,,,0
512292,2025-04-29,paid_social,prospecting_video,,,0
512293,2025-04-29,paid_social,prospecting_video,,,0
512294,2025-04-29,paid_social,retargeting,,,0
512295,2025-04-29,paid_search,generic_search,,,0
512296,2025-04-29,paid_social,prospecting_video,,,0
512297,2025-04-29,paid_social,prospecting_video,,,0
512298,2025-04-29,paid_social,prospecting_video,,,0
512299,2025-04-29,organic,,,,0
512300,2025-04-29,paid_search,generic_search,2025-04-29,annual,79.99
512301,2025-04-29,paid_social,retargeting,,,0
512302,2025-04-29,paid_search,generic_search,2025-05-04,monthly,29.97
512303,2025-04-29,paid_search,brand_search,,,0
512304,2025-04-29,affiliate,finance_blogs,,,0
512305,2025-04-29,organic,,,,0
512306,2025-04-29,paid_social,retargeting,,,0
512307,2025-04-29,organic,,,,0
512308,2025-04-29,paid_social,retargeting,2025-04-29,annual,79.99
512309,2025-04-29,paid_search,generic_search,,,0
512310,2025-04-29,paid_search,generic_search,,,0
512311,2025-04-29,paid_social,retargeting,,,0
512312,2025-04-29,paid_social,retargeting,,,0
512313,2025-04-29,paid_social,prospecting_video,,,0
512314,2025-04-29,organic,,,,0
512315,2025-04-29,organic,,2025-04-29,monthly,29.97
512316,2025-04-29,organic,,,,0
512317,2025-04-29,paid_social,prospecting_video,,,0
512318,2025-04-29,paid_social,prospecting_video,,,0
512319,2025-04-29,organic,,,,0
512320,2025-04-29,referral,,,,0
512321,2025-04-29,affiliate,finance_blogs,2025-05-02,monthly,29.97
512322,2025-04-29,organic,,,,0
512323,2025-04-29,paid_social,prospecting_video,,,0
512324,2025-04-29,paid_social,retargeting,,,0
512325,2025-04-29,paid_search,generic_search,,,0
512326,2025-04-29,organic,,,,0
512327,2025-04-29,paid_social,prospecting_video,,,0
512328,2025-04-29,paid_social,retargeting,,,0
512329,2025-04-29,paid_social,prospecting_video,,,0
512330,2025-04-29,affiliate,finance_blogs,,,0
512331,2025-04-29,paid_social,retargeting,,,0
512332,2025-04-29,paid_social,prospecting_video,,,0
512333,2025-04-29,affiliate,finance_blogs,,,0
512334,2025-04-29,affiliate,finance_blogs,,,0
512335,2025-04-29,paid_search,generic_search,,,0
512336,2025-04-29,paid_social,prospecting_video,,,0
512337,2025-04-29,organic,,,,0
512338,2025-04-29,display,display_network,,,0
512339,2025-04-29,paid_social,retargeting,,,0
512340,2025-04-29,paid_social,retargeting,,,0
512341,2025-04-29,paid_social,prospecting_video,,,0
512342,2025-04-29,display,display_network,,,0
512343,2025-04-29,paid_social,prospecting_video,,,0
512344,2025-04-29,organic,,,,0
512345,2025-04-29,paid_social,prospecting_video,,,0
512346,2025-04-29,paid_social,prospecting_video,,,0
512347,2025-04-29,paid_search,brand_search,,,0
512348,2025-04-29,paid_search,generic_search,,,0
512349,2025-04-29,organic,,,,0
512350,2025-04-29,paid_social,prospecting_video,,,0
512351,2025-04-29,paid_social,retargeting,,,0
512352,2025-04-29,organic,,2025-05-01,monthly,29.97
512353,2025-04-29,paid_social,retargeting,,,0
512354,2025-04-29,paid_social,retargeting,,,0
512355,2025-04-29,organic,,,,0
512356,2025-04-29,paid_social,prospecting_video,,,0
512357,2025-04-29,paid_social,retargeting,,,0
512358,2025-04-29,referral,,,,0
512359,2025-04-29,paid_social,prospecting_video,,,0
512360,2025-04-29,paid_search,generic_search,2025-05-01,annual,79.99
512361,2025-04-29,referral,,,,0
512362,2025-04-29,paid_search,brand_search,2025-05-05,monthly,29.97
512363,2025-04-29,organic,,,,0
512364,2025-04-29,paid_social,prospecting_video,,,0
512365,2025-04-29,affiliate,finance_blogs,,,0
512366,2025-04-29,paid_search,generic_search,2025-05-01,annual,79.99
512367,2025-04-29,paid_social,prospecting_video,,,0
512368,2025-04-30,paid_social,prospecting_video,,,0
512369,2025-04-30,affiliate,finance_blogs,,,0
512370,2025-04-30,paid_social,prospecting_video,,,0
512371,2025-04-30,paid_social,retargeting,,,0
512372,2025-04-30,paid_social,retargeting,,,0
512373,2025-04-30,paid_social,prospecting_video,,,0
512374,2025-04-30,organic,,2025-05-01,annual,79.99
512375,2025-04-30,paid_social,retargeting,,,0
512376,2025-04-30,paid_search,brand_search,2025-05-01,monthly,29.97
512377,2025-04-30,referral,,,,0
512378,2025-04-30,paid_social,prospecting_video,,,0
512379,2025-04-30,paid_search,brand_search,,,0
512380,2025-04-30,paid_search,brand_search,2025-05-03,monthly,29.97
512381,2025-04-30,paid_search,generic_search,,,0
512382,2025-04-30,paid_social,retargeting,,,0
512383,2025-04-30,paid_search,brand_search,,,0
512384,2025-04-30,paid_search,generic_search,,,0
512385,2025-04-30,organic,,,,0
512386,2025-04-30,organic,,,,0
512387,2025-04-30,paid_search,generic_search,,,0
512388,2025-04-30,paid_social,prospecting_video,,,0
512389,2025-04-30,paid_search,generic_search,,,0
512390,2025-04-30,paid_social,retargeting,2025-05-11,monthly,29.97
512391,2025-04-30,paid_social,prospecting_video,,,0
512392,2025-04-30,paid_search,brand_search,,,0
512393,2025-04-30,referral,,,,0
512394,2025-04-30,paid_social,prospecting_video,,,0
512395,2025-04-30,paid_social,prospecting_video,,,0
512396,2025-04-30,paid_search,generic_search,,,0
512397,2025-04-30,paid_search,brand_search,,,0
512398,2025-04-30,paid_social,retargeting,,,0
512399,2025-04-30,paid_social,retargeting,,,0
512400,2025-04-30,paid_search,generic_search,,,0
512401,2025-04-30,paid_search,brand_search,,,0
512402,2025-04-30,paid_search,generic_search,,,0
512403,2025-04-30,paid_search,brand_search,,,0
512404,2025-04-30,paid_social,prospecting_video,,,0
512405,2025-04-30,paid_social,prospecting_video,,,0
512406,2025-04-30,paid_search,brand_search,2025-04-30,monthly,9.99
512407,2025-04-30,paid_search,brand_search,,,0
512408,2025-04-30,paid_social,prospecting_video,,,0
512409,2025-04-30,paid_social,prospecting_video,,,0
512410,2025-04-30,paid_social,prospecting_video,,,0
512411,2025-04-30,organic,,,,0
512412,2025-04-30,referral,,,,0
512413,2025-04-30,paid_social,retargeting,,,0
512414,2025-04-30,paid_social,retargeting,,,0
512415,2025-04-30,paid_social,retargeting,,,0
512416,2025-04-30,paid_social,retargeting,,,0
512417,2025-04-30,paid_social,prospecting_video,2025-05-07,annual,79.99
512418,2025-04-30,paid_social,prospecting_video,2025-04-30,monthly,29.97
512419,2025-04-30,paid_search,generic_search,2025-05-01,monthly,29.97
512420,2025-04-30,paid_social,prospecting_video,,,0
512421,2025-04-30,paid_search,brand_search,,,0
512422,2025-04-30,paid_social,retargeting,2025-04-30,monthly,29.97
512423,2025-04-30,paid_social,prospecting_video,,,0
512424,2025-04-30,organic,,,,0
512425,2025-04-30,paid_social,retargeting,,,0
512426,2025-04-30,organic,,,,0
512427,2025-04-30,paid_social,retargeting,,,0
512428,2025-04-30,organic,,,,0
512429,2025-04-30,organic,,,,0
512430,2025-04-30,paid_search,brand_search,2025-05-03,monthly,19.98
512431,2025-04-30,paid_search,generic_search,2025-05-06,annual,79.99
512432,2025-04-30,organic,,,,0
512433,2025-04-30,organic,,,,0
512434,2025-04-30,paid_search,brand_search,,,0
512435,2025-04-30,paid_social,prospecting_video,,,0
512436,2025-04-30,paid_search,brand_search,,,0
512437,2025-04-30,paid_search,brand_search,,,0
512438,2025-04-30,organic,,,,0
512439,2025-04-30,organic,,,,0
512440,2025-04-30,paid_social,prospecting_video,,,0
512441,2025-04-30,paid_search,brand_search,2025-05-07,monthly,19.98
512442,2025-04-30,organic,,,,0
512443,2025-04-30,paid_search,generic_search,2025-04-30,monthly,19.98
512444,2025-04-30,paid_search,generic_search,2025-05-02,monthly,29.97
512445,2025-04-30,paid_social,prospecting_video,,,0
512446,2025-04-30,paid_social,prospecting_video,,,0
512447,2025-04-30,organic,,,,0
512448,2025-04-30,paid_social,retargeting,,,0
512449,2025-04-30,paid_search,brand_search,,,0
512450,2025-04-30,paid_social,prospecting_video,,,0
512451,2025-04-30,paid_social,retargeting,,,0
512452,2025-04-30,organic,,,,0
512453,2025-04-30,paid_search,generic_search,,,0
512454,2025-04-30,paid_search,generic_search,2025-05-11,annual,79.99
512455,2025-04-30,paid_search,brand_search,2025-05-02,monthly,29.97
512456,2025-04-30,referral,,,,0
512457,2025-04-30,organic,,,,0
512458,2025-04-30,paid_social,retargeting,,,0
512459,2025-04-30,organic,,,,0
512460,2025-04-30,organic,,2025-05-02,monthly,29.97
512461,2025-04-30,paid_social,retargeting,,,0
512462,2025-04-30,paid_search,brand_search,,,0
512463,2025-04-30,paid_social,prospecting_video,,,0
512464,2025-04-30,paid_social,retargeting,,,0
512465,2025-04-30,paid_social,retargeting,,,0
512466,2025-04-30,paid_search,brand_search,,,0
512467,2025-04-30,paid_social,retargeting,,,0
512468,2025-04-30,paid_search,brand_search,,,0
512469,2025-05-01,paid_search,brand_search,,,0
512470,2025-05-01,paid_search,generic_search,,,0
512471,2025-05-01,paid_social,prospecting_video,,,0
512472,2025-05-01,paid_social,prospecting_video,,,0
512473,2025-05-01,paid_social,prospecting_video,,,0
512474,2025-05-01,paid_social,retargeting,,,0
512475,2025-05-01,paid_social,retargeting,2025-05-01,monthly,9.99
512476,2025-05-01,paid_search,brand_search,2025-05-03,annual,79.99
512477,2025-05-01,paid_social,prospecting_video,,,0
512478,2025-05-01,paid_social,prospecting_video,,,0
512479,2025-05-01,paid_search,brand_search,,,0
512480,2025-05-01,paid_search,brand_search,,,0
512481,2025-05-01,paid_social,retargeting,,,0
512482,2025-05-01,paid_social,retargeting,2025-05-02,annual,79.99
512483,2025-05-01,paid_social,prospecting_video,,,0
512484,2025-05-01,paid_social,prospecting_video,,,0
512485,2025-05-01,organic,,,,0
512486,2025-05-01,paid_social,prospecting_video,,,0
512487,2025-05-01,paid_social,prospecting_video,,,0
512488,2025-05-01,organic,,2025-05-03,monthly,29.97
512489,2025-05-01,organic,,,,0
512490,2025-05-01,paid_social,prospecting_video,,,0
512491,2025-05-01,organic,,,,0
512492,2025-05-01,paid_search,generic_search,,,0
512493,2025-05-01,paid_social,prospecting_video,,,0
512494,2025-05-01,paid_search,brand_search,,,0
512495,2025-05-01,paid_social,prospecting_video,,,0
512496,2025-05-01,paid_social,prospecting_video,,,0
512497,2025-05-01,paid_social,prospecting_video,,,0
512498,2025-05-01,paid_social,retargeting,2025-05-07,monthly,29.97
512499,2025-05-01,paid_social,prospecting_video,,,0
512500,2025-05-01,paid_search,brand_search,2025-05-01,annual,79.99
512501,2025-05-01,paid_social,prospecting_video,,,0
512502,2025-05-01,organic,,,,0
512503,2025-05-01,paid_social,retargeting,,,0
512504,2025-05-01,affiliate,finance_blogs,,,0
512505,2025-05-01,paid_social,retargeting,,,0
512506,2025-05-01,affiliate,finance_blogs,,,0
512507,2025-05-01,paid_social,prospecting_video,,,0
512508,2025-05-01,paid_social,prospecting_video,,,0
512509,2025-05-01,paid_social,prospecting_video,,,0
512510,2025-05-01,paid_social,prospecting_video,,,0
512511,2025-05-01,paid_social,prospecting_video,,,0
512512,2025-05-01,organic,,,,0
512513,2025-05-01,affiliate,finance_blogs,,,0
512514,2025-05-01,organic,,,,0
512515,2025-05-01,paid_social,prospecting_video,,,0
512516,2025-05-01,paid_social,prospecting_video,,,0
512517,2025-05-01,affiliate,finance_blogs,2025-05-03,annual,79.99
512518,2025-05-01,organic,,,,0
512519,2025-05-01,paid_social,prospecting_video,,,0
512520,2025-05-01,paid_social,prospecting_video,,,0
512521,2025-05-01,paid_social,retargeting,,,0
512522,2025-05-01,paid_search,generic_search,2025-05-01,monthly,29.97
512523,2025-05-01,paid_search,brand_search,2025-05-05,monthly,29.97
512524,2025-05-01,paid_social,prospecting_video,,,0
512525,2025-05-01,paid_social,prospecting_video,,,0
512526,2025-05-01,organic,,,,0
512527,2025-05-01,paid_search,brand_search,,,0
512528,2025-05-01,affiliate,finance_blogs,,,0
512529,2025-05-01,paid_social,prospecting_video,,,0
512530,2025-05-01,paid_search,brand_search,,,0
512531,2025-05-01,paid_social,prospecting_video,,,0
512532,2025-05-01,affiliate,finance_blogs,2025-05-05,monthly,29.97
512533,2025-05-01,paid_social,retargeting,,,0
512534,2025-05-01,organic,,,,0
512535,2025-05-01,paid_social,prospecting_video,,,0
512536,2025-05-01,paid_search,brand_search,,,0
512537,2025-05-01,paid_search,brand_search,,,0
512538,2025-05-01,organic,,,,0
512539,2025-05-01,organic,,,,0
512540,2025-05-01,paid_search,generic_search,2025-05-04,monthly,9.99
512541,2025-05-01,paid_search,brand_search,2025-05-01,annual,79.99
512542,2025-05-01,paid_social,retargeting,,,0
512543,2025-05-01,paid_social,prospecting_video,,,0
512544,2025-05-01,organic,,,,0
512545,2025-05-01,paid_search,brand_search,,,0
512546,2025-05-01,organic,,,,0
512547,2025-05-01,paid_social,prospecting_video,,,0
512548,2025-05-01,organic,,,,0
512549,2025-05-01,paid_social,prospecting_video,,,0
512550,2025-05-01,organic,,,,0
512551,2025-05-01,paid_search,generic_search,,,0
512552,2025-05-01,paid_social,prospecting_video,,,0
512553,2025-05-01,referral,,,,0
512554,2025-05-01,paid_social,prospecting_video,,,0
512555,2025-05-01,paid_social,prospecting_video,,,0
512556,2025-05-01,paid_social,prospecting_video,,,0
512557,2025-05-01,referral,,2025-05-05,monthly,29.97
512558,2025-05-01,paid_search,brand_search,,,0
512559,2025-05-01,paid_social,prospecting_video,,,0
512560,2025-05-01,paid_social,prospecting_video,,,0
512561,2025-05-01,paid_search,brand_search,2025-05-06,monthly,29.97
512562,2025-05-01,paid_social,prospecting_video,,,0
512563,2025-05-01,paid_search,generic_search,2025-05-04,annual,79.99
512564,2025-05-01,paid_social,retargeting,,,0
512565,2025-05-01,paid_social,prospecting_video,,,0
512566,2025-05-01,paid_social,prospecting_video,,,0
512567,2025-05-01,affiliate,finance_blogs,,,0
512568,2025-05-01,paid_social,prospecting_video,,,0
512569,2025-05-01,paid_search,brand_search,,,0
512570,2025-05-01,paid_social,prospecting_video,,,0
512571,2025-05-01,referral,,2025-05-14,monthly,19.98
512572,2025-05-01,organic,,,,0
512573,2025-05-01,organic,,,,0
512574,2025-05-01,organic,,,,0
512575,2025-05-01,paid_social,prospecting_video,,,0
512576,2025-05-02,organic,,2025-05-04,monthly,29.97
512577,2025-05-02,paid_search,generic_search,,,0
512578,2025-05-02,paid_search,brand_search,,,0
512579,2025-05-02,paid_social,prospecting_video,,,0
512580,2025-05-02,paid_search,brand_search,2025-05-03,monthly,29.97
512581,2025-05-02,paid_social,prospecting_video,,,0
512582,2025-05-02,paid_social,retargeting,,,0
512583,2025-05-02,paid_social,retargeting,2025-05-02,annual,79.99
512584,2025-05-02,paid_social,prospecting_video,,,0
512585,2025-05-02,paid_social,prospecting_video,,,0
512586,2025-05-02,affiliate,finance_blogs,2025-05-05,monthly,19.98
512587,2025-05-02,paid_search,brand_search,,,0
512588,2025-05-02,paid_search,generic_search,2025-05-15,annual,79.99
512589,2025-05-02,paid_search,generic_search,,,0
512590,2025-05-02,paid_social,prospecting_video,,,0
512591,2025-05-02,paid_search,brand_search,2025-05-15,annual,79.99
512592,2025-05-02,paid_search,brand_search,2025-05-02,monthly,9.99
512593,2025-05-02,referral,,,,0
512594,2025-05-02,paid_social,prospecting_video,,,0
512595,2025-05-02,referral,,,,0
512596,2025-05-02,paid_social,prospecting_video,,,0
512597,2025-05-02,paid_social,retargeting,,,0
512598,2025-05-02,affiliate,finance_blogs,,,0
512599,2025-05-02,paid_social,prospecting_video,,,0
512600,2025-05-02,organic,,,,0
512601,2025-05-02,paid_social,prospecting_video,,,0
512602,2025-05-02,paid_social,prospecting_video,,,0
512603,2025-05-02,paid_social,prospecting_video,,,0
512604,2025-05-02,paid_social,prospecting_video,,,0
512605,2025-05-02,organic,,,,0
512606,2025-05-02,paid_search,brand_search,2025-05-02,monthly,29.97
512607,2025-05-02,affiliate,finance_blogs,,,0
512608,2025-05-02,paid_social,prospecting_video,,,0
512609,2025-05-02,paid_search,brand_search,,,0
512610,2025-05-02,paid_social,retargeting,,,0
512611,2025-05-02,organic,,,,0
512612,2025-05-02,paid_search,generic_search,,,0
512613,2025-05-02,paid_search,brand_search,,,0
512614,2025-05-02,paid_search,brand_search,,,0
512615,2025-05-02,paid_social,prospecting_video,,,0
512616,2025-05-02,paid_social,retargeting,,,0
512617,2025-05-02,organic,,,,0
512618,2025-05-02,paid_social,retargeting,,,0
512619,2025-05-02,paid_social,retargeting,,,0
512620,2025-05-02,paid_social,prospecting_video,,,0
512621,2025-05-02,paid_search,brand_search,,,0
512622,2025-05-02,organic,,,,0
512623,2025-05-02,paid_social,retargeting,,,0
512624,2025-05-02,organic,,,,0
512625,2025-05-02,display,display_network,,,0
512626,2025-05-02,paid_social,prospecting_video,,,0
512627,2025-05-02,organic,,,,0
512628,2025-05-02,paid_social,prospecting_video,,,0
512629,2025-05-02,paid_search,generic_search,2025-05-05,monthly,29.97
512630,2025-05-02,paid_search,generic_search,2025-05-13,monthly,29.97
512631,2025-05-02,paid_social,prospecting_video,,,0
512632,2025-05-02,paid_search,brand_search,,,0
512633,2025-05-02,paid_social,prospecting_video,,,0
512634,2025-05-02,paid_search,generic_search,,,0
512635,2025-05-02,paid_social,retargeting,,,0
512636,2025-05-02,paid_social,prospecting_video,,,0
512637,2025-05-02,paid_social,retargeting,,,0
512638,2025-05-02,paid_social,prospecting_video,,,0
512639,2025-05-02,referral,,,,0
512640,2025-05-02,paid_social,prospecting_video,,,0
512641,2025-05-02,paid_search,generic_search,,,0
512642,2025-05-02,paid_search,generic_search,,,0
512643,2025-05-02,organic,,,,0
512644,2025-05-02,paid_search,brand_search,,,0
512645,2025-05-02,paid_search,brand_search,2025-05-03,annual,79.99
512646,2025-05-02,organic,,2025-05-03,monthly,29.97
512647,2025-05-02,paid_social,prospecting_video,,,0
512648,2025-05-02,organic,,,,0
512649,2025-05-02,paid_social,retargeting,,,0
512650,2025-05-02,paid_social,prospecting_video,2025-05-02,annual,79.99
512651,2025-05-02,organic,,,,0
512652,2025-05-02,paid_search,generic_search,,,0
512653,2025-05-02,paid_search,brand_search,,,0
512654,2025-05-02,paid_social,retargeting,,,0
512655,2025-05-02,paid_search,generic_search,,,0
512656,2025-05-02,paid_social,prospecting_video,,,0
512657,2025-05-02,paid_social,prospecting_video,,,0
512658,2025-05-02,paid_social,retargeting,,,0
512659,2025-05-02,referral,,,,0
512660,2025-05-02,paid_search,brand_search,,,0
512661,2025-05-02,paid_search,brand_search,,,0
512662,2025-05-02,paid_search,generic_search,2025-05-04,monthly,29.97
512663,2025-05-02,paid_social,prospecting_video,,,0
512664,2025-05-02,paid_social,prospecting_video,,,0
512665,2025-05-03,paid_social,prospecting_video,,,0
512666,2025-05-03,paid_social,retargeting,,,0
512667,2025-05-03,organic,,,,0
512668,2025-05-03,organic,,,,0
512669,2025-05-03,paid_social,prospecting_video,,,0
512670,2025-05-03,referral,,,,0
512671,2025-05-03,paid_social,prospecting_video,,,0
512672,2025-05-03,organic,,,,0
512673,2025-05-03,paid_social,prospecting_video,,,0
512674,2025-05-03,paid_social,prospecting_video,,,0
512675,2025-05-03,paid_social,prospecting_video,,,0
512676,2025-05-03,affiliate,finance_blogs,,,0
512677,2025-05-03,paid_search,generic_search,,,0
512678,2025-05-03,paid_social,prospecting_video,,,0
512679,2025-05-03,paid_social,retargeting,,,0
512680,2025-05-03,display,display_network,,,0
512681,2025-05-03,organic,,,,0
512682,2025-05-03,paid_social,prospecting_video,,,0
512683,2025-05-03,paid_social,prospecting_video,,,0
512684,2025-05-03,paid_social,prospecting_video,,,0
512685,2025-05-03,paid_social,retargeting,2025-05-07,monthly,29.97
512686,2025-05-03,paid_social,retargeting,2025-05-06,monthly,19.98
512687,2025-05-03,paid_social,prospecting_video,2025-05-09,annual,79.99
512688,2025-05-03,organic,,2025-05-05,monthly,19.98
512689,2025-05-03,referral,,,,0
512690,2025-05-03,paid_social,prospecting_video,,,0
512691,2025-05-03,paid_search,generic_search,,,0
512692,2025-05-03,paid_search,generic_search,,,0
512693,2025-05-03,organic,,,,0
512694,2025-05-03,paid_search,brand_search,2025-05-16,monthly,29.97
512695,2025-05-03,organic,,2025-05-10,monthly,19.98
512696,2025-05-03,paid_social,prospecting_video,,,0
512697,2025-05-03,paid_search,generic_search,,,0
512698,2025-05-03,paid_social,retargeting,,,0
512699,2025-05-03,paid_social,retargeting,,,0
512700,2025-05-03,paid_search,brand_search,2025-05-03,annual,79.99
512701,2025-05-03,paid_search,brand_search,,,0
512702,2025-05-03,organic,,,,0
512703,2025-05-03,organic,,,,0
512704,2025-05-03,paid_social,prospecting_video,,,0
512705,2025-05-03,organic,,,,0
512706,2025-05-03,paid_search,brand_search,,,0
512707,2025-05-03,paid_search,brand_search,,,0
512708,2025-05-03,referral,,,,0
512709,2025-05-03,paid_social,prospecting_video,,,0
512710,2025-05-03,paid_social,prospecting_video,,,0
512711,2025-05-03,paid_social,prospecting_video,,,0
512712,2025-05-03,organic,,,,0
512713,2025-05-03,paid_social,retargeting,,,0
512714,2025-05-03,organic,,,,0
512715,2025-05-03,paid_search,brand_search,2025-05-16,monthly,29.97
512716,2025-05-03,paid_search,brand_search,,,0
512717,2025-05-03,organic,,,,0
512718,2025-05-03,paid_search,brand_search,,,0
512719,2025-05-03,paid_social,prospecting_video,,,0
512720,2025-05-03,organic,,,,0
512721,2025-05-03,organic,,,,0
512722,2025-05-03,paid_social,prospecting_video,,,0
512723,2025-05-03,organic,,,,0
512724,2025-05-03,paid_social,prospecting_video,,,0
512725,2025-05-03,paid_social,retargeting,,,0
512726,2025-05-03,paid_search,brand_search,2025-05-04,monthly,29.97
512727,2025-05-03,organic,,,,0
512728,2025-05-03,paid_social,retargeting,,,0
512729,2025-05-03,paid_social,prospecting_video,,,0
512730,2025-05-03,organic,,,,0
512731,2025-05-03,organic,,,,0
512732,2025-05-03,affiliate,finance_blogs,,,0
512733,2025-05-03,organic,,,,0
512734,2025-05-03,paid_social,retargeting,,,0
512735,2025-05-03,paid_social,prospecting_video,,,0
512736,2025-05-03,organic,,,,0
512737,2025-05-03,organic,,,,0
512738,2025-05-03,referral,,,,0
512739,2025-05-03,paid_social,prospecting_video,,,0
512740,2025-05-03,organic,,,,0
512741,2025-05-03,referral,,,,0
512742,2025-05-03,paid_social,prospecting_video,,,0
512743,2025-05-03,paid_social,prospecting_video,,,0
512744,2025-05-03,paid_search,brand_search,2025-05-04,monthly,19.98
512745,2025-05-03,paid_search,brand_search,,,0
512746,2025-05-03,organic,,2025-05-06,annual,79.99
512747,2025-05-03,paid_social,prospecting_video,,,0
512748,2025-05-03,organic,,,,0
512749,2025-05-03,paid_social,prospecting_video,,,0
512750,2025-05-03,paid_social,prospecting_video,,,0
512751,2025-05-03,paid_social,prospecting_video,,,0
512752,2025-05-04,paid_search,brand_search,,,0
512753,2025-05-04,paid_search,brand_search,,,0
512754,2025-05-04,paid_search,brand_search,,,0
512755,2025-05-04,paid_social,prospecting_video,,,0
512756,2025-05-04,display,display_network,,,0
512757,2025-05-04,organic,,,,0
512758,2025-05-04,paid_search,brand_search,2025-05-04,monthly,19.98
512759,2025-05-04,paid_search,brand_search,,,0
512760,2025-05-04,paid_social,retargeting,,,0
512761,2025-05-04,paid_social,retargeting,,,0
512762,2025-05-04,paid_social,prospecting_video,,,0
512763,2025-05-04,paid_search,brand_search,2025-05-05,monthly,19.98
512764,2025-05-04,paid_search,brand_search,,,0
512765,2025-05-04,organic,,,,0
512766,2025-05-04,paid_social,retargeting,,,0
512767,2025-05-04,organic,,,,0
512768,2025-05-04,paid_search,brand_search,,,0
512769,2025-05-04,organic,,,,0
512770,2025-05-04,paid_social,prospecting_video,,,0
512771,2025-05-04,paid_social,prospecting_video,,,0
512772,2025-05-04,referral,,,,0
512773,2025-05-04,organic,,,,0
512774,2025-05-04,paid_social,prospecting_video,,,0
512775,2025-05-04,paid_social,prospecting_video,,,0
512776,2025-05-04,affiliate,finance_blogs,,,0
512777,2025-05-04,paid_search,brand_search,,,0
512778,2025-05-04,paid_social,prospecting_video,,,0
512779,2025-05-04,paid_social,prospecting_video,,,0
512780,2025-05-04,paid_social,prospecting_video,,,0
512781,2025-05-04,organic,,,,0
512782,2025-05-04,paid_social,prospecting_video,,,0
512783,2025-05-04,paid_social,retargeting,,,0
512784,2025-05-04,organic,,,,0
512785,2025-05-04,paid_search,brand_search,,,0
512786,2025-05-04,affiliate,finance_blogs,2025-05-06,annual,79.99
512787,2025-05-04,paid_social,retargeting,,,0
512788,2025-05-04,paid_social,prospecting_video,,,0
512789,2025-05-04,paid_social,retargeting,,,0
512790,2025-05-04,paid_social,retargeting,,,0
512791,2025-05-04,paid_social,retargeting,,,0
512792,2025-05-04,paid_social,prospecting_video,,,0
512793,2025-05-04,paid_social,prospecting_video,,,0
512794,2025-05-04,organic,,,,0
512795,2025-05-04,paid_social,prospecting_video,,,0
512796,2025-05-04,paid_social,retargeting,,,0
512797,2025-05-04,organic,,,,0
512798,2025-05-04,paid_search,brand_search,,,0
512799,2025-05-04,paid_social,prospecting_video,,,0
512800,2025-05-04,paid_social,prospecting_video,,,0
512801,2025-05-04,paid_social,prospecting_video,,,0
512802,2025-05-04,paid_search,generic_search,,,0
512803,2025-05-04,organic,,,,0
512804,2025-05-04,organic,,2025-05-06,annual,79.99
512805,2025-05-04,paid_social,prospecting_video,2025-05-15,annual,79.99
512806,2025-05-04,organic,,,,0
512807,2025-05-04,paid_social,prospecting_video,,,0
512808,2025-05-04,paid_social,prospecting_video,,,0
512809,2025-05-04,paid_social,prospecting_video,,,0
512810,2025-05-04,organic,,,,0
512811,2025-05-04,paid_social,prospecting_video,,,0
512812,2025-05-04,organic,,,,0
512813,2025-05-04,paid_social,retargeting,,,0
512814,2025-05-04,paid_social,prospecting_video,,,0
512815,2025-05-04,organic,,,,0
512816,2025-05-04,paid_search,brand_search,,,0
512817,2025-05-04,paid_social,prospecting_video,,,0
512818,2025-05-04,organic,,,,0
512819,2025-05-04,paid_social,prospecting_video,,,0
512820,2025-05-04,paid_social,prospecting_video,,,0
512821,2025-05-04,referral,,,,0
512822,2025-05-04,paid_search,brand_search,,,0
512823,2025-05-04,paid_search,generic_search,,,0
512824,2025-05-04,organic,,,,0
512825,2025-05-04,referral,,2025-05-05,annual,79.99
512826,2025-05-04,paid_social,prospecting_video,,,0
512827,2025-05-04,organic,,2025-05-10,monthly,29.97
512828,2025-05-04,organic,,,,0
512829,2025-05-04,referral,,,,0
512830,2025-05-04,paid_social,prospecting_video,,,0
512831,2025-05-04,organic,,2025-05-05,monthly,9.99
512832,2025-05-04,paid_search,brand_search,2025-05-06,monthly,29.97
512833,2025-05-04,paid_social,prospecting_video,,,0
512834,2025-05-04,organic,,,,0
512835,2025-05-04,paid_social,prospecting_video,,,0
512836,2025-05-04,organic,,,,0
512837,2025-05-04,paid_social,prospecting_video,,,0
512838,2025-05-04,paid_social,prospecting_video,,,0
512839,2025-05-04,affiliate,finance_blogs,,,0
512840,2025-05-04,organic,,,,0
512841,2025-05-04,paid_search,brand_search,,,0
512842,2025-05-04,paid_social,prospecting_video,,,0
512843,2025-05-04,organic,,,,0
512844,2025-05-04,display,display_network,,,0
512845,2025-05-04,paid_social,retargeting,,,0
512846,2025-05-04,paid_social,prospecting_video,,,0
512847,2025-05-04,display,display_network,,,0
512848,2025-05-04,paid_search,brand_search,,,0
512849,2025-05-04,paid_social,retargeting,,,0
512850,2025-05-04,paid_social,prospecting_video,,,0
512851,2025-05-04,affiliate,finance_blogs,,,0
512852,2025-05-04,organic,,,,0
512853,2025-05-04,paid_social,prospecting_video,,,0
512854,2025-05-04,paid_social,prospecting_video,,,0
512855,2025-05-04,affiliate,finance_blogs,2025-05-06,annual,79.99
512856,2025-05-04,paid_social,prospecting_video,,,0
512857,2025-05-04,organic,,,,0
512858,2025-05-04,organic,,,,0
512859,2025-05-04,paid_search,generic_search,,,0
512860,2025-05-04,organic,,,,0
512861,2025-05-05,organic,,,,0
512862,2025-05-05,paid_search,generic_search,,,0
512863,2025-05-05,paid_social,prospecting_video,,,0
512864,2025-05-05,paid_search,generic_search,,,0
512865,2025-05-05,paid_social,prospecting_video,,,0
512866,2025-05-05,organic,,,,0
512867,2025-05-05,paid_social,prospecting_video,,,0
512868,2025-05-05,paid_social,prospecting_video,,,0
512869,2025-05-05,display,display_network,,,0
512870,2025-05-05,paid_search,generic_search,,,0
512871,2025-05-05,paid_social,prospecting_video,,,0
512872,2025-05-05,paid_search,brand_search,,,0
512873,2025-05-05,affiliate,finance_blogs,2025-05-08,monthly,19.98
512874,2025-05-05,paid_social,retargeting,2025-05-07,monthly,19.98
512875,2025-05-05,paid_search,generic_search,2025-05-17,monthly,29.97
512876,2025-05-05,paid_social,prospecting_video,,,0
512877,2025-05-05,paid_social,prospecting_video,,,0
512878,2025-05-05,paid_search,brand_search,,,0
512879,2025-05-05,paid_search,brand_search,,,0
512880,2025-05-05,paid_search,brand_search,,,0
512881,2025-05-05,paid_search,generic_search,2025-05-06,annual,79.99
512882,2025-05-05,paid_social,prospecting_video,,,0
512883,2025-05-05,paid_social,retargeting,,,0
512884,2025-05-05,paid_social,prospecting_video,,,0
512885,2025-05-05,paid_social,prospecting_video,,,0
512886,2025-05-05,paid_social,retargeting,,,0
512887,2025-05-05,paid_search,brand_search,,,0
512888,2025-05-05,paid_search,brand_search,,,0
512889,2025-05-05,paid_social,prospecting_video,,,0
512890,2025-05-05,paid_social,prospecting_video,,,0
512891,2025-05-05,paid_search,generic_search,,,0
512892,2025-05-05,paid_social,prospecting_video,,,0
512893,2025-05-05,organic,,,,0
512894,2025-05-05,organic,,,,0
512895,2025-05-05,paid_social,retargeting,,,0
512896,2025-05-05,paid_search,generic_search,,,0
512897,2025-05-05,display,display_network,,,0
512898,2025-05-05,organic,,,,0
512899,2025-05-05,paid_search,brand_search,,,0
512900,2025-05-05,paid_social,prospecting_video,,,0
512901,2025-05-05,organic,,,,0
512902,2025-05-05,paid_social,retargeting,,,0
512903,2025-05-05,paid_social,prospecting_video,,,0
512904,2025-05-05,referral,,2025-05-16,monthly,29.97
512905,2025-05-05,paid_search,generic_search,2025-05-07,monthly,9.99
512906,2025-05-05,referral,,,,0
512907,2025-05-05,paid_social,retargeting,,,0
512908,2025-05-05,organic,,,,0
512909,2025-05-05,paid_social,retargeting,,,0
512910,2025-05-05,paid_social,prospecting_video,,,0
512911,2025-05-05,paid_search,brand_search,,,0
512912,2025-05-05,paid_social,prospecting_video,,,0
512913,2025-05-05,organic,,,,0
512914,2025-05-05,paid_social,prospecting_video,,,0
512915,2025-05-05,organic,,,,0
512916,2025-05-05,organic,,,,0
512917,2025-05-05,paid_social,prospecting_video,,,0
512918,2025-05-05,paid_social,prospecting_video,,,0
512919,2025-05-05,paid_social,prospecting_video,,,0
512920,2025-05-05,paid_social,prospecting_video,,,0
512921,2025-05-05,paid_social,retargeting,,,0
512922,2025-05-05,paid_social,prospecting_video,,,0
512923,2025-05-05,paid_social,prospecting_video,,,0
512924,2025-05-05,paid_social,retargeting,,,0
512925,2025-05-05,paid_social,prospecting_video,,,0
512926,2025-05-05,paid_social,retargeting,,,0
512927,2025-05-05,paid_search,generic_search,2025-05-07,monthly,29.97
512928,2025-05-05,organic,,,,0
512929,2025-05-05,paid_social,prospecting_video,,,0
512930,2025-05-05,paid_social,retargeting,,,0
512931,2025-05-05,organic,,2025-05-05,annual,79.99
512932,2025-05-05,paid_social,prospecting_video,,,0
512933,2025-05-05,paid_social,prospecting_video,,,0
512934,2025-05-05,affiliate,finance_blogs,,,0
512935,2025-05-05,organic,,,,0
512936,2025-05-05,paid_social,retargeting,,,0
512937,2025-05-05,paid_social,prospecting_video,,,0
512938,2025-05-05,paid_social,prospecting_video,,,0
512939,2025-05-05,paid_social,prospecting_video,,,0
512940,2025-05-05,paid_search,brand_search,,,0
512941,2025-05-05,paid_search,brand_search,2025-05-06,annual,79.99
512942,2025-05-05,paid_social,prospecting_video,,,0
512943,2025-05-05,paid_search,generic_search,,,0
512944,2025-05-05,paid_social,prospecting_video,,,0
512945,2025-05-05,paid_social,retargeting,2025-05-06,annual,79.99
512946,2025-05-05,paid_social,prospecting_video,,,0
512947,2025-05-05,paid_search,brand_search,,,0
512948,2025-05-05,organic,,,,0
512949,2025-05-05,paid_search,brand_search,,,0
512950,2025-05-05,organic,,,,0
512951,2025-05-05,affiliate,finance_blogs,,,0
512952,2025-05-05,affiliate,finance_blogs,,,0
512953,2025-05-05,paid_social,retargeting,,,0
512954,2025-05-05,paid_social,prospecting_video,,,0
512955,2025-05-05,paid_search,brand_search,,,0
512956,2025-05-05,paid_search,generic_search,,,0
512957,2025-05-05,paid_search,generic_search,2025-05-06,monthly,19.98
512958,2025-05-05,paid_social,retargeting,,,0
512959,2025-05-05,paid_social,prospecting_video,,,0
512960,2025-05-05,referral,,2025-05-10,annual,79.99
512961,2025-05-05,paid_social,prospecting_video,,,0
512962,2025-05-05,paid_social,prospecting_video,,,0
512963,2025-05-06,organic,,,,0
512964,2025-05-06,organic,,,,0
512965,2025-05-06,organic,,,,0
512966,2025-05-06,paid_search,brand_search,,,0
512967,2025-05-06,organic,,,,0
512968,2025-05-06,paid_social,prospecting_video,,,0
512969,2025-05-06,organic,,,,0
512970,2025-05-06,paid_search,brand_search,,,0
512971,2025-05-06,paid_social,prospecting_video,,,0
512972,2025-05-06,paid_social,retargeting,,,0
512973,2025-05-06,paid_search,generic_search,,,0
512974,2025-05-06,paid_social,retargeting,,,0
512975,2025-05-06,paid_search,brand_search,,,0
512976,2025-05-06,paid_social,retargeting,,,0
512977,2025-05-06,organic,,,,0
512978,2025-05-06,paid_social,prospecting_video,,,0
512979,2025-05-06,paid_social,prospecting_video,,,0
512980,2025-05-06,paid_social,prospecting_video,,,0
512981,2025-05-06,paid_search,brand_search,,,0
512982,2025-05-06,paid_social,prospecting_video,,,0
512983,2025-05-06,paid_search,brand_search,,,0
512984,2025-05-06,paid_social,retargeting,,,0
512985,2025-05-06,organic,,2025-05-12,monthly,29.97
512986,2025-05-06,organic,,,,0
512987,2025-05-06,paid_social,retargeting,,,0
512988,2025-05-06,paid_search,generic_search,2025-05-13,monthly,29.97
512989,2025-05-06,paid_social,prospecting_video,,,0
512990,2025-05-06,organic,,,,0
512991,2025-05-06,referral,,2025-05-10,monthly,29.97
512992,2025-05-06,paid_social,prospecting_video,,,0
512993,2025-05-06,paid_social,prospecting_video,,,0
512994,2025-05-06,paid_search,generic_search,,,0
512995,2025-05-06,paid_search,brand_search,2025-05-08,monthly,29.97
512996,2025-05-06,organic,,,,0
512997,2025-05-06,paid_social,retargeting,,,0
512998,2025-05-06,organic,,,,0
512999,2025-05-06,organic,,,,0
513000,2025-05-06,referral,,,,0
513001,2025-05-06,paid_social,retargeting,,,0
513002,2025-05-06,paid_search,brand_search,,,0
513003,2025-05-06,paid_social,prospecting_video,,,0
513004,2025-05-06,affiliate,finance_blogs,,,0
513005,2025-05-06,paid_search,generic_search,,,0
513006,2025-05-06,paid_social,prospecting_video,,,0
513007,2025-05-06,paid_search,brand_search,2025-05-13,monthly,29.97
513008,2025-05-06,paid_social,retargeting,,,0
513009,2025-05-06,organic,,,,0
513010,2025-05-06,paid_social,retargeting,,,0
513011,2025-05-06,organic,,2025-05-11,monthly,19.98
513012,2025-05-06,organic,,,,0
513013,2025-05-06,affiliate,finance_blogs,,,0
513014,2025-05-06,organic,,,,0
513015,2025-05-06,paid_social,prospecting_video,,,0
513016,2025-05-06,paid_social,prospecting_video,,,0
513017,2025-05-06,affiliate,finance_blogs,,,0
513018,2025-05-06,paid_social,prospecting_video,,,0
513019,2025-05-06,paid_search,generic_search,2025-05-10,monthly,29.97
513020,2025-05-06,paid_social,retargeting,,,0
513021,2025-05-06,referral,,,,0
513022,2025-05-06,organic,,,,0
513023,2025-05-06,paid_social,retargeting,,,0
513024,2025-05-06,paid_social,prospecting_video,,,0
513025,2025-05-06,organic,,,,0
513026,2025-05-06,organic,,,,0
513027,2025-05-06,organic,,,,0
513028,2025-05-06,organic,,,,0
513029,2025-05-06,paid_social,prospecting_video,,,0
513030,2025-05-06,paid_social,prospecting_video,,,0
513031,2025-05-06,affiliate,finance_blogs,,,0
513032,2025-05-06,organic,,,,0
513033,2025-05-06,paid_social,prospecting_video,,,0
513034,2025-05-06,paid_social,prospecting_video,,,0
513035,2025-05-06,organic,,,,0
513036,2025-05-06,paid_social,prospecting_video,,,0
513037,2025-05-06,organic,,,,0
513038,2025-05-06,paid_search,brand_search,,,0
513039,2025-05-06,referral,,,,0
513040,2025-05-06,organic,,2025-05-08,monthly,29.97
513041,2025-05-06,paid_social,retargeting,,,0
513042,2025-05-06,affiliate,finance_blogs,,,0
513043,2025-05-06,paid_social,prospecting_video,,,0
513044,2025-05-06,paid_social,prospecting_video,,,0
513045,2025-05-06,paid_search,brand_search,,,0
513046,2025-05-06,paid_social,prospecting_video,,,0
513047,2025-05-06,paid_social,prospecting_video,,,0
513048,2025-05-06,paid_search,generic_search,2025-05-17,monthly,29.97
513049,2025-05-06,paid_social,prospecting_video,,,0
513050,2025-05-06,affiliate,finance_blogs,,,0
513051,2025-05-06,organic,,,,0
513052,2025-05-06,paid_social,retargeting,,,0
513053,2025-05-06,paid_search,brand_search,,,0
513054,2025-05-06,organic,,,,0
513055,2025-05-06,paid_search,brand_search,,,0
513056,2025-05-06,paid_search,brand_search,2025-05-07,monthly,29.97
513057,2025-05-06,paid_social,prospecting_video,,,0
513058,2025-05-06,paid_social,prospecting_video,,,0
513059,2025-05-07,referral,,2025-05-14,annual,79.99
513060,2025-05-07,paid_social,prospecting_video,,,0
513061,2025-05-07,organic,,,,0
513062,2025-05-07,organic,,,,0
513063,2025-05-07,paid_social,prospecting_video,,,0
513064,2025-05-07,paid_social,prospecting_video,2025-05-10,monthly,29.97
513065,2025-05-07,referral,,,,0
513066,2025-05-07,paid_search,brand_search,,,0
513067,2025-05-07,paid_search,generic_search,2025-05-11,monthly,19.98
513068,2025-05-07,paid_search,brand_search,,,0
513069,2025-05-07,affiliate,finance_blogs,,,0
513070,2025-05-07,referral,,2025-05-08,annual,79.99
513071,2025-05-07,paid_social,prospecting_video,2025-05-07,monthly,19.98
513072,2025-05-07,paid_social,retargeting,,,0
513073,2025-05-07,paid_social,prospecting_video,,,0
513074,2025-05-07,paid_social,retargeting,,,0
513075,2025-05-07,paid_search,generic_search,,,0
513076,2025-05-07,organic,,,,0
513077,2025-05-07,paid_social,retargeting,2025-05-10,monthly,29.97
513078,2025-05-07,paid_social,prospecting_video,,,0
513079,2025-05-07,organic,,,,0
513080,2025-05-07,referral,,,,0
513081,2025-05-07,organic,,2025-05-10,monthly,29.97
513082,2025-05-07,referral,,,,0
513083,2025-05-07,paid_social,prospecting_video,,,0
513084,2025-05-07,paid_social,prospecting_video,,,0
513085,2025-05-07,paid_social,prospecting_video,,,0
513086,2025-05-07,paid_search,generic_search,,,0
513087,2025-05-07,organic,,,,0
513088,2025-05-07,paid_search,generic_search,,,0
513089,2025-05-07,paid_search,brand_search,,,0
513090,2025-05-07,referral,,,,0
513091,2025-05-07,paid_social,prospecting_video,,,0
513092,2025-05-07,referral,,2025-05-07,monthly,9.99
513093,2025-05-07,paid_search,generic_search,,,0
513094,2025-05-07,organic,,,,0
513095,2025-05-07,paid_social,prospecting_video,,,0
513096,2025-05-07,organic,,,,0
513097,2025-05-07,paid_social,prospecting_video,,,0
513098,2025-05-07,paid_search,brand_search,2025-05-09,monthly,29.97
513099,2025-05-07,paid_social,prospecting_video,,,0
513100,2025-05-07,paid_search,generic_search,,,0
513101,2025-05-07,paid_social,retargeting,,,0
513102,2025-05-07,display,display_network,,,0
513103,2025-05-07,affiliate,finance_blogs,,,0
513104,2025-05-07,organic,,,,0
513105,2025-05-07,organic,,,,0
513106,2025-05-07,paid_search,generic_search,,,0
513107,2025-05-07,paid_search,brand_search,,,0
513108,2025-05-07,paid_search,brand_search,,,0
513109,2025-05-07,paid_social,prospecting_video,,,0
513110,2025-05-07,paid_social,retargeting,,,0
513111,2025-05-07,paid_social,prospecting_video,,,0
513112,2025-05-07,paid_social,prospecting_video,,,0
513113,2025-05-07,paid_search,brand_search,,,0
513114,2025-05-07,paid_social,retargeting,,,0
513115,2025-05-07,paid_search,generic_search,,,0
513116,2025-05-07,referral,,,,0
513117,2025-05-07,paid_search,generic_search,,,0
513118,2025-05-07,paid_social,prospecting_video,,,0
513119,2025-05-07,referral,,,,0
513120,2025-05-07,paid_search,brand_search,,,0
513121,2025-05-07,paid_social,retargeting,,,0
513122,2025-05-07,paid_social,retargeting,2025-05-10,monthly,29.97
513123,2025-05-07,paid_social,prospecting_video,,,0
513124,2025-05-07,paid_social,retargeting,,,0
513125,2025-05-07,organic,,,,0
513126,2025-05-07,organic,,,,0
513127,2025-05-07,referral,,,,0
513128,2025-05-07,paid_social,retargeting,,,0
513129,2025-05-07,paid_social,prospecting_video,,,0
513130,2025-05-07,paid_social,prospecting_video,,,0
513131,2025-05-07,paid_social,prospecting_video,,,0
513132,2025-05-07,paid_social,prospecting_video,2025-05-16,monthly,19.98
513133,2025-05-07,paid_social,prospecting_video,,,0
513134,2025-05-07,organic,,,,0
513135,2025-05-07,paid_social,retargeting,,,0
513136,2025-05-07,paid_social,prospecting_video,,,0
513137,2025-05-07,paid_search,generic_search,2025-05-09,annual,79.99
513138,2025-05-07,organic,,,,0
513139,2025-05-07,paid_social,prospecting_video,,,0
513140,2025-05-07,paid_search,generic_search,,,0
513141,2025-05-07,paid_social,prospecting_video,,,0
513142,2025-05-07,paid_social,prospecting_video,,,0
513143,2025-05-07,paid_search,generic_search,,,0
513144,2025-05-07,paid_search,generic_search,,,0
513145,2025-05-07,paid_social,retargeting,,,0
513146,2025-05-07,paid_search,generic_search,,,0
513147,2025-05-07,organic,,,,0
513148,2025-05-07,paid_search,generic_search,2025-05-13,monthly,29.97
513149,2025-05-07,organic,,,,0
513150,2025-05-07,paid_social,prospecting_video,2025-05-11,monthly,29.97
513151,2025-05-07,paid_search,brand_search,,,0
513152,2025-05-07,paid_search,brand_search,2025-05-08,monthly,9.99
513153,2025-05-07,organic,,,,0
513154,2025-05-07,organic,,,,0
513155,2025-05-07,organic,,,,0
513156,2025-05-08,paid_social,prospecting_video,,,0
513157,2025-05-08,affiliate,finance_blogs,,,0
513158,2025-05-08,referral,,,,0
513159,2025-05-08,paid_social,prospecting_video,,,0
513160,2025-05-08,affiliate,finance_blogs,,,0
513161,2025-05-08,paid_social,retargeting,,,0
513162,2025-05-08,affiliate,finance_blogs,,,0
513163,2025-05-08,paid_search,generic_search,,,0
513164,2025-05-08,paid_social,prospecting_video,,,0
513165,2025-05-08,paid_social,prospecting_video,,,0
513166,2025-05-08,paid_search,brand_search,,,0
513167,2025-05-08,paid_search,brand_search,2025-05-10,monthly,29.97
513168,2025-05-08,paid_social,retargeting,,,0
513169,2025-05-08,affiliate,finance_blogs,2025-05-11,monthly,29.97
513170,2025-05-08,organic,,,,0
513171,2025-05-08,paid_social,prospecting_video,,,0
513172,2025-05-08,paid_search,generic_search,,,0
513173,2025-05-08,paid_social,prospecting_video,,,0
513174,2025-05-08,paid_social,prospecting_video,,,0
513175,2025-05-08,paid_social,prospecting_video,2025-05-11,monthly,29.97
513176,2025-05-08,paid_search,brand_search,,,0
513177,2025-05-08,paid_social,prospecting_video,,,0
513178,2025-05-08,paid_social,prospecting_video,,,0
513179,2025-05-08,paid_search,brand_search,,,0
513180,2025-05-08,paid_social,prospecting_video,,,0
513181,2025-05-08,paid_search,brand_search,,,0
513182,2025-05-08,paid_social,prospecting_video,,,0
513183,2025-05-08,paid_social,prospecting_video,,,0
513184,2025-05-08,paid_search,brand_search,,,0
513185,2025-05-08,paid_social,prospecting_video,,,0
513186,2025-05-08,paid_search,brand_search,,,0
513187,2025-05-08,paid_search,brand_search,2025-05-15,annual,79.99
513188,2025-05-08,organic,,,,0
513189,2025-05-08,organic,,,,0
513190,2025-05-08,paid_social,prospecting_video,,,0
513191,2025-05-08,paid_social,prospecting_video,,,0
513192,2025-05-08,referral,,,,0
513193,2025-05-08,paid_social,prospecting_video,,,0
513194,2025-05-08,paid_search,generic_search,2025-05-10,monthly,29.97
513195,2025-05-08,paid_social,prospecting_video,,,0
513196,2025-05-08,paid_social,prospecting_video,,,0
513197,2025-05-08,paid_social,retargeting,,,0
513198,2025-05-08,organic,,,,0
513199,2025-05-08,organic,,2025-05-08,annual,79.99
513200,2025-05-08,paid_social,retargeting,,,0
513201,2025-05-08,paid_social,prospecting_video,,,0
513202,2025-05-08,paid_search,generic_search,,,0
513203,2025-05-08,paid_social,retargeting,2025-05-18,monthly,29.97
513204,2025-05-08,paid_social,prospecting_video,,,0
513205,2025-05-08,paid_social,retargeting,2025-05-12,monthly,9.99
513206,2025-05-08,paid_social,retargeting,,,0
513207,2025-05-08,paid_social,retargeting,,,0
513208,2025-05-08,paid_social,prospecting_video,,,0
513209,2025-05-08,paid_social,retargeting,2025-05-10,monthly,29.97
513210,2025-05-08,paid_search,generic_search,,,0
513211,2025-05-08,referral,,,,0
513212,2025-05-08,organic,,,,0
513213,2025-05-08,paid_social,prospecting_video,,,0
513214,2025-05-08,paid_search,generic_search,,,0
513215,2025-05-08,referral,,,,0
513216,2025-05-08,organic,,,,0
513217,2025-05-08,paid_social,prospecting_video,,,0
513218,2025-05-08,paid_social,prospecting_video,,,0
513219,2025-05-08,paid_social,prospecting_video,,,0
513220,2025-05-08,paid_social,retargeting,,,0
513221,2025-05-08,paid_social,prospecting_video,,,0
513222,2025-05-08,affiliate,finance_blogs,,,0
513223,2025-05-08,paid_search,brand_search,2025-05-10,monthly,29.97
513224,2025-05-08,organic,,,,0
513225,2025-05-08,paid_social,retargeting,,,0
513226,2025-05-08,paid_search,generic_search,2025-05-08,monthly,9.99
513227,2025-05-08,organic,,2025-05-15,annual,79.99
513228,2025-05-08,paid_social,prospecting_video,,,0
513229,2025-05-08,paid_search,brand_search,,,0
513230,2025-05-08,paid_social,prospecting_video,,,0
513231,2025-05-08,paid_social,prospecting_video,,,0
513232,2025-05-08,paid_social,retargeting,,,0
513233,2025-05-08,paid_social,retargeting,,,0
513234,2025-05-08,paid_social,prospecting_video,,,0
513235,2025-05-08,organic,,,,0
513236,2025-05-08,organic,,,,0
513237,2025-05-08,organic,,,,0
513238,2025-05-08,paid_social,prospecting_video,,,0
513239,2025-05-08,paid_social,retargeting,,,0
513240,2025-05-08,paid_social,retargeting,,,0
513241,2025-05-08,paid_social,prospecting_video,,,0
513242,2025-05-08,paid_search,generic_search,,,0
513243,2025-05-08,paid_social,retargeting,,,0
513244,2025-05-08,affiliate,finance_blogs,,,0
513245,2025-05-08,paid_social,prospecting_video,,,0
513246,2025-05-08,paid_search,generic_search,,,0
513247,2025-05-08,organic,,,,0
513248,2025-05-08,paid_social,retargeting,2025-05-20,monthly,29.97
513249,2025-05-09,paid_social,prospecting_video,,,0
513250,2025-05-09,paid_search,brand_search,,,0
513251,2025-05-09,referral,,,,0
513252,2025-05-09,paid_search,generic_search,,,0
513253,2025-05-09,paid_social,retargeting,,,0
513254,2025-05-09,paid_search,generic_search,,,0
513255,2025-05-09,paid_search,brand_search,2025-05-22,monthly,29.97
513256,2025-05-09,paid_search,brand_search,,,0
513257,2025-05-09,paid_social,prospecting_video,,,0
513258,2025-05-09,paid_search,brand_search,,,0
513259,2025-05-09,paid_social,prospecting_video,,,0
513260,2025-05-09,paid_social,prospecting_video,,,0
513261,2025-05-09,paid_social,retargeting,,,0
513262,2025-05-09,paid_social,prospecting_video,,,0
513263,2025-05-09,affiliate,finance_blogs,,,0
513264,2025-05-09,paid_search,generic_search,,,0
513265,2025-05-09,paid_social,prospecting_video,,,0
513266,2025-05-09,paid_social,prospecting_video,,,0
513267,2025-05-09,paid_social,prospecting_video,,,0
513268,2025-05-09,affiliate,finance_blogs,,,0
513269,2025-05-09,paid_search,brand_search,,,0
513270,2025-05-09,organic,,,,0
513271,2025-05-09,affiliate,finance_blogs,,,0
513272,2025-05-09,paid_search,brand_search,,,0
513273,2025-05-09,paid_search,brand_search,,,0
513274,2025-05-09,organic,,,,0
513275,2025-05-09,affiliate,finance_blogs,2025-05-22,monthly,19.98
513276,2025-05-09,paid_social,prospecting_video,,,0
513277,2025-05-09,paid_social,retargeting,,,0
513278,2025-05-09,paid_social,prospecting_video,,,0
513279,2025-05-09,paid_social,prospecting_video,,,0
513280,2025-05-09,organic,,,,0
513281,2025-05-09,paid_search,brand_search,,,0
513282,2025-05-09,organic,,,,0
513283,2025-05-09,organic,,,,0
513284,2025-05-09,paid_social,retargeting,,,0
513285,2025-05-09,paid_social,retargeting,,,0
513286,2025-05-09,referral,,2025-05-09,annual,79.99
513287,2025-05-09,paid_social,retargeting,,,0
513288,2025-05-09,paid_social,prospecting_video,,,0
513289,2025-05-09,paid_search,brand_search,,,0
513290,2025-05-09,paid_social,prospecting_video,,,0
513291,2025-05-09,paid_social,prospecting_video,,,0
513292,2025-05-09,paid_social,retargeting,,,0
513293,2025-05-09,paid_social,retargeting,,,0
513294,2025-05-09,paid_social,prospecting_video,,,0
513295,2025-05-09,referral,,,,0
513296,2025-05-09,referral,,,,0
513297,2025-05-09,paid_social,prospecting_video,,,0
513298,2025-05-09,paid_search,brand_search,2025-05-09,monthly,9.99
513299,2025-05-09,paid_search,generic_search,,,0
513300,2025-05-09,paid_social,prospecting_video,,,0
513301,2025-05-09,organic,,,,0
513302,2025-05-09,paid_social,prospecting_video,,,0
513303,2025-05-09,paid_social,prospecting_video,,,0
513304,2025-05-09,paid_social,prospecting_video,,,0
513305,2025-05-09,organic,,,,0
513306,2025-05-09,paid_search,brand_search,,,0
513307,2025-05-09,paid_social,prospecting_video,,,0
513308,2025-05-09,paid_social,prospecting_video,,,0
513309,2025-05-09,paid_social,retargeting,,,0
513310,2025-05-09,referral,,,,0
513311,2025-05-09,paid_social,retargeting,,,0
513312,2025-05-09,organic,,2025-05-12,monthly,9.99
513313,2025-05-09,paid_social,retargeting,,,0
513314,2025-05-09,paid_search,brand_search,,,0
513315,2025-05-09,paid_social,retargeting,,,0
513316,2025-05-09,paid_social,prospecting_video,,,0
513317,2025-05-09,paid_search,generic_search,,,0
513318,2025-05-09,paid_social,prospecting_video,,,0
513319,2025-05-09,paid_search,generic_search,,,0
513320,2025-05-09,paid_search,brand_search,2025-05-16,monthly,29.97
513321,2025-05-09,paid_social,prospecting_video,,,0
513322,2025-05-09,paid_social,retargeting,,,0
513323,2025-05-09,paid_search,brand_search,,,0
513324,2025-05-09,paid_social,retargeting,,,0
513325,2025-05-09,paid_search,generic_search,,,0
513326,2025-05-09,display,display_network,,,0
513327,2025-05-09,organic,,,,0
513328,2025-05-09,paid_social,retargeting,,,0
513329,2025-05-09,paid_social,retargeting,,,0
513330,2025-05-09,organic,,,,0
513331,2025-05-09,paid_social,retargeting,2025-05-09,annual,79.99
513332,2025-05-09,paid_social,prospecting_video,,,0
513333,2025-05-09,paid_social,prospecting_video,,,0
513334,2025-05-09,paid_social,prospecting_video,,,0
513335,2025-05-09,paid_search,generic_search,,,0
513336,2025-05-09,paid_social,retargeting,,,0
513337,2025-05-09,paid_social,retargeting,,,0
513338,2025-05-09,paid_search,brand_search,,,0
513339,2025-05-09,display,display_network,,,0
513340,2025-05-09,paid_search,brand_search,,,0
513341,2025-05-09,paid_social,prospecting_video,,,0
513342,2025-05-09,paid_social,retargeting,,,0
513343,2025-05-09,paid_social,prospecting_video,,,0
513344,2025-05-09,paid_search,generic_search,,,0
513345,2025-05-09,organic,,,,0
513346,2025-05-09,paid_search,generic_search,,,0
513347,2025-05-09,paid_social,prospecting_video,,,0
513348,2025-05-10,organic,,,,0
513349,2025-05-10,paid_social,prospecting_video,,,0
513350,2025-05-10,referral,,2025-05-10,annual,79.99
513351,2025-05-10,organic,,,,0
513352,2025-05-10,paid_social,retargeting,,,0
513353,2025-05-10,organic,,,,0
513354,2025-05-10,paid_social,prospecting_video,,,0
513355,2025-05-10,organic,,,,0
513356,2025-05-10,paid_search,generic_search,,,0
513357,2025-05-10,paid_social,retargeting,,,0
513358,2025-05-10,paid_social,prospecting_video,,,0
513359,2025-05-10,paid_social,retargeting,,,0
513360,2025-05-10,organic,,,,0
513361,2025-05-10,paid_social,prospecting_video,,,0
513362,2025-05-10,referral,,,,0
513363,2025-05-10,paid_search,brand_search,,,0
513364,2025-05-10,paid_search,brand_search,2025-05-12,monthly,29.97
513365,2025-05-10,paid_social,prospecting_video,,,0
513366,2025-05-10,paid_search,generic_search,,,0
513367,2025-05-10,paid_social,prospecting_video,,,0
513368,2025-05-10,affiliate,finance_blogs,,,0
513369,2025-05-10,organic,,,,0
513370,2025-05-10,paid_search,generic_search,,,0
513371,2025-05-10,paid_social,prospecting_video,,,0
513372,2025-05-10,paid_social,prospecting_video,,,0
513373,2025-05-10,paid_search,generic_search,2025-05-10,monthly,29.97
513374,2025-05-10,paid_social,prospecting_video,,,0
513375,2025-05-10,paid_social,prospecting_video,,,0
513376,2025-05-10,paid_search,generic_search,,,0
513377,2025-05-10,paid_search,brand_search,,,0
513378,2025-05-10,display,display_network,,,0
513379,2025-05-10,paid_social,prospecting_video,,,0
513380,2025-05-10,paid_search,generic_search,,,0
513381,2025-05-10,paid_social,retargeting,,,0
513382,2025-05-10,affiliate,finance_blogs,,,0
513383,2025-05-10,organic,,,,0
513384,2025-05-10,paid_search,brand_search,2025-05-14,monthly,29.97
513385,2025-05-10,referral,,,,0
513386,2025-05-10,referral,,,,0
513387,2025-05-10,affiliate,finance_blogs,,,0
513388,2025-05-10,paid_social,prospecting_video,,,0
513389,2025-05-10,paid_search,generic_search,,,0
513390,2025-05-10,organic,,,,0
513391,2025-05-10,organic,,,,0
513392,2025-05-10,organic,,,,0
513393,2025-05-10,paid_social,prospecting_video,,,0
513394,2025-05-10,organic,,,,0
513395,2025-05-10,paid_social,prospecting_video,2025-05-11,monthly,29.97
513396,2025-05-10,paid_social,prospecting_video,,,0
513397,2025-05-10,paid_social,prospecting_video,2025-05-12,monthly,29.97
513398,2025-05-10,organic,,,,0
513399,2025-05-10,paid_social,prospecting_video,,,0
513400,2025-05-10,paid_search,brand_search,,,0
513401,2025-05-10,paid_search,brand_search,2025-05-12,annual,79.99
513402,2025-05-10,paid_social,retargeting,,,0
513403,2025-05-10,display,display_network,,,0
513404,2025-05-10,organic,,,,0
513405,2025-05-10,paid_search,generic_search,,,0
513406,2025-05-10,paid_search,brand_search,,,0
513407,2025-05-10,paid_social,retargeting,,,0
513408,2025-05-10,organic,,,,0
513409,2025-05-10,referral,,,,0
513410,2025-05-10,paid_social,retargeting,,,0
513411,2025-05-10,paid_social,retargeting,,,0
513412,2025-05-10,affiliate,finance_blogs,,,0
513413,2025-05-10,paid_search,generic_search,,,0
513414,2025-05-10,paid_search,brand_search,,,0
513415,2025-05-10,organic,,2025-05-10,annual,79.99
513416,2025-05-10,affiliate,finance_blogs,,,0
513417,2025-05-10,organic,,,,0
513418,2025-05-10,paid_social,prospecting_video,,,0
513419,2025-05-10,paid_social,prospecting_video,,,0
513420,2025-05-10,organic,,2025-05-14,annual,79.99
513421,2025-05-10,display,display_network,,,0
513422,2025-05-10,paid_search,generic_search,,,0
513423,2025-05-10,paid_search,generic_search,,,0
513424,2025-05-10,paid_social,retargeting,,,0
513425,2025-05-10,organic,,,,0
513426,2025-05-10,organic,,,,0
513427,2025-05-10,referral,,,,0
513428,2025-05-10,paid_search,generic_search,,,0
513429,2025-05-10,paid_social,retargeting,,,0
513430,2025-05-10,organic,,,,0
513431,2025-05-10,paid_social,prospecting_video,,,0
513432,2025-05-10,organic,,,,0
513433,2025-05-10,paid_search,generic_search,,,0
513434,2025-05-10,paid_social,prospecting_video,2025-05-10,annual,79.99
513435,2025-05-10,organic,,,,0
513436,2025-05-10,paid_social,prospecting_video,,,0
513437,2025-05-10,paid_search,generic_search,,,0
513438,2025-05-10,paid_search,generic_search,,,0
513439,2025-05-10,paid_search,brand_search,2025-05-11,monthly,29.97
513440,2025-05-10,organic,,,,0
513441,2025-05-10,organic,,,,0
513442,2025-05-10,paid_social,prospecting_video,,,0
513443,2025-05-10,paid_social,retargeting,,,0
513444,2025-05-10,paid_social,prospecting_video,,,0
513445,2025-05-10,paid_social,prospecting_video,,,0
513446,2025-05-10,paid_search,brand_search,2025-05-12,monthly,19.98
513447,2025-05-10,paid_social,retargeting,2025-05-12,monthly,9.99
513448,2025-05-10,paid_social,prospecting_video,,,0
513449,2025-05-10,organic,,,,0
513450,2025-05-10,paid_social,prospecting_video,,,0
513451,2025-05-10,paid_search,brand_search,,,0
513452,2025-05-10,organic,,,,0
513453,2025-05-10,paid_social,prospecting_video,,,0
513454,2025-05-10,paid_social,prospecting_video,,,0
513455,2025-05-10,paid_social,prospecting_video,,,0
513456,2025-05-10,affiliate,finance_blogs,,,0
513457,2025-05-11,paid_social,prospecting_video,,,0
513458,2025-05-11,referral,,,,0
513459,2025-05-11,paid_search,generic_search,,,0
513460,2025-05-11,organic,,,,0
513461,2025-05-11,referral,,,,0
513462,2025-05-11,paid_search,generic_search,,,0
513463,2025-05-11,paid_search,generic_search,,,0
513464,2025-05-11,organic,,2025-05-19,annual,79.99
513465,2025-05-11,paid_social,retargeting,,,0
513466,2025-05-11,paid_search,brand_search,,,0
513467,2025-05-11,paid_search,brand_search,2025-05-13,monthly,29.97
513468,2025-05-11,affiliate,finance_blogs,,,0
513469,2025-05-11,paid_social,prospecting_video,,,0
513470,2025-05-11,paid_social,prospecting_video,,,0
513471,2025-05-11,referral,,,,0
513472,2025-05-11,affiliate,finance_blogs,2025-05-15,monthly,19.98
513473,2025-05-11,paid_search,generic_search,2025-05-11,monthly,9.99
513474,2025-05-11,paid_search,generic_search,2025-05-14,monthly,9.99
513475,2025-05-11,affiliate,finance_blogs,,,0
513476,2025-05-11,paid_search,generic_search,,,0
513477,2025-05-11,organic,,,,0
513478,2025-05-11,paid_search,brand_search,2025-05-13,annual,79.99
513479,2025-05-11,paid_social,retargeting,,,0
513480,2025-05-11,paid_social,prospecting_video,,,0
513481,2025-05-11,paid_social,prospecting_video,,,0
513482,2025-05-11,paid_social,retargeting,,,0
513483,2025-05-11,paid_social,prospecting_video,,,0
513484,2025-05-11,paid_search,brand_search,,,0
513485,2025-05-11,organic,,,,0
513486,2025-05-11,organic,,,,0
513487,2025-05-11,paid_search,generic_search,,,0
513488,2025-05-11,paid_search,brand_search,2025-05-12,monthly,19.98
513489,2025-05-11,organic,,,,0
513490,2025-05-11,paid_social,prospecting_video,,,0
513491,2025-05-11,organic,,,,0
513492,2025-05-11,paid_social,prospecting_video,,,0
513493,2025-05-11,organic,,,,0
513494,2025-05-11,paid_social,retargeting,,,0
513495,2025-05-11,paid_social,prospecting_video,,,0
513496,2025-05-11,organic,,,,0
513497,2025-05-11,organic,,,,0
513498,2025-05-11,paid_search,brand_search,,,0
513499,2025-05-11,display,display_network,,,0
513500,2025-05-11,organic,,,,0
513501,2025-05-11,paid_social,prospecting_video,,,0
513502,2025-05-11,paid_social,prospecting_video,,,0
513503,2025-05-11,paid_social,prospecting_video,,,0
513504,2025-05-11,referral,,2025-05-15,annual,79.99
513505,2025-05-11,organic,,,,0
513506,2025-05-11,paid_social,retargeting,,,0
513507,2025-05-11,paid_social,prospecting_video,,,0
513508,2025-05-11,organic,,,,0
513509,2025-05-11,paid_social,retargeting,,,0
513510,2025-05-11,organic,,,,0
513511,2025-05-11,organic,,,,0
513512,2025-05-11,paid_social,retargeting,,,0
513513,2025-05-11,paid_search,generic_search,,,0
513514,2025-05-11,paid_social,prospecting_video,,,0
513515,2025-05-11,paid_social,prospecting_video,,,0
513516,2025-05-11,paid_social,retargeting,,,0
513517,2025-05-11,organic,,,,0
513518,2025-05-11,referral,,,,0
513519,2025-05-11,paid_social,prospecting_video,,,0
513520,2025-05-11,paid_search,generic_search,,,0
513521,2025-05-11,referral,,,,0
513522,2025-05-11,organic,,,,0
513523,2025-05-11,paid_social,prospecting_video,,,0
513524,2025-05-11,paid_social,retargeting,,,0
513525,2025-05-11,paid_social,retargeting,2025-05-13,monthly,29.97
513526,2025-05-11,paid_search,brand_search,,,0
513527,2025-05-11,display,display_network,,,0
513528,2025-05-11,paid_social,prospecting_video,,,0
513529,2025-05-11,paid_social,prospecting_video,,,0
513530,2025-05-11,organic,,,,0
513531,2025-05-11,organic,,2025-05-13,monthly,29.97
513532,2025-05-11,organic,,,,0
513533,2025-05-11,organic,,,,0
513534,2025-05-11,paid_social,retargeting,,,0
513535,2025-05-11,organic,,,,0
513536,2025-05-11,paid_social,prospecting_video,,,0
513537,2025-05-11,paid_social,prospecting_video,,,0
513538,2025-05-11,paid_search,generic_search,2025-05-15,annual,79.99
513539,2025-05-11,paid_search,generic_search,2025-05-16,monthly,9.99
513540,2025-05-11,organic,,,,0
513541,2025-05-11,paid_social,prospecting_video,,,0
513542,2025-05-11,organic,,,,0
513543,2025-05-11,paid_social,retargeting,,,0
513544,2025-05-11,organic,,,,0
513545,2025-05-11,paid_social,prospecting_video,,,0
513546,2025-05-11,paid_social,prospecting_video,,,0
513547,2025-05-11,paid_search,brand_search,,,0
513548,2025-05-11,paid_social,prospecting_video,,,0
513549,2025-05-11,paid_search,generic_search,,,0
513550,2025-05-11,referral,,,,0
513551,2025-05-11,organic,,,,0
513552,2025-05-11,organic,,,,0
513553,2025-05-11,paid_social,retargeting,,,0
513554,2025-05-11,organic,,2025-05-13,annual,79.99
513555,2025-05-11,paid_social,prospecting_video,,,0
513556,2025-05-11,organic,,,,0
513557,2025-05-11,referral,,,,0
513558,2025-05-12,paid_search,brand_search,2025-05-18,monthly,29.97
513559,2025-05-12,organic,,,,0
513560,2025-05-12,paid_social,retargeting,,,0
513561,2025-05-12,paid_social,prospecting_video,2025-05-15,monthly,29.97
513562,2025-05-12,paid_social,retargeting,,,0
513563,2025-05-12,organic,,,,0
513564,2025-05-12,paid_social,prospecting_video,,,0
513565,2025-05-12,paid_search,generic_search,,,0
513566,2025-05-12,paid_social,prospecting_video,,,0
513567,2025-05-12,organic,,,,0
513568,2025-05-12,paid_social,prospecting_video,,,0
513569,2025-05-12,paid_search,brand_search,2025-05-13,monthly,29.97
513570,2025-05-12,paid_social,prospecting_video,,,0
513571,2025-05-12,paid_social,prospecting_video,,,0
513572,2025-05-12,organic,,,,0
513573,2025-05-12,organic,,,,0
513574,2025-05-12,paid_social,retargeting,,,0
513575,2025-05-12,paid_social,retargeting,,,0
513576,2025-05-12,paid_social,prospecting_video,,,0
513577,2025-05-12,organic,,,,0
513578,2025-05-12,paid_social,prospecting_video,,,0
513579,2025-05-12,paid_social,prospecting_video,,,0
513580,2025-05-12,paid_social,prospecting_video,,,0
513581,2025-05-12,paid_search,generic_search,,,0
513582,2025-05-12,organic,,,,0
513583,2025-05-12,paid_social,prospecting_video,,,0
513584,2025-05-12,paid_social,prospecting_video,,,0
513585,2025-05-12,paid_social,prospecting_video,,,0
513586,2025-05-12,organic,,,,0
513587,2025-05-12,affiliate,finance_blogs,,,0
513588,2025-05-12,organic,,,,0
513589,2025-05-12,paid_search,generic_search,,,0
513590,2025-05-12,paid_social,retargeting,,,0
513591,2025-05-12,paid_social,prospecting_video,,,0
513592,2025-05-12,paid_search,brand_search,,,0
513593,2025-05-12,paid_social,prospecting_video,,,0
513594,2025-05-12,paid_social,prospecting_video,,,0
513595,2025-05-12,affiliate,finance_blogs,,,0
513596,2025-05-12,paid_search,generic_search,2025-05-14,monthly,29.97
513597,2025-05-12,paid_search,brand_search,,,0
513598,2025-05-12,organic,,,,0
513599,2025-05-12,paid_search,brand_search,,,0
513600,2025-05-12,organic,,,,0
513601,2025-05-12,organic,,,,0
513602,2025-05-12,paid_social,prospecting_video,,,0
513603,2025-05-12,paid_social,prospecting_video,,,0
513604,2025-05-12,paid_social,retargeting,,,0
513605,2025-05-12,paid_social,retargeting,,,0
513606,2025-05-12,paid_social,retargeting,2025-05-16,monthly,29.97
513607,2025-05-12,paid_social,prospecting_video,,,0
513608,2025-05-12,paid_search,brand_search,,,0
513609,2025-05-12,paid_social,prospecting_video,,,0
513610,2025-05-12,paid_search,brand_search,,,0
513611,2025-05-12,paid_social,retargeting,,,0
513612,2025-05-12,organic,,,,0
513613,2025-05-12,paid_search,generic_search,,,0
513614,2025-05-12,paid_search,brand_search,,,0
513615,2025-05-12,paid_search,brand_search,,,0
513616,2025-05-12,paid_social,prospecting_video,,,0
513617,2025-05-12,paid_social,prospecting_video,,,0
513618,2025-05-12,organic,,,,0
513619,2025-05-12,organic,,,,0
513620,2025-05-12,affiliate,finance_blogs,2025-05-15,monthly,29.97
513621,2025-05-12,organic,,,,0
513622,2025-05-12,paid_social,prospecting_video,,,0
513623,2025-05-12,paid_social,retargeting,,,0
513624,2025-05-12,organic,,,,0
513625,2025-05-12,paid_search,generic_search,,,0
513626,2025-05-12,paid_search,generic_search,,,0
513627,2025-05-12,paid_social,prospecting_video,,,0
513628,2025-05-12,paid_social,prospecting_video,,,0
513629,2025-05-12,organic,,,,0
513630,2025-05-12,paid_search,brand_search,,,0
513631,2025-05-12,paid_social,retargeting,,,0
513632,2025-05-12,paid_social,prospecting_video,,,0
513633,2025-05-12,display,display_network,,,0
513634,2025-05-12,paid_social,prospecting_video,,,0
513635,2025-05-12,paid_social,prospecting_video,,,0
513636,2025-05-12,paid_social,prospecting_video,,,0
513637,2025-05-12,paid_search,brand_search,,,0
513638,2025-05-12,paid_social,retargeting,,,0
513639,2025-05-12,paid_search,brand_search,,,0
513640,2025-05-12,paid_social,retargeting,,,0
513641,2025-05-12,paid_social,prospecting_video,,,0
513642,2025-05-12,paid_search,generic_search,,,0
513643,2025-05-12,referral,,,,0
513644,2025-05-12,paid_social,prospecting_video,,,0
513645,2025-05-12,paid_search,generic_search,,,0
513646,2025-05-12,paid_social,prospecting_video,,,0
513647,2025-05-12,paid_social,retargeting,,,0
513648,2025-05-12,paid_social,prospecting_video,,,0
513649,2025-05-12,paid_social,prospecting_video,,,0
513650,2025-05-12,paid_search,brand_search,,,0
513651,2025-05-12,paid_social,retargeting,,,0
513652,2025-05-12,paid_search,brand_search,2025-05-12,annual,79.99
513653,2025-05-12,paid_social,prospecting_video,,,0
513654,2025-05-12,referral,,,,0
513655,2025-05-12,organic,,,,0
513656,2025-05-12,affiliate,finance_blogs,,,0
513657,2025-05-12,paid_social,prospecting_video,,,0
513658,2025-05-12,paid_social,retargeting,2025-05-13,monthly,19.98
513659,2025-05-12,organic,,,,0
513660,2025-05-12,paid_search,brand_search,,,0
513661,2025-05-12,paid_social,retargeting,,,0
513662,2025-05-12,display,display_network,,,0
513663,2025-05-12,paid_social,prospecting_video,,,0
513664,2025-05-12,organic,,,,0
513665,2025-05-12,affiliate,finance_blogs,,,0
513666,2025-05-12,paid_search,brand_search,,,0
513667,2025-05-12,paid_search,brand_search,,,0
513668,2025-05-12,paid_social,prospecting_video,,,0
513669,2025-05-12,paid_search,brand_search,2025-05-12,monthly,29.97
513670,2025-05-12,organic,,,,0
513671,2025-05-12,paid_social,prospecting_video,,,0
513672,2025-05-12,paid_social,prospecting_video,,,0
513673,2025-05-12,referral,,,,0
513674,2025-05-12,display,display_network,,,0
513675,2025-05-12,paid_social,prospecting_video,,,0
513676,2025-05-12,paid_social,prospecting_video,,,0
513677,2025-05-12,organic,,,,0
513678,2025-05-12,paid_social,prospecting_video,,,0
513679,2025-05-12,paid_search,brand_search,,,0
513680,2025-05-12,organic,,2025-05-14,monthly,19.98
513681,2025-05-12,affiliate,finance_blogs,,,0
513682,2025-05-12,organic,,,,0
513683,2025-05-13,paid_social,retargeting,,,0
513684,2025-05-13,paid_social,prospecting_video,2025-05-19,monthly,29.97
513685,2025-05-13,paid_social,prospecting_video,,,0
513686,2025-05-13,paid_search,generic_search,,,0
513687,2025-05-13,paid_search,brand_search,,,0
513688,2025-05-13,affiliate,finance_blogs,,,0
513689,2025-05-13,paid_social,prospecting_video,,,0
513690,2025-05-13,paid_social,prospecting_video,,,0
513691,2025-05-13,referral,,,,0
513692,2025-05-13,paid_social,retargeting,2025-05-15,monthly,19.98
513693,2025-05-13,paid_social,prospecting_video,2025-05-14,annual,79.99
513694,2025-05-13,paid_social,prospecting_video,,,0
513695,2025-05-13,paid_social,retargeting,2025-05-13,annual,79.99
513696,2025-05-13,organic,,,,0
513697,2025-05-13,paid_search,brand_search,,,0
513698,2025-05-13,paid_search,generic_search,,,0
513699,2025-05-13,organic,,,,0
513700,2025-05-13,paid_search,generic_search,,,0
513701,2025-05-13,paid_search,brand_search,2025-05-15,monthly,29.97
513702,2025-05-13,paid_social,prospecting_video,,,0
513703,2025-05-13,affiliate,finance_blogs,,,0
513704,2025-05-13,paid_social,retargeting,,,0
513705,2025-05-13,paid_social,prospecting_video,,,0
513706,2025-05-13,paid_search,generic_search,2025-05-18,monthly,29.97
513707,2025-05-13,paid_social,prospecting_video,,,0
513708,2025-05-13,paid_social,prospecting_video,,,0
513709,2025-05-13,paid_social,prospecting_video,,,0
513710,2025-05-13,paid_search,generic_search,,,0
513711,2025-05-13,paid_social,prospecting_video,,,0
513712,2025-05-13,paid_social,prospecting_video,,,0
513713,2025-05-13,organic,,,,0
513714,2025-05-13,paid_search,generic_search,,,0
513715,2025-05-13,paid_search,generic_search,,,0
513716,2025-05-13,paid_social,retargeting,2025-05-22,annual,79.99
513717,2025-05-13,paid_search,brand_search,2025-05-15,annual,79.99
513718,2025-05-13,paid_social,prospecting_video,,,0
513719,2025-05-13,paid_social,retargeting,2025-05-14,monthly,9.99
513720,2025-05-13,paid_social,prospecting_video,,,0
513721,2025-05-13,paid_search,brand_search,2025-05-14,monthly,9.99
513722,2025-05-13,paid_social,retargeting,,,0
513723,2025-05-13,organic,,,,0
513724,2025-05-13,paid_social,retargeting,,,0
513725,2025-05-13,organic,,,,0
513726,2025-05-13,affiliate,finance_blogs,2025-05-15,monthly,29.97
513727,2025-05-13,paid_social,retargeting,,,0
513728,2025-05-13,paid_social,prospecting_video,,,0
513729,2025-05-13,organic,,,,0
513730,2025-05-13,affiliate,finance_blogs,,,0
513731,2025-05-13,affiliate,finance_blogs,,,0
513732,2025-05-13,paid_social,prospecting_video,,,0
513733,2025-05-13,paid_social,retargeting,,,0
513734,2025-05-13,paid_social,prospecting_video,,,0
513735,2025-05-13,affiliate,finance_blogs,,,0
513736,2025-05-13,paid_social,prospecting_video,,,0
513737,2025-05-13,paid_social,prospecting_video,,,0
513738,2025-05-13,paid_search,generic_search,2025-05-14,monthly,9.99
513739,2025-05-13,paid_social,prospecting_video,,,0
513740,2025-05-13,paid_social,prospecting_video,,,0
513741,2025-05-13,paid_search,generic_search,,,0
513742,2025-05-13,paid_search,brand_search,,,0
513743,2025-05-13,paid_social,retargeting,,,0
513744,2025-05-13,organic,,,,0
513745,2025-05-13,paid_social,prospecting_video,,,0
513746,2025-05-13,organic,,,,0
513747,2025-05-13,paid_social,retargeting,2025-05-14,monthly,29.97
513748,2025-05-13,organic,,,,0
513749,2025-05-13,paid_search,brand_search,,,0
513750,2025-05-13,paid_search,brand_search,,,0
513751,2025-05-13,paid_social,prospecting_video,,,0
513752,2025-05-13,paid_search,brand_search,,,0
513753,2025-05-13,paid_social,retargeting,,,0
513754,2025-05-13,paid_social,prospecting_video,,,0
513755,2025-05-13,paid_social,prospecting_video,,,0
513756,2025-05-13,paid_search,generic_search,,,0
513757,2025-05-13,paid_social,prospecting_video,,,0
513758,2025-05-13,paid_search,brand_search,,,0
513759,2025-05-13,paid_search,brand_search,,,0
513760,2025-05-13,referral,,,,0
513761,2025-05-13,paid_social,prospecting_video,,,0
513762,2025-05-13,paid_social,retargeting,,,0
513763,2025-05-13,paid_social,prospecting_video,,,0
513764,2025-05-13,organic,,,,0
513765,2025-05-13,paid_search,generic_search,,,0
513766,2025-05-13,paid_social,prospecting_video,,,0
513767,2025-05-13,paid_social,prospecting_video,,,0
513768,2025-05-13,organic,,,,0
513769,2025-05-13,paid_search,brand_search,,,0
513770,2025-05-13,organic,,,,0
513771,2025-05-13,paid_search,generic_search,2025-05-16,monthly,29.97
513772,2025-05-13,paid_social,retargeting,,,0
513773,2025-05-13,organic,,2025-05-16,monthly,29.97
513774,2025-05-13,paid_search,generic_search,2025-05-15,annual,79.99
513775,2025-05-13,paid_social,prospecting_video,,,0
513776,2025-05-13,organic,,,,0
513777,2025-05-13,organic,,,,0
513778,2025-05-13,paid_search,generic_search,,,0
513779,2025-05-13,organic,,,,0
513780,2025-05-13,paid_social,prospecting_video,,,0
513781,2025-05-13,paid_search,brand_search,2025-05-15,monthly,29.97
513782,2025-05-13,organic,,,,0
513783,2025-05-13,paid_social,prospecting_video,,,0
513784,2025-05-13,organic,,,,0
513785,2025-05-13,paid_social,retargeting,,,0
513786,2025-05-13,affiliate,finance_blogs,,,0
513787,2025-05-13,paid_social,retargeting,,,0
513788,2025-05-13,display,display_network,,,0
513789,2025-05-13,organic,,,,0
513790,2025-05-13,paid_social,retargeting,,,0
513791,2025-05-13,referral,,2025-05-15,annual,79.99
513792,2025-05-13,paid_social,prospecting_video,,,0
513793,2025-05-13,paid_social,prospecting_video,,,0
513794,2025-05-13,paid_search,brand_search,,,0
513795,2025-05-13,paid_social,prospecting_video,,,0
513796,2025-05-13,paid_social,retargeting,,,0
513797,2025-05-13,paid_social,prospecting_video,,,0
513798,2025-05-13,paid_social,retargeting,,,0
513799,2025-05-13,paid_search,generic_search,,,0
513800,2025-05-13,paid_social,prospecting_video,,,0
513801,2025-05-13,paid_social,retargeting,,,0
513802,2025-05-13,referral,,2025-05-26,annual,79.99
513803,2025-05-13,referral,,,,0
513804,2025-05-13,paid_search,brand_search,,,0
513805,2025-05-13,paid_search,brand_search,2025-05-17,monthly,29.97
513806,2025-05-13,paid_social,retargeting,,,0
513807,2025-05-13,paid_social,prospecting_video,,,0
513808,2025-05-14,paid_social,prospecting_video,,,0
513809,2025-05-14,paid_social,retargeting,2025-05-23,monthly,29.97
513810,2025-05-14,paid_social,retargeting,,,0
513811,2025-05-14,referral,,,,0
513812,2025-05-14,paid_social,prospecting_video,2025-05-15,monthly,29.97
513813,2025-05-14,organic,,,,0
513814,2025-05-14,paid_search,generic_search,,,0
513815,2025-05-14,paid_social,retargeting,,,0
513816,2025-05-14,organic,,,,0
513817,2025-05-14,paid_social,retargeting,,,0
513818,2025-05-14,paid_search,generic_search,,,0
513819,2025-05-14,referral,,,,0
513820,2025-05-14,paid_social,prospecting_video,,,0
513821,2025-05-14,paid_social,prospecting_video,,,0
513822,2025-05-14,paid_search,generic_search,,,0
513823,2025-05-14,paid_social,retargeting,2025-05-16,monthly,29.97
513824,2025-05-14,organic,,2025-05-14,annual,79.99
513825,2025-05-14,paid_social,retargeting,,,0
513826,2025-05-14,paid_social,prospecting_video,,,0
513827,2025-05-14,paid_search,brand_search,,,0
513828,2025-05-14,paid_search,brand_search,,,0
513829,2025-05-14,paid_social,prospecting_video,,,0
513830,2025-05-14,paid_social,prospecting_video,,,0
513831,2025-05-14,referral,,2025-05-22,monthly,29.97
513832,2025-05-14,paid_search,brand_search,2025-05-18,monthly,29.97
513833,2025-05-14,paid_social,prospecting_video,,,0
513834,2025-05-14,paid_social,prospecting_video,,,0
513835,2025-05-14,paid_search,brand_search,,,0
513836,2025-05-14,paid_social,prospecting_video,,,0
513837,2025-05-14,paid_search,brand_search,,,0
513838,2025-05-14,affiliate,finance_blogs,2025-05-15,annual,79.99
513839,2025-05-14,paid_social,prospecting_video,,,0
513840,2025-05-14,paid_social,retargeting,,,0
513841,2025-05-14,referral,,,,0
513842,2025-05-14,paid_social,prospecting_video,2025-05-19,monthly,29.97
513843,2025-05-14,paid_search,brand_search,2025-05-26,monthly,29.97
513844,2025-05-14,paid_search,generic_search,,,0
513845,2025-05-14,organic,,,,0
513846,2025-05-14,organic,,,,0
513847,2025-05-14,paid_search,generic_search,,,0
513848,2025-05-14,paid_social,prospecting_video,,,0
513849,2025-05-14,paid_search,generic_search,2025-05-18,monthly,29.97
513850,2025-05-14,paid_social,prospecting_video,,,0
513851,2025-05-14,organic,,,,0
513852,2025-05-14,paid_social,prospecting_video,2025-05-27,monthly,29.97
513853,2025-05-14,paid_social,retargeting,,,0
513854,2025-05-14,affiliate,finance_blogs,,,0
513855,2025-05-14,paid_social,retargeting,,,0
513856,2025-05-14,paid_social,prospecting_video,,,0
513857,2025-05-14,paid_social,prospecting_video,,,0
513858,2025-05-14,paid_social,prospecting_video,,,0
513859,2025-05-14,paid_social,prospecting_video,,,0
513860,2025-05-14,paid_search,brand_search,,,0
513861,2025-05-14,paid_social,retargeting,,,0
513862,2025-05-14,paid_search,generic_search,,,0
513863,2025-05-14,paid_search,generic_search,,,0
513864,2025-05-14,paid_social,prospecting_video,,,0
513865,2025-05-14,paid_search,brand_search,,,0
513866,2025-05-14,paid_social,prospecting_video,2025-05-16,monthly,19.98
513867,2025-05-14,paid_social,prospecting_video,,,0
513868,2025-05-14,organic,,,,0
513869,2025-05-14,organic,,,,0
513870,2025-05-14,organic,,2025-05-17,annual,79.99
513871,2025-05-14,paid_social,retargeting,,,0
513872,2025-05-14,paid_search,generic_search,,,0
513873,2025-05-14,paid_social,prospecting_video,2025-05-23,monthly,19.98
513874,2025-05-14,organic,,,,0
513875,2025-05-14,affiliate,finance_blogs,,,0
513876,2025-05-14,paid_social,prospecting_video,,,0
513877,2025-05-14,paid_social,prospecting_video,,,0
513878,2025-05-14,paid_social,retargeting,,,0
513879,2025-05-14,paid_search,brand_search,,,0
513880,2025-05-14,organic,,2025-05-17,monthly,29.97
513881,2025-05-14,paid_social,prospecting_video,,,0
513882,2025-05-14,paid_search,brand_search,,,0
513883,2025-05-14,paid_social,prospecting_video,,,0
513884,2025-05-14,paid_search,generic_search,,,0
513885,2025-05-14,organic,,,,0
513886,2025-05-14,affiliate,finance_blogs,,,0
513887,2025-05-14,paid_social,prospecting_video,,,0
513888,2025-05-14,paid_search,brand_search,,,0
513889,2025-05-14,paid_social,retargeting,2025-05-21,monthly,29.97
513890,2025-05-14,referral,,,,0
513891,2025-05-14,affiliate,finance_blogs,,,0
513892,2025-05-14,paid_social,prospecting_video,,,0
513893,2025-05-14,paid_social,prospecting_video,,,0
513894,2025-05-14,paid_search,generic_search,,,0
513895,2025-05-14,paid_social,prospecting_video,,,0
513896,2025-05-14,affiliate,finance_blogs,,,0
513897,2025-05-14,affiliate,finance_blogs,,,0
513898,2025-05-14,paid_search,generic_search,,,0
513899,2025-05-14,organic,,,,0
513900,2025-05-14,organic,,2025-05-15,annual,79.99
513901,2025-05-14,paid_social,prospecting_video,,,0
513902,2025-05-14,paid_social,prospecting_video,,,0
513903,2025-05-14,paid_social,prospecting_video,,,0
513904,2025-05-14,paid_social,prospecting_video,,,0
513905,2025-05-14,organic,,,,0
513906,2025-05-14,paid_social,prospecting_video,,,0
513907,2025-05-14,organic,,,,0
513908,2025-05-14,paid_social,prospecting_video,,,0
513909,2025-05-14,paid_social,retargeting,,,0
513910,2025-05-14,organic,,,,0
513911,2025-05-14,paid_social,prospecting_video,,,0
513912,2025-05-14,paid_social,prospecting_video,,,0
513913,2025-05-14,paid_social,retargeting,,,0
513914,2025-05-14,paid_social,prospecting_video,,,0
513915,2025-05-14,paid_social,retargeting,,,0
513916,2025-05-14,paid_social,retargeting,,,0
513917,2025-05-14,paid_search,generic_search,,,0
513918,2025-05-14,paid_social,prospecting_video,,,0
513919,2025-05-14,organic,,,,0
513920,2025-05-14,paid_search,brand_search,,,0
513921,2025-05-14,paid_social,prospecting_video,,,0
513922,2025-05-14,paid_search,brand_search,,,0
513923,2025-05-14,paid_search,brand_search,,,0
513924,2025-05-14,referral,,,,0
513925,2025-05-14,organic,,2025-05-22,monthly,29.97
513926,2025-05-14,paid_social,prospecting_video,,,0
513927,2025-05-14,paid_search,brand_search,2025-05-25,annual,79.99
513928,2025-05-14,organic,,,,0
513929,2025-05-14,referral,,2025-05-17,monthly,29.97
513930,2025-05-14,paid_social,prospecting_video,,,0
513931,2025-05-14,organic,,2025-05-17,annual,79.99
513932,2025-05-14,paid_social,retargeting,,,0
513933,2025-05-14,organic,,,,0
513934,2025-05-14,organic,,,,0
513935,2025-05-15,paid_search,generic_search,,,0
513936,2025-05-15,paid_search,generic_search,,,0
513937,2025-05-15,organic,,,,0
513938,2025-05-15,paid_social,prospecting_video,,,0
513939,2025-05-15,paid_social,prospecting_video,2025-05-16,monthly,29.97
513940,2025-05-15,paid_social,retargeting,,,0
513941,2025-05-15,paid_social,retargeting,,,0
513942,2025-05-15,paid_social,prospecting_video,,,0
513943,2025-05-15,paid_social,prospecting_video,,,0
513944,2025-05-15,paid_search,brand_search,,,0
513945,2025-05-15,paid_social,retargeting,,,0
513946,2025-05-15,paid_social,retargeting,,,0
513947,2025-05-15,paid_social,prospecting_video,,,0
513948,2025-05-15,paid_social,prospecting_video,,,0
513949,2025-05-15,paid_search,brand_search,2025-05-20,monthly,19.98
513950,2025-05-15,organic,,2025-05-21,annual,79.99
513951,2025-05-15,paid_social,retargeting,,,0
513952,2025-05-15,paid_search,generic_search,,,0
513953,2025-05-15,paid_social,prospecting_video,,,0
513954,2025-05-15,paid_social,prospecting_video,,,0
513955,2025-05-15,paid_social,retargeting,,,0
513956,2025-05-15,organic,,,,0
513957,2025-05-15,organic,,,,0
513958,2025-05-15,paid_search,generic_search,,,0
513959,2025-05-15,paid_social,retargeting,,,0
513960,2025-05-15,affiliate,finance_blogs,2025-05-16,monthly,19.98
513961,2025-05-15,paid_search,brand_search,,,0
513962,2025-05-15,paid_social,prospecting_video,,,0
513963,2025-05-15,paid_search,generic_search,,,0
513964,2025-05-15,paid_search,brand_search,,,0
513965,2025-05-15,paid_social,prospecting_video,,,0
513966,2025-05-15,organic,,,,0
513967,2025-05-15,paid_social,prospecting_video,,,0
513968,2025-05-15,paid_search,generic_search,,,0
513969,2025-05-15,paid_social,retargeting,2025-05-15,monthly,9.99
513970,2025-05-15,paid_search,brand_search,2025-05-28,monthly,29.97
513971,2025-05-15,organic,,,,0
513972,2025-05-15,affiliate,finance_blogs,,,0
513973,2025-05-15,organic,,,,0
513974,2025-05-15,paid_search,brand_search,,,0
513975,2025-05-15,paid_search,generic_search,,,0
513976,2025-05-15,organic,,,,0
513977,2025-05-15,paid_search,generic_search,,,0
513978,2025-05-15,affiliate,finance_blogs,,,0
513979,2025-05-15,organic,,,,0
513980,2025-05-15,paid_social,retargeting,2025-05-18,monthly,29.97
513981,2025-05-15,paid_search,generic_search,,,0
513982,2025-05-15,paid_search,generic_search,2025-05-15,monthly,29.97
513983,2025-05-15,paid_social,prospecting_video,,,0
513984,2025-05-15,paid_social,prospecting_video,,,0
513985,2025-05-15,paid_social,retargeting,,,0
513986,2025-05-15,paid_social,prospecting_video,,,0
513987,2025-05-15,paid_search,generic_search,,,0
513988,2025-05-15,affiliate,finance_blogs,2025-05-22,annual,79.99
513989,2025-05-15,referral,,,,0
513990,2025-05-15,organic,,,,0
513991,2025-05-15,organic,,,,0
513992,2025-05-15,paid_social,retargeting,,,0
513993,2025-05-15,paid_social,prospecting_video,,,0
513994,2025-05-15,paid_social,retargeting,,,0
513995,2025-05-15,organic,,,,0
513996,2025-05-15,paid_social,prospecting_video,,,0
513997,2025-05-15,paid_social,prospecting_video,2025-05-15,monthly,19.98
513998,2025-05-15,organic,,,,0
513999,2025-05-15,paid_search,generic_search,,,0
514000,2025-05-15,organic,,,,0
514001,2025-05-15,paid_social,prospecting_video,,,0
514002,2025-05-15,paid_social,prospecting_video,,,0
514003,2025-05-15,paid_social,prospecting_video,,,0
514004,2025-05-15,paid_social,prospecting_video,,,0
514005,2025-05-15,paid_social,prospecting_video,,,0
514006,2025-05-15,paid_social,retargeting,,,0
514007,2025-05-15,paid_search,brand_search,,,0
514008,2025-05-15,paid_social,prospecting_video,,,0
514009,2025-05-15,paid_search,brand_search,,,0
514010,2025-05-15,paid_social,prospecting_video,,,0
514011,2025-05-15,paid_social,prospecting_video,,,0
514012,2025-05-15,paid_social,retargeting,,,0
514013,2025-05-15,organic,,,,0
514014,2025-05-15,paid_search,generic_search,,,0
514015,2025-05-15,paid_search,brand_search,,,0
514016,2025-05-15,organic,,,,0
514017,2025-05-15,paid_social,prospecting_video,,,0
514018,2025-05-15,affiliate,finance_blogs,,,0
514019,2025-05-15,paid_search,brand_search,,,0
514020,2025-05-15,affiliate,finance_blogs,,,0
514021,2025-05-15,paid_social,prospecting_video,,,0
514022,2025-05-15,paid_social,retargeting,2025-05-22,monthly,29.97
514023,2025-05-15,organic,,,,0
514024,2025-05-15,paid_social,retargeting,,,0
514025,2025-05-15,paid_social,prospecting_video,,,0
514026,2025-05-15,paid_search,brand_search,2025-05-16,monthly,19.98
514027,2025-05-15,organic,,,,0
514028,2025-05-15,paid_social,prospecting_video,,,0
514029,2025-05-15,paid_social,retargeting,2025-05-18,monthly,29.97
514030,2025-05-15,organic,,2025-05-20,monthly,29.97
514031,2025-05-15,organic,,,,0
514032,2025-05-15,paid_social,retargeting,,,0
514033,2025-05-15,affiliate,finance_blogs,,,0
514034,2025-05-15,organic,,,,0
514035,2025-05-15,referral,,2025-05-15,monthly,29.97
514036,2025-05-15,organic,,,,0
514037,2025-05-15,paid_social,prospecting_video,,,0
514038,2025-05-16,paid_search,brand_search,2025-05-16,monthly,29.97
514039,2025-05-16,paid_social,retargeting,,,0
514040,2025-05-16,paid_search,brand_search,,,0
514041,2025-05-16,paid_social,retargeting,,,0
514042,2025-05-16,organic,,2025-05-16,monthly,29.97
514043,2025-05-16,paid_search,brand_search,,,0
514044,2025-05-16,paid_social,prospecting_video,,,0
514045,2025-05-16,paid_search,brand_search,2025-05-18,annual,79.99
514046,2025-05-16,paid_social,prospecting_video,,,0
514047,2025-05-16,paid_social,prospecting_video,,,0
514048,2025-05-16,referral,,2025-05-19,monthly,29.97
514049,2025-05-16,organic,,,,0
514050,2025-05-16,organic,,,,0
514051,2025-05-16,paid_social,prospecting_video,,,0
514052,2025-05-16,paid_social,prospecting_video,,,0
514053,2025-05-16,paid_search,brand_search,,,0
514054,2025-05-16,paid_search,brand_search,,,0
514055,2025-05-16,paid_social,prospecting_video,,,0
514056,2025-05-16,paid_social,prospecting_video,,,0
514057,2025-05-16,organic,,,,0
514058,2025-05-16,referral,,2025-05-21,monthly,29.97
514059,2025-05-16,paid_search,generic_search,2025-05-17,monthly,29.97
514060,2025-05-16,paid_search,generic_search,,,0
514061,2025-05-16,paid_social,prospecting_video,,,0
514062,2025-05-16,paid_social,prospecting_video,,,0
514063,2025-05-16,paid_social,prospecting_video,,,0
514064,2025-05-16,paid_social,retargeting,,,0
514065,2025-05-16,paid_search,brand_search,2025-05-17,annual,79.99
514066,2025-05-16,paid_social,retargeting,,,0
514067,2025-05-16,paid_search,generic_search,,,0
514068,2025-05-16,paid_social,prospecting_video,,,0
514069,2025-05-16,paid_search,brand_search,,,0
514070,2025-05-16,paid_social,retargeting,2025-05-16,monthly,29.97
514071,2025-05-16,paid_social,prospecting_video,,,0
514072,2025-05-16,paid_social,prospecting_video,,,0
514073,2025-05-16,paid_search,generic_search,,,0
514074,2025-05-16,organic,,,,0
514075,2025-05-16,organic,,,,0
514076,2025-05-16,paid_search,generic_search,,,0
514077,2025-05-16,paid_social,retargeting,,,0
514078,2025-05-16,paid_search,brand_search,,,0
514079,2025-05-16,paid_social,prospecting_video,,,0
514080,2025-05-16,paid_social,prospecting_video,,,0
514081,2025-05-16,paid_social,retargeting,,,0
514082,2025-05-16,organic,,,,0
514083,2025-05-16,organic,,2025-05-16,monthly,9.99
514084,2025-05-16,paid_search,brand_search,,,0
514085,2025-05-16,paid_search,brand_search,2025-05-20,monthly,29.97
514086,2025-05-16,paid_social,prospecting_video,,,0
514087,2025-05-16,paid_social,prospecting_video,,,0
514088,2025-05-16,paid_social,retargeting,,,0
514089,2025-05-16,paid_social,prospecting_video,,,0
514090,2025-05-16,organic,,,,0
514091,2025-05-16,paid_search,generic_search,,,0
514092,2025-05-16,organic,,,,0
514093,2025-05-16,organic,,,,0
514094,2025-05-16,organic,,,,0
514095,2025-05-16,paid_social,prospecting_video,,,0
514096,2025-05-16,paid_search,generic_search,,,0
514097,2025-05-16,referral,,2025-05-27,annual,79.99
514098,2025-05-16,referral,,,,0
514099,2025-05-16,paid_search,brand_search,,,0
514100,2025-05-16,organic,,,,0
514101,2025-05-16,paid_search,generic_search,,,0
514102,2025-05-16,paid_social,prospecting_video,,,0
514103,2025-05-16,paid_search,generic_search,2025-05-23,annual,79.99
514104,2025-05-16,paid_social,prospecting_video,,,0
514105,2025-05-16,paid_social,prospecting_video,,,0
514106,2025-05-16,organic,,,,0
514107,2025-05-16,organic,,,,0
514108,2025-05-16,organic,,,,0
514109,2025-05-16,paid_social,prospecting_video,,,0
514110,2025-05-16,organic,,,,0
514111,2025-05-16,paid_search,brand_search,,,0
514112,2025-05-16,paid_search,brand_search,,,0
514113,2025-05-16,organic,,2025-05-16,annual,79.99
514114,2025-05-16,paid_search,brand_search,,,0
514115,2025-05-16,paid_search,generic_search,,,0
514116,2025-05-16,paid_search,generic_search,,,0
514117,2025-05-16,paid_social,prospecting_video,,,0
514118,2025-05-16,organic,,,,0
514119,2025-05-16,paid_social,prospecting_video,,,0
514120,2025-05-16,organic,,,,0
514121,2025-05-16,paid_social,prospecting_video,,,0
514122,2025-05-16,paid_social,retargeting,,,0
514123,2025-05-16,paid_social,retargeting,,,0
514124,2025-05-16,organic,,,,0
514125,2025-05-16,paid_social,prospecting_video,,,0
514126,2025-05-16,organic,,,,0
514127,2025-05-16,paid_social,prospecting_video,,,0
514128,2025-05-16,paid_social,prospecting_video,,,0
514129,2025-05-16,referral,,,,0
514130,2025-05-16,paid_social,retargeting,2025-05-18,annual,79.99
514131,2025-05-16,paid_social,prospecting_video,2025-05-26,monthly,29.97
514132,2025-05-16,paid_social,retargeting,,,0
514133,2025-05-16,organic,,,,0
514134,2025-05-16,organic,,,,0
514135,2025-05-16,referral,,2025-05-18,annual,79.99
514136,2025-05-16,paid_social,prospecting_video,,,0
514137,2025-05-17,organic,,,,0
514138,2025-05-17,paid_search,brand_search,,,0
514139,2025-05-17,paid_search,brand_search,2025-05-20,monthly,29.97
514140,2025-05-17,organic,,,,0
514141,2025-05-17,referral,,,,0
514142,2025-05-17,paid_search,generic_search,2025-05-20,monthly,29.97
514143,2025-05-17,paid_search,generic_search,,,0
514144,2025-05-17,paid_social,prospecting_video,,,0
514145,2025-05-17,paid_social,prospecting_video,,,0
514146,2025-05-17,organic,,,,0
514147,2025-05-17,paid_search,generic_search,,,0
514148,2025-05-17,paid_search,generic_search,,,0
514149,2025-05-17,organic,,,,0
514150,2025-05-17,organic,,,,0
514151,2025-05-17,organic,,,,0
514152,2025-05-17,paid_social,prospecting_video,,,0
514153,2025-05-17,paid_search,brand_search,,,0
514154,2025-05-17,paid_search,brand_search,,,0
514155,2025-05-17,paid_social,retargeting,,,0
514156,2025-05-17,paid_social,prospecting_video,,,0
514157,2025-05-17,paid_social,prospecting_video,,,0
514158,2025-05-17,affiliate,finance_blogs,2025-05-19,monthly,19.98
514159,2025-05-17,paid_social,prospecting_video,,,0
514160,2025-05-17,paid_search,brand_search,,,0
514161,2025-05-17,paid_social,prospecting_video,,,0
514162,2025-05-17,paid_search,generic_search,2025-05-19,monthly,9.99
514163,2025-05-17,paid_search,brand_search,,,0
514164,2025-05-17,organic,,,,0
514165,2025-05-17,paid_search,brand_search,2025-05-20,monthly,9.99
514166,2025-05-17,organic,,,,0
514167,2025-05-17,paid_search,generic_search,,,0
514168,2025-05-17,paid_social,prospecting_video,,,0
514169,2025-05-17,paid_search,brand_search,,,0
514170,2025-05-17,paid_social,prospecting_video,,,0
514171,2025-05-17,organic,,2025-05-27,monthly,9.99
514172,2025-05-17,paid_social,prospecting_video,2025-05-19,monthly,29.97
514173,2025-05-17,organic,,,,0
514174,2025-05-17,paid_social,prospecting_video,,,0
514175,2025-05-17,paid_social,prospecting_video,,,0
514176,2025-05-17,paid_social,retargeting,2025-05-20,monthly,29.97
514177,2025-05-17,paid_social,prospecting_video,,,0
514178,2025-05-17,organic,,,,0
514179,2025-05-17,paid_social,prospecting_video,,,0
514180,2025-05-17,referral,,2025-05-19,monthly,29.97
514181,2025-05-17,paid_social,prospecting_video,,,0
514182,2025-05-17,referral,,,,0
514183,2025-05-17,paid_search,brand_search,2025-05-17,monthly,29.97
514184,2025-05-17,paid_search,generic_search,,,0
514185,2025-05-17,paid_social,prospecting_video,,,0
514186,2025-05-17,organic,,,,0
514187,2025-05-17,paid_social,retargeting,,,0
514188,2025-05-17,organic,,,,0
514189,2025-05-17,organic,,,,0
514190,2025-05-17,paid_search,brand_search,,,0
514191,2025-05-17,organic,,,,0
514192,2025-05-17,organic,,,,0
514193,2025-05-17,paid_social,prospecting_video,,,0
514194,2025-05-17,affiliate,finance_blogs,,,0
514195,2025-05-17,paid_search,generic_search,2025-05-18,monthly,29.97
514196,2025-05-17,organic,,,,0
514197,2025-05-17,paid_social,prospecting_video,,,0
514198,2025-05-17,paid_search,brand_search,,,0
514199,2025-05-17,paid_social,prospecting_video,,,0
514200,2025-05-17,paid_search,generic_search,2025-05-24,annual,79.99
514201,2025-05-17,organic,,2025-05-21,monthly,19.98
514202,2025-05-17,paid_social,retargeting,,,0
514203,2025-05-17,paid_social,retargeting,,,0
514204,2025-05-17,paid_search,brand_search,2025-05-30,monthly,29.97
514205,2025-05-17,organic,,,,0
514206,2025-05-17,organic,,,,0
514207,2025-05-17,paid_search,generic_search,,,0
514208,2025-05-17,organic,,,,0
514209,2025-05-17,paid_social,prospecting_video,,,0
514210,2025-05-17,organic,,,,0
514211,2025-05-17,paid_search,brand_search,,,0
514212,2025-05-17,paid_social,retargeting,,,0
514213,2025-05-17,referral,,2025-05-30,monthly,29.97
514214,2025-05-17,paid_social,prospecting_video,,,0
514215,2025-05-17,paid_social,prospecting_video,,,0
514216,2025-05-17,affiliate,finance_blogs,,,0
514217,2025-05-17,paid_social,prospecting_video,,,0
514218,2025-05-17,paid_search,brand_search,,,0
514219,2025-05-17,paid_social,retargeting,,,0
514220,2025-05-17,paid_social,prospecting_video,,,0
514221,2025-05-17,organic,,,,0
514222,2025-05-17,paid_search,brand_search,,,0
514223,2025-05-17,paid_social,prospecting_video,,,0
514224,2025-05-17,organic,,2025-05-18,annual,79.99
514225,2025-05-17,paid_search,generic_search,,,0
514226,2025-05-17,organic,,,,0
514227,2025-05-17,paid_search,generic_search,,,0
514228,2025-05-17,referral,,,,0
514229,2025-05-17,organic,,,,0
514230,2025-05-17,paid_social,prospecting_video,,,0
514231,2025-05-17,paid_social,retargeting,,,0
514232,2025-05-17,paid_social,prospecting_video,,,0
514233,2025-05-17,paid_social,prospecting_video,,,0
514234,2025-05-17,organic,,,,0
514235,2025-05-17,paid_social,prospecting_video,,,0
514236,2025-05-17,organic,,,,0
514237,2025-05-17,paid_social,prospecting_video,,,0
514238,2025-05-17,paid_social,prospecting_video,,,0
514239,2025-05-17,referral,,,,0
514240,2025-05-17,organic,,,,0
514241,2025-05-18,paid_social,prospecting_video,,,0
514242,2025-05-18,paid_social,prospecting_video,,,0
514243,2025-05-18,organic,,,,0
514244,2025-05-18,paid_social,prospecting_video,,,0
514245,2025-05-18,paid_social,prospecting_video,,,0
514246,2025-05-18,paid_social,prospecting_video,,,0
514247,2025-05-18,paid_social,prospecting_video,,,0
514248,2025-05-18,organic,,,,0
514249,2025-05-18,paid_social,prospecting_video,,,0
514250,2025-05-18,referral,,2025-05-20,monthly,29.97
514251,2025-05-18,organic,,2025-05-26,monthly,29.97
514252,2025-05-18,referral,,2025-05-29,monthly,29.97
514253,2025-05-18,affiliate,finance_blogs,,,0
514254,2025-05-18,referral,,,,0
514255,2025-05-18,organic,,,,0
514256,2025-05-18,organic,,,,0
514257,2025-05-18,organic,,,,0
514258,2025-05-18,paid_social,prospecting_video,,,0
514259,2025-05-18,paid_social,prospecting_video,,,0
514260,2025-05-18,paid_search,brand_search,,,0
514261,2025-05-18,paid_search,generic_search,,,0
514262,2025-05-18,referral,,,,0
514263,2025-05-18,paid_social,prospecting_video,,,0
514264,2025-05-18,organic,,,,0
514265,2025-05-18,paid_social,retargeting,2025-05-19,monthly,19.98
514266,2025-05-18,organic,,,,0
514267,2025-05-18,paid_social,prospecting_video,,,0
514268,2025-05-18,paid_social,prospecting_video,,,0
514269,2025-05-18,paid_social,prospecting_video,,,0
514270,2025-05-18,paid_search,brand_search,,,0
514271,2025-05-18,affiliate,finance_blogs,,,0
514272,2025-05-18,paid_social,prospecting_video,,,0
514273,2025-05-18,organic,,2025-05-22,annual,79.99
514274,2025-05-18,organic,,,,0
514275,2025-05-18,paid_social,prospecting_video,,,0
514276,2025-05-18,referral,,,,0
514277,2025-05-18,paid_social,prospecting_video,,,0
514278,2025-05-18,paid_search,generic_search,,,0
514279,2025-05-18,organic,,,,0
514280,2025-05-18,paid_social,retargeting,2025-05-20,annual,79.99
514281,2025-05-18,organic,,,,0
514282,2025-05-18,paid_search,brand_search,,,0
514283,2025-05-18,paid_social,prospecting_video,,,0
514284,2025-05-18,organic,,,,0
514285,2025-05-18,organic,,,,0
514286,2025-05-18,organic,,,,0
514287,2025-05-18,paid_search,generic_search,,,0
514288,2025-05-18,referral,,2025-05-19,monthly,29.97
514289,2025-05-18,organic,,,,0
514290,2025-05-18,referral,,,,0
514291,2025-05-18,paid_social,retargeting,,,0
514292,2025-05-18,paid_search,generic_search,2025-05-20,monthly,29.97
514293,2025-05-18,paid_search,generic_search,2025-05-24,monthly,19.98
514294,2025-05-18,organic,,,,0
514295,2025-05-18,paid_social,prospecting_video,,,0
514296,2025-05-18,paid_social,retargeting,,,0
514297,2025-05-18,referral,,2025-05-18,monthly,29.97
514298,2025-05-18,organic,,,,0
514299,2025-05-18,paid_social,prospecting_video,,,0
514300,2025-05-18,referral,,,,0
514301,2025-05-18,paid_social,prospecting_video,,,0
514302,2025-05-18,paid_social,prospecting_video,,,0
514303,2025-05-18,paid_search,generic_search,,,0
514304,2025-05-18,organic,,,,0
514305,2025-05-18,paid_social,prospecting_video,,,0
514306,2025-05-18,paid_search,generic_search,2025-05-21,monthly,29.97
514307,2025-05-18,paid_search,brand_search,,,0
514308,2025-05-18,paid_search,brand_search,,,0
514309,2025-05-18,paid_search,brand_search,,,0
514310,2025-05-18,paid_social,prospecting_video,,,0
514311,2025-05-18,affiliate,finance_blogs,,,0
514312,2025-05-18,paid_search,brand_search,,,0
514313,2025-05-18,paid_search,generic_search,2025-05-22,annual,79.99
514314,2025-05-18,referral,,,,0
514315,2025-05-18,referral,,,,0
514316,2025-05-18,paid_social,retargeting,,,0
514317,2025-05-18,paid_social,prospecting_video,,,0
514318,2025-05-18,organic,,,,0
514319,2025-05-18,paid_search,brand_search,,,0
514320,2025-05-18,affiliate,finance_blogs,,,0
514321,2025-05-18,organic,,,,0
514322,2025-05-18,organic,,,,0
514323,2025-05-18,affiliate,finance_blogs,2025-05-18,monthly,19.98
514324,2025-05-18,organic,,,,0
514325,2025-05-18,paid_social,prospecting_video,,,0
514326,2025-05-18,paid_search,brand_search,2025-05-19,monthly,19.98
514327,2025-05-18,referral,,2025-05-22,monthly,29.97
514328,2025-05-18,organic,,2025-05-21,annual,79.99
514329,2025-05-18,organic,,,,0
514330,2025-05-18,paid_search,generic_search,,,0
514331,2025-05-18,paid_social,prospecting_video,,,0
514332,2025-05-18,organic,,,,0
514333,2025-05-18,paid_social,prospecting_video,,,0
514334,2025-05-18,paid_social,prospecting_video,,,0
514335,2025-05-18,paid_search,brand_search,,,0
514336,2025-05-18,paid_social,retargeting,,,0
514337,2025-05-18,paid_social,retargeting,,,0
514338,2025-05-18,paid_search,brand_search,,,0
514339,2025-05-18,referral,,,,0
514340,2025-05-19,paid_social,prospecting_video,2025-05-21,monthly,29.97
514341,2025-05-19,paid_social,prospecting_video,,,0
514342,2025-05-19,paid_social,prospecting_video,,,0
514343,2025-05-19,paid_social,retargeting,,,0
514344,2025-05-19,organic,,,,0
514345,2025-05-19,paid_social,retargeting,,,0
514346,2025-05-19,paid_search,generic_search,,,0
514347,2025-05-19,paid_social,prospecting_video,,,0
514348,2025-05-19,paid_social,prospecting_video,,,0
514349,2025-05-19,organic,,,,0
514350,2025-05-19,paid_search,brand_search,,,0
514351,2025-05-19,paid_social,prospecting_video,,,0
514352,2025-05-19,organic,,,,0
514353,2025-05-19,paid_social,prospecting_video,,,0
514354,2025-05-19,paid_search,generic_search,,,0
514355,2025-05-19,paid_social,prospecting_video,,,0
514356,2025-05-19,paid_search,brand_search,,,0
514357,2025-05-19,paid_social,prospecting_video,,,0
514358,2025-05-19,organic,,,,0
514359,2025-05-19,paid_social,retargeting,,,0
514360,2025-05-19,affiliate,finance_blogs,2025-05-19,monthly,29.97
514361,2025-05-19,organic,,,,0
514362,2025-05-19,paid_social,prospecting_video,,,0
514363,2025-05-19,paid_social,prospecting_video,,,0
514364,2025-05-19,paid_search,generic_search,,,0
514365,2025-05-19,paid_social,prospecting_video,,,0
514366,2025-05-19,paid_social,prospecting_video,,,0
514367,2025-05-19,paid_social,prospecting_video,,,0
514368,2025-05-19,paid_social,prospecting_video,,,0
514369,2025-05-19,organic,,,,0
514370,2025-05-19,referral,,,,0
514371,2025-05-19,affiliate,finance_blogs,,,0
514372,2025-05-19,paid_social,prospecting_video,,,0
514373,2025-05-19,referral,,,,0
514374,2025-05-19,organic,,,,0
514375,2025-05-19,paid_social,prospecting_video,,,0
514376,2025-05-19,paid_social,prospecting_video,,,0
514377,2025-05-19,paid_social,prospecting_video,,,0
514378,2025-05-19,paid_search,generic_search,,,0
514379,2025-05-19,paid_search,generic_search,,,0
514380,2025-05-19,affiliate,finance_blogs,,,0
514381,2025-05-19,paid_social,prospecting_video,,,0
514382,2025-05-19,paid_social,retargeting,,,0
514383,2025-05-19,paid_social,prospecting_video,,,0
514384,2025-05-19,organic,,,,0
514385,2025-05-19,paid_social,prospecting_video,,,0
514386,2025-05-19,paid_search,generic_search,,,0
514387,2025-05-19,paid_search,brand_search,,,0
514388,2025-05-19,paid_social,prospecting_video,,,0
514389,2025-05-19,paid_search,generic_search,,,0
514390,2025-05-19,paid_social,prospecting_video,,,0
514391,2025-05-19,paid_social,prospecting_video,,,0
514392,2025-05-19,paid_search,generic_search,2025-05-22,monthly,29.97
514393,2025-05-19,paid_social,retargeting,,,0
514394,2025-05-19,paid_search,brand_search,2025-05-25,monthly,9.99
514395,2025-05-19,organic,,,,0
514396,2025-05-19,paid_social,prospecting_video,,,0
514397,2025-05-19,paid_social,retargeting,,,0
514398,2025-05-19,referral,,,,0
514399,2025-05-19,organic,,,,0
514400,2025-05-19,paid_search,brand_search,,,0
514401,2025-05-19,affiliate,finance_blogs,,,0
514402,2025-05-19,paid_social,prospecting_video,,,0
514403,2025-05-19,organic,,2025-05-19,monthly,19.98
514404,2025-05-19,organic,,2025-05-19,monthly,19.98
514405,2025-05-19,paid_social,prospecting_video,,,0
514406,2025-05-19,organic,,2025-05-21,monthly,29.97
514407,2025-05-19,paid_social,prospecting_video,,,0
514408,2025-05-19,paid_search,brand_search,,,0
514409,2025-05-19,organic,,,,0
514410,2025-05-19,paid_search,brand_search,2025-05-21,annual,79.99
514411,2025-05-19,paid_search,brand_search,,,0
514412,2025-05-19,paid_search,brand_search,,,0
514413,2025-05-19,paid_social,prospecting_video,,,0
514414,2025-05-19,organic,,,,0
514415,2025-05-19,organic,,,,0
514416,2025-05-19,paid_social,prospecting_video,,,0
514417,2025-05-19,organic,,,,0
514418,2025-05-19,organic,,,,0
514419,2025-05-19,paid_social,retargeting,,,0
514420,2025-05-19,paid_social,retargeting,2025-05-20,monthly,19.98
514421,2025-05-19,paid_search,brand_search,,,0
514422,2025-05-19,paid_social,prospecting_video,,,0
514423,2025-05-19,paid_social,prospecting_video,,,0
514424,2025-05-19,paid_search,generic_search,,,0
514425,2025-05-19,paid_social,retargeting,,,0
514426,2025-05-19,affiliate,finance_blogs,2025-05-26,monthly,19.98
514427,2025-05-19,referral,,2025-05-27,annual,79.99
514428,2025-05-19,paid_search,generic_search,,,0
514429,2025-05-19,paid_search,brand_search,,,0
514430,2025-05-19,organic,,,,0
514431,2025-05-19,organic,,,,0
514432,2025-05-19,paid_social,prospecting_video,,,0
514433,2025-05-19,paid_social,prospecting_video,,,0
514434,2025-05-19,paid_social,prospecting_video,,,0
514435,2025-05-19,paid_social,retargeting,2025-05-20,monthly,29.97
514436,2025-05-19,paid_social,prospecting_video,,,0
514437,2025-05-19,paid_social,retargeting,,,0
514438,2025-05-19,affiliate,finance_blogs,,,0
514439,2025-05-19,paid_social,prospecting_video,,,0
514440,2025-05-19,paid_social,prospecting_video,,,0
514441,2025-05-19,paid_social,prospecting_video,,,0
514442,2025-05-19,paid_search,generic_search,2025-05-19,monthly,9.99
514443,2025-05-19,paid_social,retargeting,,,0
514444,2025-05-19,paid_social,prospecting_video,,,0
514445,2025-05-19,organic,,,,0
514446,2025-05-19,organic,,2025-05-19,monthly,29.97
514447,2025-05-19,paid_social,prospecting_video,,,0
514448,2025-05-19,paid_search,generic_search,,,0
514449,2025-05-19,organic,,,,0
514450,2025-05-19,paid_social,retargeting,,,0
514451,2025-05-19,paid_search,brand_search,,,0
514452,2025-05-19,paid_social,retargeting,,,0
514453,2025-05-19,paid_social,prospecting_video,,,0
514454,2025-05-19,paid_social,prospecting_video,,,0
514455,2025-05-19,organic,,,,0
514456,2025-05-20,paid_social,prospecting_video,,,0
514457,2025-05-20,organic,,,,0
514458,2025-05-20,paid_social,retargeting,2025-05-27,annual,79.99
514459,2025-05-20,paid_social,prospecting_video,,,0
514460,2025-05-20,paid_social,prospecting_video,,,0
514461,2025-05-20,paid_social,prospecting_video,,,0
514462,2025-05-20,paid_social,prospecting_video,,,0
514463,2025-05-20,paid_social,retargeting,,,0
514464,2025-05-20,paid_social,retargeting,,,0
514465,2025-05-20,paid_search,brand_search,2025-05-21,annual,79.99
514466,2025-05-20,paid_social,retargeting,,,0
514467,2025-05-20,paid_social,retargeting,,,0
514468,2025-05-20,paid_social,retargeting,2025-05-20,monthly,29.97
514469,2025-05-20,paid_social,prospecting_video,,,0
514470,2025-05-20,paid_social,prospecting_video,,,0
514471,2025-05-20,paid_social,retargeting,,,0
514472,2025-05-20,paid_social,retargeting,,,0
514473,2025-05-20,paid_social,prospecting_video,,,0
514474,2025-05-20,paid_social,prospecting_video,,,0
514475,2025-05-20,paid_social,prospecting_video,,,0
514476,2025-05-20,paid_social,prospecting_video,,,0
514477,2025-05-20,paid_social,prospecting_video,,,0
514478,2025-05-20,paid_search,brand_search,,,0
514479,2025-05-20,affiliate,finance_blogs,,,0
514480,2025-05-20,paid_search,generic_search,,,0
514481,2025-05-20,paid_search,brand_search,,,0
514482,2025-05-20,organic,,,,0
514483,2025-05-20,paid_social,prospecting_video,,,0
514484,2025-05-20,paid_social,prospecting_video,,,0
514485,2025-05-20,paid_social,retargeting,2025-05-29,annual,79.99
514486,2025-05-20,paid_search,generic_search,,,0
514487,2025-05-20,organic,,,,0
514488,2025-05-20,organic,,,,0
514489,2025-05-20,organic,,,,0
514490,2025-05-20,paid_search,brand_search,,,0
514491,2025-05-20,paid_social,retargeting,,,0
514492,2025-05-20,organic,,,,0
514493,2025-05-20,paid_social,prospecting_video,,,0
514494,2025-05-20,organic,,,,0
514495,2025-05-20,organic,,,,0
514496,2025-05-20,paid_search,generic_search,,,0
514497,2025-05-20,paid_search,generic_search,,,0
514498,2025-05-20,paid_social,prospecting_video,,,0
514499,2025-05-20,paid_social,retargeting,,,0
514500,2025-05-20,paid_social,prospecting_video,,,0
514501,2025-05-20,paid_social,prospecting_video,,,0
514502,2025-05-20,paid_social,prospecting_video,,,0
514503,2025-05-20,paid_search,generic_search,,,0
514504,2025-05-20,organic,,,,0
514505,2025-05-20,organic,,,,0
514506,2025-05-20,paid_social,prospecting_video,,,0
514507,2025-05-20,paid_social,retargeting,2025-05-20,monthly,29.97
514508,2025-05-20,paid_social,prospecting_video,,,0
514509,2025-05-20,paid_social,retargeting,,,0
514510,2025-05-20,paid_social,prospecting_video,,,0
514511,2025-05-20,paid_search,generic_search,,,0
514512,2025-05-20,paid_social,prospecting_video,,,0
514513,2025-05-20,paid_search,brand_search,2025-05-31,monthly,19.98
514514,2025-05-20,referral,,,,0
514515,2025-05-20,paid_social,prospecting_video,,,0
514516,2025-05-20,paid_search,generic_search,,,0
514517,2025-05-20,paid_social,prospecting_video,,,0
514518,2025-05-20,paid_search,generic_search,,,0
514519,2025-05-20,paid_search,generic_search,,,0
514520,2025-05-20,organic,,,,0
514521,2025-05-20,paid_search,generic_search,2025-05-24,monthly,9.99
514522,2025-05-20,paid_social,retargeting,,,0
514523,2025-05-20,paid_social,retargeting,,,0
514524,2025-05-20,organic,,,,0
514525,2025-05-20,paid_social,prospecting_video,,,0
514526,2025-05-20,organic,,,,0
514527,2025-05-20,affiliate,finance_blogs,,,0
514528,2025-05-20,paid_search,generic_search,,,0
514529,2025-05-20,paid_search,brand_search,2025-05-20,monthly,19.98
514530,2025-05-20,organic,,,,0
514531,2025-05-20,paid_social,prospecting_video,,,0
514532,2025-05-20,paid_social,prospecting_video,,,0
514533,2025-05-20,paid_social,prospecting_video,,,0
514534,2025-05-20,organic,,,,0
514535,2025-05-20,organic,,,,0
514536,2025-05-20,paid_search,brand_search,,,0
514537,2025-05-20,paid_search,generic_search,,,0
514538,2025-05-20,paid_social,prospecting_video,,,0
514539,2025-05-20,paid_search,brand_search,,,0
514540,2025-05-20,paid_social,prospecting_video,,,0
514541,2025-05-20,paid_social,prospecting_video,,,0
514542,2025-05-20,paid_social,prospecting_video,,,0
514543,2025-05-20,paid_social,retargeting,,,0
514544,2025-05-20,paid_social,prospecting_video,,,0
514545,2025-05-20,paid_social,prospecting_video,,,0
514546,2025-05-20,paid_social,prospecting_video,,,0
514547,2025-05-20,paid_social,retargeting,,,0
514548,2025-05-20,paid_social,retargeting,2025-05-20,monthly,29.97
514549,2025-05-20,referral,,,,0
514550,2025-05-20,paid_social,retargeting,,,0
514551,2025-05-20,paid_search,brand_search,,,0
514552,2025-05-20,paid_social,retargeting,,,0
514553,2025-05-21,paid_search,generic_search,2025-05-24,monthly,9.99
514554,2025-05-21,organic,,,,0
514555,2025-05-21,paid_social,retargeting,2025-05-23,monthly,19.98
514556,2025-05-21,paid_social,retargeting,,,0
514557,2025-05-21,paid_social,prospecting_video,,,0
514558,2025-05-21,paid_social,prospecting_video,,,0
514559,2025-05-21,paid_social,prospecting_video,,,0
514560,2025-05-21,paid_social,retargeting,2025-05-30,monthly,19.98
514561,2025-05-21,paid_social,prospecting_video,,,0
514562,2025-05-21,paid_search,brand_search,,,0
514563,2025-05-21,affiliate,finance_blogs,,,0
514564,2025-05-21,paid_search,generic_search,,,0
514565,2025-05-21,paid_social,prospecting_video,,,0
514566,2025-05-21,paid_social,retargeting,,,0
514567,2025-05-21,paid_social,retargeting,,,0
514568,2025-05-21,paid_social,prospecting_video,,,0
514569,2025-05-21,affiliate,finance_blogs,,,0
514570,2025-05-21,paid_search,brand_search,,,0
514571,2025-05-21,paid_search,generic_search,2025-05-24,monthly,29.97
514572,2025-05-21,paid_search,brand_search,,,0
514573,2025-05-21,affiliate,finance_blogs,,,0
514574,2025-05-21,paid_search,brand_search,,,0
514575,2025-05-21,paid_social,prospecting_video,,,0
514576,2025-05-21,organic,,,,0
514577,2025-05-21,paid_social,retargeting,,,0
514578,2025-05-21,paid_search,generic_search,,,0
514579,2025-05-21,affiliate,finance_blogs,,,0
514580,2025-05-21,paid_search,brand_search,2025-06-01,monthly,29.97
514581,2025-05-21,paid_social,prospecting_video,,,0
514582,2025-05-21,paid_social,retargeting,2025-05-26,annual,79.99
514583,2025-05-21,paid_search,brand_search,,,0
514584,2025-05-21,organic,,,,0
514585,2025-05-21,organic,,,,0
514586,2025-05-21,paid_social,prospecting_video,,,0
514587,2025-05-21,paid_search,generic_search,,,0
514588,2025-05-21,organic,,,,0
514589,2025-05-21,referral,,,,0
514590,2025-05-21,paid_social,prospecting_video,,,0
514591,2025-05-21,referral,,,,0
514592,2025-05-21,paid_social,prospecting_video,,,0
514593,2025-05-21,organic,,,,0
514594,2025-05-21,paid_search,generic_search,,,0
514595,2025-05-21,paid_social,prospecting_video,,,0
514596,2025-05-21,paid_social,prospecting_video,,,0
514597,2025-05-21,paid_social,prospecting_video,,,0
514598,2025-05-21,organic,,,,0
514599,2025-05-21,paid_social,prospecting_video,2025-05-24,monthly,29.97
514600,2025-05-21,paid_social,retargeting,,,0
514601,2025-05-21,paid_search,generic_search,,,0
514602,2025-05-21,paid_search,brand_search,,,0
514603,2025-05-21,referral,,,,0
514604,2025-05-21,paid_social,prospecting_video,,,0
514605,2025-05-21,paid_search,brand_search,2025-05-21,annual,79.99
514606,2025-05-21,referral,,,,0
514607,2025-05-21,paid_search,brand_search,2025-05-24,monthly,9.99
514608,2025-05-21,organic,,,,0
514609,2025-05-21,paid_social,prospecting_video,,,0
514610,2025-05-21,paid_social,prospecting_video,,,0
514611,2025-05-21,paid_social,prospecting_video,,,0
514612,2025-05-21,paid_social,prospecting_video,,,0
514613,2025-05-21,paid_search,generic_search,,,0
514614,2025-05-21,paid_social,prospecting_video,,,0
514615,2025-05-21,paid_social,retargeting,,,0
514616,2025-05-21,paid_social,retargeting,,,0
514617,2025-05-21,paid_social,prospecting_video,,,0
514618,2025-05-21,paid_search,generic_search,,,0
514619,2025-05-21,paid_social,retargeting,,,0
514620,2025-05-21,paid_social,prospecting_video,,,0
514621,2025-05-21,organic,,,,0
514622,2025-05-21,paid_social,prospecting_video,,,0
514623,2025-05-21,paid_social,prospecting_video,,,0
514624,2025-05-21,paid_social,prospecting_video,,,0
514625,2025-05-21,paid_social,prospecting_video,,,0
514626,2025-05-21,paid_social,retargeting,,,0
514627,2025-05-21,paid_social,prospecting_video,,,0
514628,2025-05-21,paid_social,prospecting_video,,,0
514629,2025-05-21,paid_search,brand_search,,,0
514630,2025-05-21,paid_search,generic_search,,,0
514631,2025-05-21,paid_social,prospecting_video,,,0
514632,2025-05-21,paid_social,retargeting,2025-05-21,monthly,19.98
514633,2025-05-21,paid_social,retargeting,2025-05-24,monthly,29.97
514634,2025-05-21,organic,,,,0
514635,2025-05-21,paid_social,prospecting_video,,,0
514636,2025-05-21,paid_social,prospecting_video,,,0
514637,2025-05-21,paid_social,retargeting,,,0
514638,2025-05-21,organic,,,,0
514639,2025-05-21,organic,,,,0
514640,2025-05-21,organic,,,,0
514641,2025-05-21,organic,,,,0
514642,2025-05-21,organic,,,,0
514643,2025-05-21,organic,,,,0
514644,2025-05-21,paid_social,prospecting_video,,,0
514645,2025-05-21,paid_search,brand_search,,,0
514646,2025-05-21,referral,,,,0
514647,2025-05-21,paid_search,brand_search,2025-05-21,monthly,29.97
514648,2025-05-21,paid_social,prospecting_video,,,0
514649,2025-05-21,organic,,,,0
514650,2025-05-21,organic,,,,0
514651,2025-05-21,paid_search,generic_search,2025-05-21,monthly,9.99
514652,2025-05-21,paid_search,brand_search,,,0
514653,2025-05-21,paid_search,brand_search,,,0
514654,2025-05-21,affiliate,finance_blogs,,,0
514655,2025-05-21,paid_search,brand_search,,,0
514656,2025-05-21,paid_social,prospecting_video,,,0
514657,2025-05-21,paid_social,prospecting_video,,,0
514658,2025-05-21,organic,,,,0
514659,2025-05-21,paid_social,retargeting,,,0
514660,2025-05-21,affiliate,finance_blogs,,,0
514661,2025-05-21,paid_search,brand_search,,,0
514662,2025-05-21,organic,,,,0
514663,2025-05-21,paid_search,brand_search,,,0
514664,2025-05-21,paid_search,brand_search,,,0
514665,2025-05-21,paid_social,prospecting_video,,,0
514666,2025-05-21,paid_search,generic_search,,,0
514667,2025-05-21,paid_search,brand_search,,,0
514668,2025-05-21,referral,,,,0
514669,2025-05-21,paid_social,retargeting,,,0
514670,2025-05-21,organic,,,,0
514671,2025-05-21,paid_social,prospecting_video,2025-05-22,monthly,29.97
514672,2025-05-21,paid_search,generic_search,,,0
514673,2025-05-22,paid_social,retargeting,2025-05-24,monthly,9.99
514674,2025-05-22,organic,,,,0
514675,2025-05-22,paid_social,prospecting_video,,,0
514676,2025-05-22,paid_social,prospecting_video,,,0
514677,2025-05-22,paid_social,prospecting_video,,,0
514678,2025-05-22,paid_search,brand_search,,,0
514679,2025-05-22,organic,,,,0
514680,2025-05-22,organic,,2025-05-25,annual,79.99
514681,2025-05-22,affiliate,finance_blogs,,,0
514682,2025-05-22,paid_social,prospecting_video,,,0
514683,2025-05-22,paid_search,brand_search,,,0
514684,2025-05-22,paid_search,generic_search,,,0
514685,2025-05-22,affiliate,finance_blogs,,,0
514686,2025-05-22,organic,,2025-05-23,annual,79.99
514687,2025-05-22,paid_search,brand_search,,,0
514688,2025-05-22,paid_social,prospecting_video,,,0
514689,2025-05-22,paid_social,retargeting,,,0
514690,2025-05-22,paid_social,prospecting_video,,,0
514691,2025-05-22,paid_social,prospecting_video,,,0
514692,2025-05-22,paid_social,prospecting_video,,,0
514693,2025-05-22,paid_social,prospecting_video,,,0
514694,2025-05-22,paid_social,prospecting_video,,,0
514695,2025-05-22,organic,,,,0
514696,2025-05-22,affiliate,finance_blogs,,,0
514697,2025-05-22,affiliate,finance_blogs,,,0
514698,2025-05-22,paid_social,prospecting_video,,,0
514699,2025-05-22,paid_social,prospecting_video,,,0
514700,2025-05-22,organic,,,,0
514701,2025-05-22,paid_social,prospecting_video,,,0
514702,2025-05-22,paid_search,brand_search,,,0
514703,2025-05-22,organic,,,,0
514704,2025-05-22,paid_social,prospecting_video,,,0
514705,2025-05-22,paid_social,prospecting_video,,,0
514706,2025-05-22,organic,,,,0
514707,2025-05-22,paid_social,prospecting_video,,,0
514708,2025-05-22,paid_search,brand_search,,,0
514709,2025-05-22,paid_search,generic_search,,,0
514710,2025-05-22,paid_social,retargeting,2025-05-26,monthly,9.99
514711,2025-05-22,paid_search,generic_search,,,0
514712,2025-05-22,paid_social,prospecting_video,,,0
514713,2025-05-22,affiliate,finance_blogs,,,0
514714,2025-05-22,organic,,,,0
514715,2025-05-22,paid_social,prospecting_video,,,0
514716,2025-05-22,referral,,,,0
514717,2025-05-22,paid_social,retargeting,,,0
514718,2025-05-22,organic,,,,0
514719,2025-05-22,paid_social,prospecting_video,,,0
514720,2025-05-22,paid_search,generic_search,,,0
514721,2025-05-22,affiliate,finance_blogs,,,0
514722,2025-05-22,paid_social,prospecting_video,,,0
514723,2025-05-22,paid_search,brand_search,,,0
514724,2025-05-22,paid_social,prospecting_video,,,0
514725,2025-05-22,paid_social,prospecting_video,,,0
514726,2025-05-22,paid_social,prospecting_video,,,0
514727,2025-05-22,paid_search,brand_search,,,0
514728,2025-05-22,paid_search,brand_search,,,0
514729,2025-05-22,paid_social,retargeting,,,0
514730,2025-05-22,paid_social,retargeting,2025-05-23,annual,79.99
514731,2025-05-22,affiliate,finance_blogs,,,0
514732,2025-05-22,affiliate,finance_blogs,,,0
514733,2025-05-22,paid_search,brand_search,,,0
514734,2025-05-22,paid_search,brand_search,2025-05-29,monthly,9.99
514735,2025-05-22,paid_search,brand_search,,,0
514736,2025-05-22,paid_social,prospecting_video,,,0
514737,2025-05-22,paid_social,prospecting_video,,,0
514738,2025-05-22,organic,,,,0
514739,2025-05-22,organic,,2025-05-26,annual,79.99
514740,2025-05-22,paid_search,generic_search,,,0
514741,2025-05-22,paid_social,prospecting_video,,,0
514742,2025-05-22,organic,,,,0
514743,2025-05-22,referral,,,,0
514744,2025-05-22,paid_social,prospecting_video,,,0
514745,2025-05-22,paid_search,brand_search,,,0
514746,2025-05-22,paid_search,generic_search,2025-05-23,monthly,29.97
514747,2025-05-22,organic,,,,0
514748,2025-05-22,paid_search,generic_search,2025-05-28,annual,79.99
514749,2025-05-22,paid_social,retargeting,,,0
514750,2025-05-22,organic,,,,0
514751,2025-05-22,paid_search,generic_search,,,0
514752,2025-05-22,paid_social,prospecting_video,,,0
514753,2025-05-22,paid_search,generic_search,2025-05-22,monthly,29.97
514754,2025-05-22,referral,,,,0
514755,2025-05-22,referral,,2025-05-28,annual,79.99
514756,2025-05-22,organic,,,,0
514757,2025-05-22,paid_social,prospecting_video,,,0
514758,2025-05-22,paid_social,retargeting,,,0
514759,2025-05-22,paid_search,brand_search,,,0
514760,2025-05-22,referral,,,,0
514761,2025-05-22,paid_social,prospecting_video,,,0
514762,2025-05-22,paid_social,prospecting_video,,,0
514763,2025-05-22,organic,,,,0
514764,2025-05-22,paid_social,prospecting_video,,,0
514765,2025-05-22,paid_search,brand_search,2025-05-23,annual,79.99
514766,2025-05-22,paid_social,prospecting_video,,,0
514767,2025-05-22,paid_search,generic_search,,,0
514768,2025-05-22,paid_social,prospecting_video,,,0
514769,2025-05-22,paid_social,prospecting_video,,,0
514770,2025-05-22,paid_search,generic_search,,,0
514771,2025-05-22,paid_social,prospecting_video,,,0
514772,2025-05-22,paid_search,generic_search,,,0
514773,2025-05-22,paid_social,retargeting,2025-05-22,monthly,9.99
514774,2025-05-22,paid_search,brand_search,,,0
514775,2025-05-22,paid_social,retargeting,,,0
514776,2025-05-22,paid_social,prospecting_video,,,0
514777,2025-05-22,paid_social,prospecting_video,,,0
514778,2025-05-22,organic,,2025-06-03,annual,79.99
514779,2025-05-22,paid_search,brand_search,,,0
514780,2025-05-22,paid_search,brand_search,,,0
514781,2025-05-22,paid_search,generic_search,,,0
514782,2025-05-22,paid_search,brand_search,,,0
514783,2025-05-22,paid_social,prospecting_video,,,0
514784,2025-05-22,organic,,,,0
514785,2025-05-22,organic,,,,0
514786,2025-05-22,organic,,,,0
514787,2025-05-23,paid_social,prospecting_video,,,0
514788,2025-05-23,referral,,,,0
514789,2025-05-23,paid_social,prospecting_video,,,0
514790,2025-05-23,referral,,2025-05-27,monthly,29.97
514791,2025-05-23,paid_social,prospecting_video,,,0
514792,2025-05-23,paid_social,retargeting,,,0
514793,2025-05-23,organic,,,,0
514794,2025-05-23,referral,,2025-05-28,monthly,29.97
514795,2025-05-23,referral,,,,0
514796,2025-05-23,paid_search,generic_search,,,0
514797,2025-05-23,paid_social,prospecting_video,,,0
514798,2025-05-23,paid_search,brand_search,2025-05-31,annual,79.99
514799,2025-05-23,paid_social,prospecting_video,,,0
514800,2025-05-23,organic,,,,0
514801,2025-05-23,paid_search,brand_search,,,0
514802,2025-05-23,organic,,,,0
514803,2025-05-23,paid_social,prospecting_video,,,0
514804,2025-05-23,paid_social,prospecting_video,,,0
514805,2025-05-23,affiliate,finance_blogs,,,0
514806,2025-05-23,organic,,2025-05-28,monthly,29.97
514807,2025-05-23,paid_social,prospecting_video,,,0
514808,2025-05-23,paid_social,retargeting,,,0
514809,2025-05-23,paid_social,retargeting,,,0
514810,2025-05-23,paid_social,prospecting_video,,,0
514811,2025-05-23,paid_social,prospecting_video,,,0
514812,2025-05-23,paid_search,generic_search,,,0
514813,2025-05-23,paid_search,brand_search,2025-05-24,monthly,9.99
514814,2025-05-23,paid_social,prospecting_video,,,0
514815,2025-05-23,paid_social,prospecting_video,,,0
514816,2025-05-23,paid_social,retargeting,,,0
514817,2025-05-23,referral,,,,0
514818,2025-05-23,paid_search,generic_search,,,0
514819,2025-05-23,paid_social,prospecting_video,,,0
514820,2025-05-23,paid_social,retargeting,,,0
514821,2025-05-23,paid_social,prospecting_video,,,0
514822,2025-05-23,paid_social,retargeting,2025-05-29,monthly,29.97
514823,2025-05-23,paid_social,prospecting_video,,,0
514824,2025-05-23,organic,,,,0
514825,2025-05-23,paid_social,prospecting_video,,,0
514826,2025-05-23,paid_social,prospecting_video,,,0
514827,2025-05-23,paid_social,prospecting_video,,,0
514828,2025-05-23,referral,,,,0
514829,2025-05-23,paid_search,brand_search,,,0
514830,2025-05-23,paid_social,prospecting_video,,,0
514831,2025-05-23,organic,,2025-05-24,monthly,9.99
514832,2025-05-23,paid_social,prospecting_video,,,0
514833,2025-05-23,affiliate,finance_blogs,,,0
514834,2025-05-23,paid_social,prospecting_video,,,0
514835,2025-05-23,organic,,,,0
514836,2025-05-23,organic,,,,0
514837,2025-05-23,paid_social,retargeting,2025-05-23,annual,79.99
514838,2025-05-23,paid_social,retargeting,2025-05-27,annual,79.99
514839,2025-05-23,paid_social,prospecting_video,,,0
514840,2025-05-23,paid_social,retargeting,,,0
514841,2025-05-23,paid_search,generic_search,,,0
514842,2025-05-23,paid_social,retargeting,2025-05-25,monthly,29.97
514843,2025-05-23,paid_social,prospecting_video,,,0
514844,2025-05-23,paid_social,retargeting,,,0
514845,2025-05-23,paid_search,brand_search,,,0
514846,2025-05-23,paid_search,brand_search,,,0
514847,2025-05-23,paid_social,prospecting_video,,,0
514848,2025-05-23,organic,,,,0
514849,2025-05-23,paid_search,generic_search,,,0
514850,2025-05-23,paid_search,generic_search,2025-05-25,monthly,9.99
514851,2025-05-23,paid_search,brand_search,,,0
514852,2025-05-23,organic,,2025-05-27,monthly,9.99
514853,2025-05-23,paid_search,brand_search,,,0
514854,2025-05-23,paid_search,generic_search,,,0
514855,2025-05-23,organic,,,,0
514856,2025-05-23,paid_social,prospecting_video,,,0
514857,2025-05-23,paid_search,generic_search,,,0
514858,2025-05-23,organic,,,,0
514859,2025-05-23,paid_social,retargeting,2025-05-25,annual,79.99
514860,2025-05-23,paid_social,prospecting_video,2025-05-27,monthly,9.99
514861,2025-05-23,organic,,,,0
514862,2025-05-23,paid_social,retargeting,,,0
514863,2025-05-23,organic,,,,0
514864,2025-05-23,paid_social,prospecting_video,,,0
514865,2025-05-23,paid_social,retargeting,,,0
514866,2025-05-23,affiliate,finance_blogs,,,0
514867,2025-05-23,paid_social,prospecting_video,,,0
514868,2025-05-23,paid_social,retargeting,,,0
514869,2025-05-23,organic,,2025-05-25,annual,79.99
514870,2025-05-23,paid_social,prospecting_video,,,0
514871,2025-05-23,paid_social,prospecting_video,,,0
514872,2025-05-23,organic,,,,0
514873,2025-05-23,paid_social,retargeting,,,0
514874,2025-05-23,paid_social,retargeting,,,0
514875,2025-05-23,paid_social,prospecting_video,,,0
514876,2025-05-23,paid_search,brand_search,,,0
514877,2025-05-23,paid_social,prospecting_video,,,0
514878,2025-05-23,organic,,,,0
514879,2025-05-23,paid_social,prospecting_video,,,0
514880,2025-05-23,organic,,,,0
514881,2025-05-23,paid_social,prospecting_video,,,0
514882,2025-05-23,referral,,2025-05-26,annual,79.99
514883,2025-05-23,paid_search,brand_search,2025-05-24,monthly,29.97
514884,2025-05-23,paid_social,prospecting_video,,,0
514885,2025-05-23,paid_social,prospecting_video,,,0
514886,2025-05-23,paid_social,prospecting_video,,,0
514887,2025-05-23,organic,,,,0
514888,2025-05-23,organic,,,,0
514889,2025-05-23,paid_social,retargeting,,,0
514890,2025-05-23,paid_social,prospecting_video,,,0
514891,2025-05-23,referral,,,,0
514892,2025-05-23,paid_search,brand_search,,,0
514893,2025-05-23,paid_social,prospecting_video,,,0
514894,2025-05-23,paid_social,prospecting_video,,,0
514895,2025-05-23,paid_social,retargeting,,,0
514896,2025-05-23,paid_search,generic_search,,,0
514897,2025-05-23,paid_search,brand_search,,,0
514898,2025-05-23,paid_social,prospecting_video,,,0
514899,2025-05-24,paid_social,retargeting,,,0
514900,2025-05-24,organic,,,,0
514901,2025-05-24,organic,,,,0
514902,2025-05-24,affiliate,finance_blogs,,,0
514903,2025-05-24,paid_social,retargeting,,,0
514904,2025-05-24,paid_social,retargeting,2025-05-26,monthly,9.99
514905,2025-05-24,paid_social,prospecting_video,,,0
514906,2025-05-24,paid_search,brand_search,2025-05-25,monthly,29.97
514907,2025-05-24,paid_social,prospecting_video,,,0
514908,2025-05-24,organic,,,,0
514909,2025-05-24,affiliate,finance_blogs,,,0
514910,2025-05-24,referral,,,,0
514911,2025-05-24,affiliate,finance_blogs,,,0
514912,2025-05-24,paid_search,brand_search,2025-06-04,monthly,29.97
514913,2025-05-24,organic,,,,0
514914,2025-05-24,paid_social,prospecting_video,,,0
514915,2025-05-24,paid_social,prospecting_video,,,0
514916,2025-05-24,paid_social,prospecting_video,,,0
514917,2025-05-24,paid_social,prospecting_video,2025-05-27,annual,79.99
514918,2025-05-24,paid_social,prospecting_video,,,0
514919,2025-05-24,referral,,,,0
514920,2025-05-24,paid_social,prospecting_video,2025-05-24,annual,79.99
514921,2025-05-24,paid_social,prospecting_video,,,0
514922,2025-05-24,referral,,,,0
514923,2025-05-24,paid_search,generic_search,,,0
514924,2025-05-24,organic,,,,0
514925,2025-05-24,paid_search,brand_search,,,0
514926,2025-05-24,affiliate,finance_blogs,2025-05-24,monthly,29.97
514927,2025-05-24,organic,,,,0
514928,2025-05-24,paid_social,prospecting_video,2025-05-26,monthly,29.97
514929,2025-05-24,organic,,,,0
514930,2025-05-24,paid_social,prospecting_video,,,0
514931,2025-05-24,paid_social,prospecting_video,,,0
514932,2025-05-24,paid_social,retargeting,,,0
514933,2025-05-24,paid_social,prospecting_video,,,0
514934,2025-05-24,paid_social,prospecting_video,,,0
514935,2025-05-24,paid_social,retargeting,,,0
514936,2025-05-24,paid_social,prospecting_video,,,0
514937,2025-05-24,organic,,,,0
514938,2025-05-24,paid_social,prospecting_video,,,0
514939,2025-05-24,referral,,,,0
514940,2025-05-24,organic,,,,0
514941,2025-05-24,organic,,,,0
514942,2025-05-24,organic,,,,0
514943,2025-05-24,affiliate,finance_blogs,,,0
514944,2025-05-24,organic,,,,0
514945,2025-05-24,paid_social,prospecting_video,,,0
514946,2025-05-24,organic,,,,0
514947,2025-05-24,paid_social,prospecting_video,,,0
514948,2025-05-24,paid_social,prospecting_video,,,0
514949,2025-05-24,referral,,,,0
514950,2025-05-24,paid_search,brand_search,2025-05-26,monthly,19.98
514951,2025-05-24,organic,,,,0
514952,2025-05-24,organic,,,,0
514953,2025-05-24,paid_social,prospecting_video,,,0
514954,2025-05-24,paid_social,prospecting_video,,,0
514955,2025-05-24,paid_social,retargeting,,,0
514956,2025-05-24,paid_social,prospecting_video,,,0
514957,2025-05-24,paid_social,prospecting_video,,,0
514958,2025-05-24,paid_search,brand_search,,,0
514959,2025-05-24,affiliate,finance_blogs,,,0
514960,2025-05-24,paid_social,prospecting_video,,,0
514961,2025-05-24,paid_social,prospecting_video,,,0
514962,2025-05-24,referral,,,,0
514963,2025-05-24,organic,,,,0
514964,2025-05-24,paid_search,generic_search,,,0
514965,2025-05-24,organic,,,,0
514966,2025-05-24,organic,,,,0
514967,2025-05-24,paid_social,retargeting,,,0
514968,2025-05-24,paid_search,generic_search,,,0
514969,2025-05-24,organic,,2025-05-24,annual,79.99
514970,2025-05-24,paid_search,generic_search,2025-05-29,monthly,9.99
514971,2025-05-24,paid_search,brand_search,,,0
514972,2025-05-24,paid_social,prospecting_video,,,0
514973,2025-05-24,organic,,2025-05-24,monthly,29.97
514974,2025-05-24,paid_social,retargeting,,,0
514975,2025-05-24,paid_social,prospecting_video,,,0
514976,2025-05-24,paid_social,prospecting_video,2025-05-25,annual,79.99
514977,2025-05-24,paid_search,brand_search,2025-05-29,monthly,29.97
514978,2025-05-24,affiliate,finance_blogs,,,0
514979,2025-05-24,organic,,2025-05-28,monthly,29.97
514980,2025-05-24,organic,,,,0
514981,2025-05-24,organic,,,,0
514982,2025-05-24,paid_social,retargeting,,,0
514983,2025-05-24,paid_search,generic_search,2025-05-24,monthly,19.98
514984,2025-05-24,paid_social,retargeting,,,0
514985,2025-05-25,paid_search,generic_search,,,0
514986,2025-05-25,paid_social,prospecting_video,,,0
514987,2025-05-25,paid_search,brand_search,,,0
514988,2025-05-25,paid_social,retargeting,,,0
514989,2025-05-25,organic,,2025-05-25,monthly,19.98
514990,2025-05-25,paid_social,prospecting_video,,,0
514991,2025-05-25,paid_social,prospecting_video,,,0
514992,2025-05-25,paid_social,prospecting_video,,,0
514993,2025-05-25,paid_social,prospecting_video,,,0
514994,2025-05-25,referral,,,,0
514995,2025-05-25,paid_social,retargeting,,,0
514996,2025-05-25,referral,,,,0
514997,2025-05-25,paid_social,prospecting_video,,,0
514998,2025-05-25,paid_social,prospecting_video,2025-06-07,monthly,9.99
514999,2025-05-25,organic,,,,0
515000,2025-05-25,paid_search,generic_search,,,0
515001,2025-05-25,paid_search,brand_search,,,0
515002,2025-05-25,paid_social,prospecting_video,,,0
515003,2025-05-25,paid_search,brand_search,,,0
515004,2025-05-25,paid_search,brand_search,,,0
515005,2025-05-25,paid_search,brand_search,,,0
515006,2025-05-25,paid_social,prospecting_video,,,0
515007,2025-05-25,paid_social,prospecting_video,,,0
515008,2025-05-25,affiliate,finance_blogs,,,0
515009,2025-05-25,paid_social,retargeting,,,0
515010,2025-05-25,organic,,,,0
515011,2025-05-25,paid_social,retargeting,2025-06-07,annual,79.99
515012,2025-05-25,organic,,,,0
515013,2025-05-25,paid_search,brand_search,,,0
515014,2025-05-25,paid_search,brand_search,,,0
515015,2025-05-25,paid_social,prospecting_video,,,0
515016,2025-05-25,affiliate,finance_blogs,,,0
515017,2025-05-25,paid_social,prospecting_video,,,0
515018,2025-05-25,organic,,2025-05-30,monthly,19.98
515019,2025-05-25,paid_social,retargeting,,,0
515020,2025-05-25,paid_search,brand_search,,,0
515021,2025-05-25,paid_search,generic_search,,,0
515022,2025-05-25,paid_search,generic_search,,,0
515023,2025-05-25,referral,,2025-05-27,monthly,29.97
515024,2025-05-25,organic,,,,0
515025,2025-05-25,organic,,,,0
515026,2025-05-25,organic,,,,0
515027,2025-05-25,organic,,,,0
515028,2025-05-25,paid_social,prospecting_video,,,0
515029,2025-05-25,paid_social,retargeting,,,0
515030,2025-05-25,paid_social,prospecting_video,,,0
515031,2025-05-25,organic,,,,0
515032,2025-05-25,paid_search,generic_search,2025-05-25,monthly,29.97
515033,2025-05-25,paid_search,generic_search,,,0
515034,2025-05-25,paid_social,retargeting,,,0
515035,2025-05-25,paid_social,prospecting_video,,,0
515036,2025-05-25,organic,,,,0
515037,2025-05-25,paid_search,brand_search,,,0
515038,2025-05-25,organic,,,,0
515039,2025-05-25,paid_social,prospecting_video,,,0
515040,2025-05-25,organic,,,,0
515041,2025-05-25,paid_social,prospecting_video,,,0
515042,2025-05-25,paid_social,prospecting_video,,,0
515043,2025-05-25,paid_search,brand_search,,,0
515044,2025-05-25,paid_search,generic_search,,,0
515045,2025-05-25,paid_search,generic_search,,,0
515046,2025-05-25,organic,,2025-05-25,monthly,29.97
515047,2025-05-25,paid_social,prospecting_video,,,0
515048,2025-05-25,paid_social,prospecting_video,,,0
515049,2025-05-25,referral,,,,0
515050,2025-05-25,paid_social,prospecting_video,,,0
515051,2025-05-25,paid_social,prospecting_video,,,0
515052,2025-05-25,organic,,,,0
515053,2025-05-25,paid_social,retargeting,,,0
515054,2025-05-25,organic,,,,0
515055,2025-05-25,paid_search,brand_search,,,0
515056,2025-05-25,paid_social,prospecting_video,,,0
515057,2025-05-25,paid_social,prospecting_video,,,0
515058,2025-05-25,organic,,,,0
515059,2025-05-25,paid_social,prospecting_video,,,0
515060,2025-05-25,paid_social,prospecting_video,,,0
515061,2025-05-25,paid_social,retargeting,,,0
515062,2025-05-25,paid_search,brand_search,,,0
515063,2025-05-25,organic,,2025-05-26,monthly,29.97
515064,2025-05-25,organic,,,,0
515065,2025-05-25,paid_social,prospecting_video,,,0
515066,2025-05-25,paid_social,prospecting_video,,,0
515067,2025-05-25,organic,,,,0
515068,2025-05-26,paid_search,brand_search,,,0
515069,2025-05-26,paid_social,retargeting,,,0
515070,2025-05-26,organic,,,,0
515071,2025-05-26,paid_social,prospecting_video,,,0
515072,2025-05-26,paid_search,brand_search,,,0
515073,2025-05-26,paid_search,brand_search,,,0
515074,2025-05-26,paid_search,generic_search,,,0
515075,2025-05-26,organic,,,,0
515076,2025-05-26,affiliate,finance_blogs,,,0
515077,2025-05-26,paid_social,prospecting_video,,,0
515078,2025-05-26,paid_social,retargeting,2025-05-29,monthly,29.97
515079,2025-05-26,paid_search,generic_search,,,0
515080,2025-05-26,paid_social,retargeting,,,0
515081,2025-05-26,paid_search,generic_search,,,0
515082,2025-05-26,paid_social,prospecting_video,,,0
515083,2025-05-26,referral,,,,0
515084,2025-05-26,affiliate,finance_blogs,,,0
515085,2025-05-26,paid_social,prospecting_video,,,0
515086,2025-05-26,paid_social,prospecting_video,,,0
515087,2025-05-26,referral,,,,0
515088,2025-05-26,paid_social,prospecting_video,,,0
515089,2025-05-26,paid_search,generic_search,,,0
515090,2025-05-26,paid_social,prospecting_video,,,0
515091,2025-05-26,paid_social,retargeting,,,0
515092,2025-05-26,paid_social,retargeting,,,0
515093,2025-05-26,paid_search,generic_search,,,0
515094,2025-05-26,paid_social,prospecting_video,,,0
515095,2025-05-26,paid_social,prospecting_video,,,0
515096,2025-05-26,organic,,,,0
515097,2025-05-26,paid_search,brand_search,,,0
515098,2025-05-26,paid_search,generic_search,2025-06-02,monthly,29.97
515099,2025-05-26,paid_social,prospecting_video,,,0
515100,2025-05-26,referral,,,,0
515101,2025-05-26,paid_social,prospecting_video,,,0
515102,2025-05-26,referral,,2025-05-26,monthly,29.97
515103,2025-05-26,referral,,,,0
515104,2025-05-26,paid_search,brand_search,2025-05-27,annual,79.99
515105,2025-05-26,paid_search,brand_search,,,0
515106,2025-05-26,paid_social,retargeting,,,0
515107,2025-05-26,organic,,,,0
515108,2025-05-26,paid_social,prospecting_video,,,0
515109,2025-05-26,paid_social,retargeting,,,0
515110,2025-05-26,organic,,,,0
515111,2025-05-26,paid_search,generic_search,,,0
515112,2025-05-26,paid_social,retargeting,2025-06-08,annual,79.99
515113,2025-05-26,paid_social,prospecting_video,,,0
515114,2025-05-26,referral,,2025-05-31,annual,79.99
515115,2025-05-26,paid_social,prospecting_video,2025-06-01,monthly,29.97
515116,2025-05-26,paid_social,retargeting,,,0
515117,2025-05-26,paid_social,prospecting_video,,,0
515118,2025-05-26,affiliate,finance_blogs,2025-06-08,annual,79.99
515119,2025-05-26,paid_social,retargeting,,,0
515120,2025-05-26,paid_social,retargeting,2025-05-28,monthly,29.97
515121,2025-05-26,paid_social,retargeting,2025-05-26,annual,79.99
515122,2025-05-26,paid_social,prospecting_video,,,0
515123,2025-05-26,paid_search,brand_search,,,0
515124,2025-05-26,paid_social,prospecting_video,,,0
515125,2025-05-26,paid_search,generic_search,,,0
515126,2025-05-26,paid_social,prospecting_video,,,0
515127,2025-05-26,affiliate,finance_blogs,,,0
515128,2025-05-26,paid_search,generic_search,,,0
515129,2025-05-26,paid_social,prospecting_video,,,0
515130,2025-05-26,paid_search,brand_search,2025-05-29,monthly,29.97
515131,2025-05-26,paid_social,prospecting_video,,,0
515132,2025-05-26,organic,,,,0
515133,2025-05-26,paid_social,prospecting_video,,,0
515134,2025-05-26,paid_social,retargeting,,,0
515135,2025-05-26,affiliate,finance_blogs,,,0
515136,2025-05-26,paid_social,prospecting_video,,,0
515137,2025-05-26,paid_search,generic_search,,,0
515138,2025-05-26,paid_social,prospecting_video,,,0
515139,2025-05-26,paid_search,generic_search,,,0
515140,2025-05-26,affiliate,finance_blogs,,,0
515141,2025-05-26,organic,,,,0
515142,2025-05-26,organic,,,,0
515143,2025-05-26,paid_social,retargeting,,,0
515144,2025-05-26,paid_social,prospecting_video,,,0
515145,2025-05-26,paid_social,prospecting_video,,,0
515146,2025-05-26,paid_social,prospecting_video,,,0
515147,2025-05-26,paid_search,brand_search,,,0
515148,2025-05-26,paid_social,retargeting,,,0
515149,2025-05-26,referral,,,,0
515150,2025-05-26,paid_search,brand_search,,,0
515151,2025-05-26,paid_social,retargeting,,,0
515152,2025-05-26,organic,,,,0
515153,2025-05-26,referral,,,,0
515154,2025-05-26,paid_social,prospecting_video,,,0
515155,2025-05-26,paid_search,brand_search,,,0
515156,2025-05-26,paid_social,prospecting_video,,,0
515157,2025-05-26,paid_social,prospecting_video,,,0
515158,2025-05-26,organic,,,,0
515159,2025-05-26,paid_social,prospecting_video,,,0
515160,2025-05-26,paid_social,prospecting_video,,,0
515161,2025-05-26,organic,,,,0
515162,2025-05-26,affiliate,finance_blogs,,,0
515163,2025-05-26,paid_social,prospecting_video,,,0
515164,2025-05-26,paid_social,prospecting_video,,,0
515165,2025-05-26,paid_social,prospecting_video,,,0
515166,2025-05-26,paid_social,prospecting_video,,,0
515167,2025-05-26,paid_search,generic_search,,,0
515168,2025-05-26,paid_social,prospecting_video,,,0
515169,2025-05-26,paid_search,generic_search,,,0
515170,2025-05-26,paid_search,generic_search,,,0
515171,2025-05-26,paid_search,generic_search,,,0
515172,2025-05-27,paid_social,prospecting_video,,,0
515173,2025-05-27,paid_search,generic_search,,,0
515174,2025-05-27,affiliate,finance_blogs,2025-05-29,monthly,29.97
515175,2025-05-27,paid_social,prospecting_video,,,0
515176,2025-05-27,paid_search,brand_search,,,0
515177,2025-05-27,paid_social,prospecting_video,,,0
515178,2025-05-27,paid_social,prospecting_video,,,0
515179,2025-05-27,organic,,,,0
515180,2025-05-27,organic,,,,0
515181,2025-05-27,paid_social,retargeting,,,0
515182,2025-05-27,paid_social,prospecting_video,2025-05-28,monthly,9.99
515183,2025-05-27,paid_social,prospecting_video,,,0
515184,2025-05-27,paid_social,retargeting,,,0
515185,2025-05-27,referral,,,,0
515186,2025-05-27,paid_social,prospecting_video,,,0
515187,2025-05-27,paid_social,prospecting_video,,,0
515188,2025-05-27,paid_social,retargeting,,,0
515189,2025-05-27,paid_social,prospecting_video,,,0
515190,2025-05-27,paid_social,prospecting_video,,,0
515191,2025-05-27,paid_social,retargeting,,,0
515192,2025-05-27,paid_social,prospecting_video,,,0
515193,2025-05-27,organic,,,,0
515194,2025-05-27,paid_social,prospecting_video,,,0
515195,2025-05-27,paid_social,retargeting,,,0
515196,2025-05-27,paid_social,prospecting_video,,,0
515197,2025-05-27,paid_social,retargeting,2025-05-29,monthly,29.97
515198,2025-05-27,paid_search,brand_search,2025-05-30,monthly,29.97
515199,2025-05-27,paid_social,prospecting_video,,,0
515200,2025-05-27,paid_social,retargeting,,,0
515201,2025-05-27,paid_social,prospecting_video,,,0
515202,2025-05-27,paid_search,brand_search,2025-05-30,monthly,29.97
515203,2025-05-27,paid_social,retargeting,,,0
515204,2025-05-27,paid_search,brand_search,,,0
515205,2025-05-27,paid_search,brand_search,,,0
515206,2025-05-27,paid_social,prospecting_video,,,0
515207,2025-05-27,paid_social,prospecting_video,,,0
515208,2025-05-27,organic,,,,0
515209,2025-05-27,paid_social,prospecting_video,,,0
515210,2025-05-27,affiliate,finance_blogs,,,0
515211,2025-05-27,organic,,,,0
515212,2025-05-27,paid_social,retargeting,,,0
515213,2025-05-27,organic,,,,0
515214,2025-05-27,paid_social,retargeting,,,0
515215,2025-05-27,paid_search,generic_search,,,0
515216,2025-05-27,paid_social,prospecting_video,,,0
515217,2025-05-27,paid_social,prospecting_video,,,0
515218,2025-05-27,organic,,,,0
515219,2025-05-27,paid_social,prospecting_video,,,0
515220,2025-05-27,paid_search,brand_search,,,0
515221,2025-05-27,paid_social,retargeting,,,0
515222,2025-05-27,paid_search,generic_search,2025-05-30,annual,79.99
515223,2025-05-27,paid_search,brand_search,,,0
515224,2025-05-27,organic,,,,0
515225,2025-05-27,referral,,,,0
515226,2025-05-27,paid_search,generic_search,,,0
515227,2025-05-27,paid_social,prospecting_video,,,0
515228,2025-05-27,paid_social,prospecting_video,,,0
515229,2025-05-27,organic,,,,0
515230,2025-05-27,paid_search,generic_search,,,0
515231,2025-05-27,paid_search,generic_search,,,0
515232,2025-05-27,paid_social,prospecting_video,,,0
515233,2025-05-27,organic,,,,0
515234,2025-05-27,organic,,2025-05-28,monthly,29.97
515235,2025-05-27,paid_social,prospecting_video,,,0
515236,2025-05-27,paid_social,prospecting_video,,,0
515237,2025-05-27,paid_search,brand_search,2025-06-02,monthly,29.97
515238,2025-05-27,paid_social,prospecting_video,,,0
515239,2025-05-27,paid_social,prospecting_video,,,0
515240,2025-05-27,organic,,2025-05-27,monthly,29.97
515241,2025-05-27,affiliate,finance_blogs,,,0
515242,2025-05-27,paid_social,prospecting_video,,,0
515243,2025-05-27,paid_social,retargeting,,,0
515244,2025-05-27,organic,,,,0
515245,2025-05-27,paid_social,prospecting_video,,,0
515246,2025-05-27,paid_social,retargeting,,,0
515247,2025-05-27,organic,,,,0
515248,2025-05-27,paid_social,retargeting,,,0
515249,2025-05-27,paid_search,brand_search,,,0
515250,2025-05-27,referral,,,,0
515251,2025-05-27,paid_search,generic_search,,,0
515252,2025-05-27,organic,,,,0
515253,2025-05-27,paid_search,brand_search,,,0
515254,2025-05-27,paid_social,prospecting_video,,,0
515255,2025-05-27,organic,,,,0
515256,2025-05-27,paid_social,retargeting,,,0
515257,2025-05-27,organic,,,,0
515258,2025-05-27,paid_search,brand_search,,,0
515259,2025-05-27,paid_social,retargeting,,,0
515260,2025-05-27,paid_social,retargeting,,,0
515261,2025-05-27,paid_social,prospecting_video,,,0
515262,2025-05-27,paid_social,prospecting_video,,,0
515263,2025-05-27,organic,,,,0
515264,2025-05-28,paid_social,prospecting_video,,,0
515265,2025-05-28,organic,,,,0
515266,2025-05-28,paid_search,brand_search,,,0
515267,2025-05-28,referral,,,,0
515268,2025-05-28,paid_search,brand_search,,,0
515269,2025-05-28,paid_social,prospecting_video,,,0
515270,2025-05-28,organic,,2025-06-07,monthly,29.97
515271,2025-05-28,referral,,,,0
515272,2025-05-28,paid_search,brand_search,,,0
515273,2025-05-28,paid_social,retargeting,,,0
515274,2025-05-28,referral,,2025-06-03,monthly,29.97
515275,2025-05-28,paid_social,retargeting,2025-06-01,annual,79.99
515276,2025-05-28,paid_social,retargeting,,,0
515277,2025-05-28,paid_social,prospecting_video,,,0
515278,2025-05-28,organic,,,,0
515279,2025-05-28,paid_social,prospecting_video,,,0
515280,2025-05-28,organic,,,,0
515281,2025-05-28,referral,,,,0
515282,2025-05-28,paid_social,prospecting_video,,,0
515283,2025-05-28,paid_social,prospecting_video,,,0
515284,2025-05-28,paid_social,prospecting_video,,,0
515285,2025-05-28,paid_social,retargeting,,,0
515286,2025-05-28,paid_search,generic_search,2025-05-28,annual,79.99
515287,2025-05-28,paid_search,brand_search,,,0
515288,2025-05-28,referral,,,,0
515289,2025-05-28,paid_social,prospecting_video,,,0
515290,2025-05-28,paid_search,brand_search,,,0
515291,2025-05-28,paid_social,retargeting,,,0
515292,2025-05-28,paid_social,retargeting,2025-05-29,monthly,29.97
515293,2025-05-28,paid_social,prospecting_video,,,0
515294,2025-05-28,organic,,2025-06-03,monthly,29.97
515295,2025-05-28,organic,,,,0
515296,2025-05-28,paid_social,prospecting_video,,,0
515297,2025-05-28,paid_search,brand_search,,,0
515298,2025-05-28,paid_social,prospecting_video,,,0
515299,2025-05-28,paid_social,prospecting_video,,,0
515300,2025-05-28,organic,,,,0
515301,2025-05-28,referral,,,,0
515302,2025-05-28,organic,,2025-05-31,monthly,29.97
515303,2025-05-28,paid_search,brand_search,,,0
515304,2025-05-28,organic,,,,0
515305,2025-05-28,paid_social,retargeting,,,0
515306,2025-05-28,paid_social,prospecting_video,,,0
515307,2025-05-28,paid_search,generic_search,,,0
515308,2025-05-28,organic,,,,0
515309,2025-05-28,referral,,,,0
515310,2025-05-28,referral,,2025-06-01,annual,79.99
515311,2025-05-28,organic,,,,0
515312,2025-05-28,organic,,,,0
515313,2025-05-28,paid_social,prospecting_video,,,0
515314,2025-05-28,paid_social,retargeting,,,0
515315,2025-05-28,organic,,,,0
515316,2025-05-28,paid_search,generic_search,,,0
515317,2025-05-28,affiliate,finance_blogs,,,0
515318,2025-05-28,paid_social,retargeting,,,0
515319,2025-05-28,paid_social,prospecting_video,,,0
515320,2025-05-28,paid_social,prospecting_video,,,0
515321,2025-05-28,organic,,,,0
515322,2025-05-28,paid_social,prospecting_video,,,0
515323,2025-05-28,paid_social,prospecting_video,,,0
515324,2025-05-28,paid_social,prospecting_video,,,0
515325,2025-05-28,paid_social,prospecting_video,,,0
515326,2025-05-28,paid_social,prospecting_video,,,0
515327,2025-05-28,paid_search,brand_search,2025-05-28,annual,79.99
515328,2025-05-28,paid_social,retargeting,,,0
515329,2025-05-28,paid_social,retargeting,,,0
515330,2025-05-28,paid_social,prospecting_video,,,0
515331,2025-05-28,organic,,,,0
515332,2025-05-28,paid_social,prospecting_video,,,0
515333,2025-05-28,organic,,,,0
515334,2025-05-28,paid_social,prospecting_video,,,0
515335,2025-05-28,paid_social,retargeting,,,0
515336,2025-05-28,paid_social,prospecting_video,,,0
515337,2025-05-28,paid_search,brand_search,,,0
515338,2025-05-28,paid_search,generic_search,2025-05-29,monthly,19.98
515339,2025-05-28,paid_social,retargeting,,,0
515340,2025-05-28,paid_social,prospecting_video,,,0
515341,2025-05-28,paid_social,prospecting_video,,,0
515342,2025-05-28,paid_social,retargeting,,,0
515343,2025-05-28,referral,,,,0
515344,2025-05-28,paid_social,prospecting_video,,,0
515345,2025-05-28,paid_social,prospecting_video,,,0
515346,2025-05-28,paid_social,prospecting_video,,,0
515347,2025-05-28,paid_social,retargeting,,,0
515348,2025-05-28,paid_social,prospecting_video,,,0
515349,2025-05-28,paid_social,retargeting,,,0
515350,2025-05-28,paid_social,prospecting_video,,,0
515351,2025-05-28,paid_social,prospecting_video,,,0
515352,2025-05-28,paid_social,prospecting_video,,,0
515353,2025-05-28,paid_social,prospecting_video,,,0
515354,2025-05-28,affiliate,finance_blogs,,,0
515355,2025-05-28,paid_social,retargeting,2025-05-30,annual,79.99
515356,2025-05-28,paid_social,retargeting,,,0
515357,2025-05-28,paid_social,prospecting_video,,,0
515358,2025-05-28,paid_search,brand_search,,,0
515359,2025-05-28,paid_search,brand_search,,,0
515360,2025-05-28,paid_social,prospecting_video,,,0
515361,2025-05-28,paid_social,retargeting,,,0
515362,2025-05-28,affiliate,finance_blogs,,,0
515363,2025-05-28,paid_search,brand_search,,,0
515364,2025-05-28,paid_social,prospecting_video,,,0
515365,2025-05-28,paid_social,prospecting_video,,,0
515366,2025-05-28,organic,,,,0
515367,2025-05-28,paid_social,prospecting_video,,,0
515368,2025-05-28,paid_social,retargeting,,,0
515369,2025-05-29,paid_social,prospecting_video,,,0
515370,2025-05-29,paid_social,retargeting,,,0
515371,2025-05-29,organic,,,,0
515372,2025-05-29,paid_social,prospecting_video,,,0
515373,2025-05-29,paid_social,prospecting_video,,,0
515374,2025-05-29,paid_social,retargeting,,,0
515375,2025-05-29,paid_social,prospecting_video,2025-06-02,annual,79.99
515376,2025-05-29,paid_social,retargeting,,,0
515377,2025-05-29,paid_social,prospecting_video,,,0
515378,2025-05-29,affiliate,finance_blogs,,,0
515379,2025-05-29,paid_social,prospecting_video,,,0
515380,2025-05-29,paid_search,brand_search,,,0
515381,2025-05-29,paid_social,prospecting_video,2025-06-02,monthly,29.97
515382,2025-05-29,paid_social,prospecting_video,,,0
515383,2025-05-29,paid_social,prospecting_video,,,0
515384,2025-05-29,paid_search,brand_search,,,0
515385,2025-05-29,paid_search,generic_search,,,0
515386,2025-05-29,paid_social,prospecting_video,,,0
515387,2025-05-29,paid_search,brand_search,,,0
515388,2025-05-29,paid_social,prospecting_video,,,0
515389,2025-05-29,paid_search,brand_search,,,0
515390,2025-05-29,paid_search,generic_search,2025-06-03,annual,79.99
515391,2025-05-29,paid_social,prospecting_video,,,0
515392,2025-05-29,paid_search,generic_search,2025-05-31,monthly,29.97
515393,2025-05-29,organic,,,,0
515394,2025-05-29,paid_social,retargeting,,,0
515395,2025-05-29,paid_social,retargeting,,,0
515396,2025-05-29,paid_search,generic_search,2025-06-06,monthly,29.97
515397,2025-05-29,paid_social,retargeting,,,0
515398,2025-05-29,paid_social,prospecting_video,,,0
515399,2025-05-29,paid_social,prospecting_video,,,0
515400,2025-05-29,paid_social,prospecting_video,,,0
515401,2025-05-29,paid_social,retargeting,,,0
515402,2025-05-29,paid_social,prospecting_video,,,0
515403,2025-05-29,referral,,,,0
515404,2025-05-29,paid_social,prospecting_video,,,0
515405,2025-05-29,paid_social,prospecting_video,,,0
515406,2025-05-29,paid_social,prospecting_video,,,0
515407,2025-05-29,referral,,,,0
515408,2025-05-29,paid_social,prospecting_video,,,0
515409,2025-05-29,paid_social,prospecting_video,,,0
515410,2025-05-29,organic,,,,0
515411,2025-05-29,paid_social,prospecting_video,,,0
515412,2025-05-29,organic,,,,0
515413,2025-05-29,paid_social,prospecting_video,2025-05-31,monthly,29.97
515414,2025-05-29,paid_social,prospecting_video,,,0
515415,2025-05-29,paid_social,prospecting_video,,,0
515416,2025-05-29,paid_social,prospecting_video,,,0
515417,2025-05-29,paid_social,retargeting,,,0
515418,2025-05-29,paid_social,retargeting,,,0
515419,2025-05-29,paid_social,prospecting_video,,,0
515420,2025-05-29,affiliate,finance_blogs,2025-06-02,monthly,19.98
515421,2025-05-29,paid_search,brand_search,,,0
515422,2025-05-29,referral,,,,0
515423,2025-05-29,organic,,,,0
515424,2025-05-29,organic,,,,0
515425,2025-05-29,paid_search,brand_search,,,0
515426,2025-05-29,paid_search,generic_search,,,0
515427,2025-05-29,paid_search,brand_search,,,0
515428,2025-05-29,paid_search,brand_search,,,0
515429,2025-05-29,paid_social,retargeting,,,0
515430,2025-05-29,paid_social,prospecting_video,,,0
515431,2025-05-29,paid_search,brand_search,,,0
515432,2025-05-29,paid_search,generic_search,,,0
515433,2025-05-29,paid_social,prospecting_video,,,0
515434,2025-05-29,organic,,,,0
515435,2025-05-29,paid_search,brand_search,,,0
515436,2025-05-29,paid_social,retargeting,2025-05-29,monthly,9.99
515437,2025-05-29,paid_social,prospecting_video,,,0
515438,2025-05-29,paid_social,prospecting_video,,,0
515439,2025-05-29,paid_social,prospecting_video,,,0
515440,2025-05-29,organic,,,,0
515441,2025-05-29,paid_social,prospecting_video,,,0
515442,2025-05-29,paid_social,prospecting_video,,,0
515443,2025-05-29,referral,,,,0
515444,2025-05-29,organic,,,,0
515445,2025-05-29,paid_social,prospecting_video,,,0
515446,2025-05-29,paid_search,generic_search,,,0
515447,2025-05-29,paid_social,prospecting_video,,,0
515448,2025-05-29,organic,,,,0
515449,2025-05-29,paid_search,brand_search,,,0
515450,2025-05-29,paid_social,retargeting,2025-05-31,annual,79.99
515451,2025-05-29,paid_social,prospecting_video,,,0
515452,2025-05-29,referral,,,,0
515453,2025-05-29,referral,,2025-05-31,monthly,19.98
515454,2025-05-29,organic,,,,0
515455,2025-05-29,paid_social,prospecting_video,,,0
515456,2025-05-29,paid_social,prospecting_video,,,0
515457,2025-05-29,paid_search,generic_search,,,0
515458,2025-05-29,paid_social,prospecting_video,,,0
515459,2025-05-29,paid_search,brand_search,,,0
515460,2025-05-29,organic,,2025-05-30,annual,79.99
515461,2025-05-29,paid_social,retargeting,,,0
515462,2025-05-29,paid_search,generic_search,,,0
515463,2025-05-29,paid_social,prospecting_video,,,0
515464,2025-05-29,paid_social,retargeting,,,0
515465,2025-05-29,paid_search,generic_search,,,0
515466,2025-05-29,organic,,,,0
515467,2025-05-29,referral,,2025-05-30,annual,79.99
515468,2025-05-29,referral,,,,0
515469,2025-05-29,paid_social,prospecting_video,,,0
515470,2025-05-29,affiliate,finance_blogs,,,0
515471,2025-05-29,paid_social,prospecting_video,,,0
515472,2025-05-29,paid_social,prospecting_video,,,0
515473,2025-05-29,organic,,,,0
515474,2025-05-29,paid_social,prospecting_video,,,0
515475,2025-05-29,paid_social,prospecting_video,,,0
515476,2025-05-30,paid_search,brand_search,2025-05-30,monthly,19.98
515477,2025-05-30,paid_social,prospecting_video,,,0
515478,2025-05-30,organic,,,,0
515479,2025-05-30,paid_social,retargeting,,,0
515480,2025-05-30,affiliate,finance_blogs,2025-05-31,monthly,29.97
515481,2025-05-30,paid_search,generic_search,,,0
515482,2025-05-30,paid_social,prospecting_video,,,0
515483,2025-05-30,paid_search,brand_search,2025-05-30,annual,79.99
515484,2025-05-30,paid_social,prospecting_video,,,0
515485,2025-05-30,organic,,,,0
515486,2025-05-30,paid_social,prospecting_video,,,0
515487,2025-05-30,affiliate,finance_blogs,,,0
515488,2025-05-30,paid_social,prospecting_video,,,0
515489,2025-05-30,organic,,,,0
515490,2025-05-30,paid_search,brand_search,,,0
515491,2025-05-30,paid_social,retargeting,2025-06-12,monthly,19.98
515492,2025-05-30,paid_search,brand_search,,,0
515493,2025-05-30,referral,,2025-06-12,monthly,19.98
515494,2025-05-30,paid_social,prospecting_video,,,0
515495,2025-05-30,paid_search,generic_search,2025-05-31,monthly,19.98
515496,2025-05-30,paid_search,brand_search,,,0
515497,2025-05-30,paid_social,retargeting,,,0
515498,2025-05-30,organic,,,,0
515499,2025-05-30,paid_social,prospecting_video,,,0
515500,2025-05-30,paid_social,prospecting_video,,,0
515501,2025-05-30,organic,,,,0
515502,2025-05-30,paid_search,brand_search,,,0
515503,2025-05-30,paid_social,prospecting_video,,,0
515504,2025-05-30,paid_social,prospecting_video,,,0
515505,2025-05-30,affiliate,finance_blogs,,,0
515506,2025-05-30,paid_social,prospecting_video,,,0
515507,2025-05-30,paid_search,generic_search,,,0
515508,2025-05-30,organic,,,,0
515509,2025-05-30,organic,,,,0
515510,2025-05-30,paid_social,retargeting,,,0
515511,2025-05-30,paid_social,prospecting_video,,,0
515512,2025-05-30,paid_social,prospecting_video,,,0
515513,2025-05-30,paid_social,retargeting,,,0
515514,2025-05-30,paid_social,retargeting,2025-05-31,annual,79.99
515515,2025-05-30,referral,,,,0
515516,2025-05-30,paid_search,brand_search,,,0
515517,2025-05-30,organic,,2025-06-12,annual,79.99
515518,2025-05-30,organic,,2025-05-31,monthly,29.97
515519,2025-05-30,paid_social,prospecting_video,,,0
515520,2025-05-30,paid_search,brand_search,,,0
515521,2025-05-30,paid_social,prospecting_video,,,0
515522,2025-05-30,paid_social,prospecting_video,,,0
515523,2025-05-30,organic,,,,0
515524,2025-05-30,organic,,,,0
515525,2025-05-30,paid_social,prospecting_video,,,0
515526,2025-05-30,paid_search,brand_search,,,0
515527,2025-05-30,paid_social,prospecting_video,,,0
515528,2025-05-30,referral,,,,0
515529,2025-05-30,organic,,2025-06-01,annual,79.99
515530,2025-05-30,organic,,,,0
515531,2025-05-30,paid_social,retargeting,2025-05-31,annual,79.99
515532,2025-05-30,paid_search,generic_search,,,0
515533,2025-05-30,paid_social,retargeting,,,0
515534,2025-05-30,paid_social,prospecting_video,,,0
515535,2025-05-30,organic,,2025-05-30,monthly,29.97
515536,2025-05-30,affiliate,finance_blogs,,,0
515537,2025-05-30,paid_search,generic_search,,,0
515538,2025-05-30,paid_social,prospecting_video,,,0
515539,2025-05-30,paid_social,retargeting,2025-05-30,annual,79.99
515540,2025-05-30,paid_search,generic_search,,,0
515541,2025-05-30,paid_social,prospecting_video,2025-05-30,monthly,29.97
515542,2025-05-30,paid_social,prospecting_video,,,0
515543,2025-05-30,paid_search,generic_search,,,0
515544,2025-05-30,affiliate,finance_blogs,,,0
515545,2025-05-30,organic,,,,0
515546,2025-05-30,paid_social,prospecting_video,,,0
515547,2025-05-30,paid_social,prospecting_video,,,0
515548,2025-05-30,organic,,2025-06-08,monthly,29.97
515549,2025-05-30,referral,,,,0
515550,2025-05-30,organic,,,,0
515551,2025-05-30,paid_social,retargeting,,,0
515552,2025-05-30,organic,,,,0
515553,2025-05-30,paid_social,prospecting_video,,,0
515554,2025-05-30,paid_search,generic_search,,,0
515555,2025-05-30,paid_social,prospecting_video,,,0
515556,2025-05-30,paid_search,brand_search,,,0
515557,2025-05-30,paid_social,prospecting_video,,,0
515558,2025-05-30,paid_social,prospecting_video,,,0
515559,2025-05-30,paid_social,prospecting_video,,,0
515560,2025-05-30,paid_social,prospecting_video,,,0
515561,2025-05-30,paid_social,prospecting_video,,,0
515562,2025-05-30,organic,,,,0
515563,2025-05-30,paid_social,retargeting,,,0
515564,2025-05-30,organic,,,,0
515565,2025-05-30,paid_search,generic_search,,,0
515566,2025-05-30,organic,,,,0
515567,2025-05-30,organic,,,,0
515568,2025-05-30,paid_social,prospecting_video,,,0
515569,2025-05-30,paid_social,retargeting,,,0
515570,2025-05-30,paid_search,brand_search,,,0
515571,2025-05-30,paid_search,brand_search,,,0
515572,2025-05-30,paid_search,brand_search,,,0
515573,2025-05-30,referral,,,,0
515574,2025-05-30,affiliate,finance_blogs,,,0
515575,2025-05-30,organic,,,,0
515576,2025-05-30,affiliate,finance_blogs,,,0
515577,2025-05-30,paid_search,brand_search,,,0
515578,2025-05-30,paid_social,retargeting,2025-06-12,monthly,29.97
515579,2025-05-30,referral,,,,0
515580,2025-05-30,affiliate,finance_blogs,,,0
515581,2025-05-30,paid_search,generic_search,,,0
515582,2025-05-30,organic,,,,0
515583,2025-05-30,paid_social,prospecting_video,,,0
515584,2025-05-30,referral,,,,0
515585,2025-05-30,affiliate,finance_blogs,,,0
515586,2025-05-30,paid_social,prospecting_video,,,0
515587,2025-05-30,paid_social,prospecting_video,,,0
515588,2025-05-31,organic,,,,0
515589,2025-05-31,paid_social,prospecting_video,,,0
515590,2025-05-31,paid_search,generic_search,,,0
515591,2025-05-31,paid_social,prospecting_video,,,0
515592,2025-05-31,organic,,,,0
515593,2025-05-31,paid_social,retargeting,,,0
515594,2025-05-31,paid_social,retargeting,,,0
515595,2025-05-31,affiliate,finance_blogs,2025-06-05,monthly,29.97
515596,2025-05-31,paid_social,prospecting_video,,,0
515597,2025-05-31,paid_social,prospecting_video,,,0
515598,2025-05-31,paid_social,prospecting_video,,,0
515599,2025-05-31,organic,,,,0
515600,2025-05-31,organic,,,,0
515601,2025-05-31,affiliate,finance_blogs,,,0
515602,2025-05-31,paid_social,prospecting_video,,,0
515603,2025-05-31,paid_search,brand_search,,,0
515604,2025-05-31,paid_social,prospecting_video,,,0
515605,2025-05-31,paid_social,prospecting_video,,,0
515606,2025-05-31,organic,,,,0
515607,2025-05-31,paid_search,brand_search,,,0
515608,2025-05-31,paid_social,prospecting_video,,,0
515609,2025-05-31,paid_social,retargeting,,,0
515610,2025-05-31,organic,,,,0
515611,2025-05-31,paid_search,brand_search,,,0
515612,2025-05-31,paid_social,prospecting_video,,,0
515613,2025-05-31,paid_search,generic_search,,,0
515614,2025-05-31,paid_social,prospecting_video,,,0
515615,2025-05-31,referral,,,,0
515616,2025-05-31,paid_social,retargeting,,,0
515617,2025-05-31,paid_social,prospecting_video,,,0
515618,2025-05-31,organic,,,,0
515619,2025-05-31,paid_social,prospecting_video,,,0
515620,2025-05-31,referral,,,,0
515621,2025-05-31,paid_social,prospecting_video,,,0
515622,2025-05-31,paid_social,retargeting,,,0
515623,2025-05-31,paid_social,retargeting,,,0
515624,2025-05-31,paid_search,brand_search,,,0
515625,2025-05-31,paid_social,prospecting_video,,,0
515626,2025-05-31,organic,,,,0
515627,2025-05-31,referral,,,,0
515628,2025-05-31,paid_social,prospecting_video,,,0
515629,2025-05-31,paid_social,retargeting,2025-05-31,monthly,9.99
515630,2025-05-31,paid_search,brand_search,,,0
515631,2025-05-31,paid_social,prospecting_video,,,0
515632,2025-05-31,paid_social,retargeting,,,0
515633,2025-05-31,paid_social,prospecting_video,,,0
515634,2025-05-31,paid_social,retargeting,,,0
515635,2025-05-31,paid_social,prospecting_video,,,0
515636,2025-05-31,paid_social,prospecting_video,,,0
515637,2025-05-31,paid_social,retargeting,,,0
515638,2025-05-31,paid_search,generic_search,,,0
515639,2025-05-31,affiliate,finance_blogs,,,0
515640,2025-05-31,paid_social,prospecting_video,,,0
515641,2025-05-31,organic,,,,0
515642,2025-05-31,paid_social,prospecting_video,,,0
515643,2025-05-31,organic,,,,0
515644,2025-05-31,affiliate,finance_blogs,,,0
515645,2025-05-31,paid_social,retargeting,,,0
515646,2025-05-31,paid_social,prospecting_video,,,0
515647,2025-05-31,referral,,,,0
515648,2025-05-31,referral,,2025-05-31,monthly,29.97
515649,2025-05-31,paid_social,retargeting,,,0
515650,2025-05-31,referral,,,,0
515651,2025-05-31,organic,,,,0
515652,2025-05-31,paid_search,brand_search,,,0
515653,2025-05-31,organic,,,,0
515654,2025-05-31,affiliate,finance_blogs,,,0
515655,2025-05-31,paid_social,retargeting,,,0
515656,2025-05-31,paid_search,generic_search,,,0
515657,2025-05-31,paid_social,prospecting_video,,,0
515658,2025-05-31,paid_social,retargeting,,,0
515659,2025-05-31,paid_social,prospecting_video,2025-06-05,monthly,29.97
515660,2025-05-31,paid_social,retargeting,,,0
515661,2025-05-31,organic,,,,0
515662,2025-05-31,paid_social,prospecting_video,,,0
515663,2025-05-31,paid_search,brand_search,,,0
515664,2025-05-31,paid_search,generic_search,,,0
515665,2025-05-31,organic,,,,0
515666,2025-05-31,paid_social,retargeting,2025-06-01,monthly,29.97
515667,2025-05-31,referral,,,,0
515668,2025-05-31,paid_social,prospecting_video,,,0
515669,2025-05-31,paid_social,prospecting_video,,,0
515670,2025-05-31,paid_social,prospecting_video,,,0
515671,2025-05-31,referral,,2025-06-03,annual,79.99
515672,2025-05-31,paid_social,retargeting,2025-06-09,annual,79.99
515673,2025-05-31,paid_social,retargeting,,,0
515674,2025-05-31,paid_search,generic_search,2025-06-01,monthly,29.97
515675,2025-05-31,organic,,,,0
515676,2025-05-31,organic,,,,0
515677,2025-05-31,paid_social,prospecting_video,,,0
515678,2025-05-31,paid_social,retargeting,,,0
515679,2025-05-31,paid_social,prospecting_video,,,0
515680,2025-05-31,paid_social,retargeting,,,0
515681,2025-05-31,referral,,,,0
515682,2025-05-31,paid_social,prospecting_video,,,0
515683,2025-05-31,paid_search,brand_search,,,0
515684,2025-05-31,organic,,,,0
515685,2025-05-31,paid_social,prospecting_video,,,0
515686,2025-05-31,referral,,,,0
515687,2025-05-31,organic,,2025-05-31,annual,79.99
515688,2025-05-31,referral,,,,0
515689,2025-05-31,paid_social,prospecting_video,,,0
515690,2025-05-31,paid_social,prospecting_video,,,0
515691,2025-05-31,referral,,,,0
515692,2025-05-31,paid_social,retargeting,,,0
515693,2025-05-31,referral,,,,0
515694,2025-05-31,paid_social,retargeting,,,0
515695,2025-05-31,paid_social,prospecting_video,,,0
515696,2025-06-01,paid_search,brand_search,,,0
515697,2025-06-01,organic,,,,0
515698,2025-06-01,paid_social,prospecting_video,,,0
515699,2025-06-01,paid_social,prospecting_video,,,0
515700,2025-06-01,paid_social,prospecting_video,,,0
515701,2025-06-01,paid_search,generic_search,,,0
515702,2025-06-01,paid_social,retargeting,,,0
515703,2025-06-01,organic,,,,0
515704,2025-06-01,affiliate,finance_blogs,,,0
515705,2025-06-01,paid_search,generic_search,,,0
515706,2025-06-01,paid_search,generic_search,,,0
515707,2025-06-01,paid_search,brand_search,,,0
515708,2025-06-01,organic,,,,0
515709,2025-06-01,paid_social,prospecting_video,,,0
515710,2025-06-01,paid_search,generic_search,2025-06-01,monthly,19.98
515711,2025-06-01,referral,,,,0
515712,2025-06-01,referral,,,,0
515713,2025-06-01,paid_social,prospecting_video,,,0
515714,2025-06-01,paid_social,prospecting_video,,,0
515715,2025-06-01,referral,,2025-06-06,monthly,29.97
515716,2025-06-01,referral,,,,0
515717,2025-06-01,referral,,,,0
515718,2025-06-01,paid_search,generic_search,,,0
515719,2025-06-01,paid_search,brand_search,,,0
515720,2025-06-01,organic,,,,0
515721,2025-06-01,paid_search,generic_search,2025-06-03,annual,79.99
515722,2025-06-01,paid_social,retargeting,,,0
515723,2025-06-01,paid_social,retargeting,,,0
515724,2025-06-01,paid_social,retargeting,,,0
515725,2025-06-01,organic,,,,0
515726,2025-06-01,referral,,,,0
515727,2025-06-01,paid_search,brand_search,,,0
515728,2025-06-01,paid_social,prospecting_video,,,0
515729,2025-06-01,paid_social,prospecting_video,,,0
515730,2025-06-01,organic,,,,0
515731,2025-06-01,paid_social,prospecting_video,,,0
515732,2025-06-01,paid_social,retargeting,,,0
515733,2025-06-01,paid_search,brand_search,2025-06-04,annual,79.99
515734,2025-06-01,paid_search,brand_search,,,0
515735,2025-06-01,paid_search,generic_search,,,0
515736,2025-06-01,organic,,,,0
515737,2025-06-01,paid_social,prospecting_video,,,0
515738,2025-06-01,paid_social,retargeting,2025-06-04,monthly,29.97
515739,2025-06-01,organic,,,,0
515740,2025-06-01,paid_search,brand_search,2025-06-05,monthly,19.98
515741,2025-06-01,paid_social,prospecting_video,,,0
515742,2025-06-01,organic,,,,0
515743,2025-06-01,referral,,2025-06-05,monthly,29.97
515744,2025-06-01,paid_search,generic_search,2025-06-03,monthly,29.97
515745,2025-06-01,paid_social,prospecting_video,,,0
515746,2025-06-01,organic,,,,0
515747,2025-06-01,paid_social,prospecting_video,,,0
515748,2025-06-01,organic,,,,0
515749,2025-06-01,paid_search,brand_search,,,0
515750,2025-06-01,referral,,,,0
515751,2025-06-01,paid_social,prospecting_video,,,0
515752,2025-06-01,paid_social,prospecting_video,2025-06-04,monthly,19.98
515753,2025-06-01,affiliate,finance_blogs,,,0
515754,2025-06-01,paid_social,prospecting_video,,,0
515755,2025-06-01,paid_social,retargeting,,,0
515756,2025-06-01,organic,,,,0
515757,2025-06-01,paid_social,prospecting_video,,,0
515758,2025-06-01,paid_social,retargeting,2025-06-02,monthly,9.99
515759,2025-06-01,paid_social,prospecting_video,,,0
515760,2025-06-01,paid_search,generic_search,2025-06-02,annual,79.99
515761,2025-06-01,paid_social,prospecting_video,,,0
515762,2025-06-01,organic,,,,0
515763,2025-06-01,organic,,,,0
515764,2025-06-01,paid_social,prospecting_video,,,0
515765,2025-06-01,paid_search,generic_search,,,0
515766,2025-06-01,organic,,,,0
515767,2025-06-01,affiliate,finance_blogs,,,0
515768,2025-06-01,paid_social,retargeting,,,0
515769,2025-06-01,affiliate,finance_blogs,,,0
515770,2025-06-01,organic,,,,0
515771,2025-06-01,paid_search,brand_search,2025-06-03,monthly,19.98
515772,2025-06-01,organic,,,,0
515773,2025-06-01,paid_social,prospecting_video,,,0
515774,2025-06-01,organic,,,,0
515775,2025-06-01,paid_social,prospecting_video,,,0
515776,2025-06-01,paid_search,brand_search,,,0
515777,2025-06-01,organic,,,,0
515778,2025-06-01,paid_search,generic_search,,,0
515779,2025-06-01,paid_search,generic_search,,,0
515780,2025-06-01,paid_search,generic_search,,,0
515781,2025-06-01,paid_social,prospecting_video,,,0
515782,2025-06-01,paid_social,prospecting_video,,,0
515783,2025-06-01,referral,,2025-06-01,monthly,29.97
515784,2025-06-01,paid_social,prospecting_video,,,0
515785,2025-06-01,paid_social,prospecting_video,,,0
515786,2025-06-01,paid_search,brand_search,,,0
515787,2025-06-01,paid_search,generic_search,,,0
515788,2025-06-01,paid_search,brand_search,,,0
515789,2025-06-01,paid_social,prospecting_video,,,0
515790,2025-06-01,paid_social,prospecting_video,,,0
515791,2025-06-01,organic,,,,0
515792,2025-06-02,organic,,,,0
515793,2025-06-02,paid_search,brand_search,,,0
515794,2025-06-02,paid_social,prospecting_video,,,0
515795,2025-06-02,organic,,,,0
515796,2025-06-02,organic,,,,0
515797,2025-06-02,paid_social,retargeting,,,0
515798,2025-06-02,paid_social,prospecting_video,,,0
515799,2025-06-02,paid_social,retargeting,,,0
515800,2025-06-02,organic,,,,0
515801,2025-06-02,paid_search,generic_search,,,0
515802,2025-06-02,organic,,,,0
515803,2025-06-02,paid_search,brand_search,2025-06-07,annual,79.99
515804,2025-06-02,organic,,,,0
515805,2025-06-02,organic,,,,0
515806,2025-06-02,referral,,,,0
515807,2025-06-02,paid_social,prospecting_video,,,0
515808,2025-06-02,organic,,,,0
515809,2025-06-02,paid_social,prospecting_video,,,0
515810,2025-06-02,paid_social,prospecting_video,,,0
515811,2025-06-02,paid_search,generic_search,,,0
515812,2025-06-02,paid_social,prospecting_video,,,0
515813,2025-06-02,paid_social,retargeting,,,0
515814,2025-06-02,paid_search,generic_search,,,0
515815,2025-06-02,referral,,,,0
515816,2025-06-02,organic,,,,0
515817,2025-06-02,paid_search,brand_search,,,0
515818,2025-06-02,paid_social,retargeting,2025-06-15,monthly,29.97
515819,2025-06-02,paid_social,prospecting_video,,,0
515820,2025-06-02,paid_search,generic_search,,,0
515821,2025-06-02,paid_social,prospecting_video,,,0
515822,2025-06-02,paid_social,prospecting_video,,,0
515823,2025-06-02,paid_search,brand_search,,,0
515824,2025-06-02,organic,,,,0
515825,2025-06-02,paid_social,prospecting_video,,,0
515826,2025-06-02,paid_social,retargeting,,,0
515827,2025-06-02,paid_social,prospecting_video,2025-06-02,annual,79.99
515828,2025-06-02,paid_search,generic_search,2025-06-02,monthly,19.98
515829,2025-06-02,paid_social,retargeting,,,0
515830,2025-06-02,paid_social,retargeting,,,0
515831,2025-06-02,affiliate,finance_blogs,,,0
515832,2025-06-02,paid_social,prospecting_video,,,0
515833,2025-06-02,organic,,,,0
515834,2025-06-02,paid_social,prospecting_video,,,0
515835,2025-06-02,paid_social,prospecting_video,,,0
515836,2025-06-02,paid_social,prospecting_video,,,0
515837,2025-06-02,paid_social,prospecting_video,,,0
515838,2025-06-02,paid_social,prospecting_video,,,0
515839,2025-06-02,paid_search,brand_search,,,0
515840,2025-06-02,paid_social,prospecting_video,,,0
515841,2025-06-02,paid_social,prospecting_video,,,0
515842,2025-06-02,affiliate,finance_blogs,,,0
515843,2025-06-02,paid_social,prospecting_video,,,0
515844,2025-06-02,organic,,,,0
515845,2025-06-02,paid_social,prospecting_video,,,0
515846,2025-06-02,paid_social,prospecting_video,,,0
515847,2025-06-02,paid_social,prospecting_video,,,0
515848,2025-06-02,paid_search,brand_search,,,0
515849,2025-06-02,organic,,2025-06-04,monthly,29.97
515850,2025-06-02,paid_social,retargeting,,,0
515851,2025-06-02,paid_social,prospecting_video,,,0
515852,2025-06-02,paid_search,generic_search,,,0
515853,2025-06-02,organic,,,,0
515854,2025-06-02,organic,,,,0
515855,2025-06-02,organic,,,,0
515856,2025-06-02,paid_search,generic_search,,,0
515857,2025-06-02,organic,,,,0
515858,2025-06-02,paid_social,prospecting_video,,,0
515859,2025-06-02,referral,,2025-06-03,monthly,9.99
515860,2025-06-02,paid_social,retargeting,,,0
515861,2025-06-02,paid_social,retargeting,,,0
515862,2025-06-02,paid_search,brand_search,,,0
515863,2025-06-02,paid_social,retargeting,,,0
515864,2025-06-02,paid_search,brand_search,,,0
515865,2025-06-02,paid_social,prospecting_video,,,0
515866,2025-06-02,paid_search,brand_search,,,0
515867,2025-06-02,paid_search,brand_search,,,0
515868,2025-06-02,referral,,,,0
515869,2025-06-02,paid_social,prospecting_video,,,0
515870,2025-06-02,paid_search,generic_search,,,0
515871,2025-06-02,paid_search,brand_search,,,0
515872,2025-06-02,paid_search,generic_search,,,0
515873,2025-06-02,affiliate,finance_blogs,,,0
515874,2025-06-02,referral,,,,0
515875,2025-06-02,paid_social,prospecting_video,,,0
515876,2025-06-02,paid_social,retargeting,,,0
515877,2025-06-02,paid_search,generic_search,,,0
515878,2025-06-02,paid_search,generic_search,2025-06-02,monthly,19.98
515879,2025-06-02,paid_search,brand_search,,,0
515880,2025-06-02,organic,,,,0
515881,2025-06-02,paid_search,generic_search,2025-06-07,annual,79.99
515882,2025-06-02,paid_social,prospecting_video,,,0
515883,2025-06-02,referral,,,,0
515884,2025-06-02,organic,,,,0
515885,2025-06-02,organic,,,,0
515886,2025-06-02,paid_social,prospecting_video,,,0
515887,2025-06-02,paid_search,brand_search,,,0
515888,2025-06-02,paid_social,prospecting_video,,,0
515889,2025-06-02,organic,,,,0
515890,2025-06-02,paid_social,prospecting_video,,,0
515891,2025-06-02,paid_search,brand_search,,,0
515892,2025-06-02,organic,,,,0
515893,2025-06-02,paid_search,generic_search,,,0
515894,2025-06-02,paid_social,prospecting_video,,,0
515895,2025-06-02,affiliate,finance_blogs,,,0
515896,2025-06-02,organic,,,,0
515897,2025-06-02,organic,,,,0
515898,2025-06-02,paid_search,generic_search,,,0
515899,2025-06-02,paid_social,prospecting_video,,,0
515900,2025-06-02,paid_social,prospecting_video,,,0
515901,2025-06-03,paid_social,prospecting_video,,,0
515902,2025-06-03,paid_social,prospecting_video,,,0
515903,2025-06-03,paid_social,prospecting_video,,,0
515904,2025-06-03,paid_social,retargeting,,,0
515905,2025-06-03,paid_social,retargeting,,,0
515906,2025-06-03,organic,,,,0
515907,2025-06-03,paid_search,brand_search,,,0
515908,2025-06-03,paid_search,generic_search,,,0
515909,2025-06-03,paid_social,retargeting,,,0
515910,2025-06-03,organic,,2025-06-03,monthly,29.97
515911,2025-06-03,organic,,,,0
515912,2025-06-03,paid_social,prospecting_video,,,0
515913,2025-06-03,paid_social,prospecting_video,,,0
515914,2025-06-03,paid_social,retargeting,,,0
515915,2025-06-03,paid_social,prospecting_video,,,0
515916,2025-06-03,affiliate,finance_blogs,2025-06-07,annual,79.99
515917,2025-06-03,referral,,,,0
515918,2025-06-03,paid_social,retargeting,,,0
515919,2025-06-03,organic,,,,0
515920,2025-06-03,paid_search,generic_search,,,0
515921,2025-06-03,organic,,,,0
515922,2025-06-03,organic,,,,0
515923,2025-06-03,organic,,,,0
515924,2025-06-03,paid_social,retargeting,,,0
515925,2025-06-03,paid_search,brand_search,,,0
515926,2025-06-03,paid_social,prospecting_video,,,0
515927,2025-06-03,paid_search,generic_search,,,0
515928,2025-06-03,organic,,,,0
515929,2025-06-03,paid_social,retargeting,,,0
515930,2025-06-03,paid_social,retargeting,2025-06-03,monthly,29.97
515931,2025-06-03,paid_social,prospecting_video,,,0
515932,2025-06-03,organic,,,,0
515933,2025-06-03,paid_social,retargeting,,,0
515934,2025-06-03,paid_social,retargeting,,,0
515935,2025-06-03,paid_search,brand_search,,,0
515936,2025-06-03,paid_social,prospecting_video,,,0
515937,2025-06-03,paid_social,prospecting_video,2025-06-03,monthly,9.99
515938,2025-06-03,paid_social,prospecting_video,,,0
515939,2025-06-03,paid_social,prospecting_video,,,0
515940,2025-06-03,organic,,2025-06-04,monthly,29.97
515941,2025-06-03,paid_social,retargeting,2025-06-13,monthly,9.99
515942,2025-06-03,paid_social,prospecting_video,,,0
515943,2025-06-03,organic,,,,0
515944,2025-06-03,organic,,,,0
515945,2025-06-03,organic,,,,0
515946,2025-06-03,paid_social,prospecting_video,,,0
515947,2025-06-03,paid_social,retargeting,,,0
515948,2025-06-03,paid_social,prospecting_video,,,0
515949,2025-06-03,paid_social,prospecting_video,,,0
515950,2025-06-03,affiliate,finance_blogs,,,0
515951,2025-06-03,paid_search,brand_search,,,0
515952,2025-06-03,organic,,2025-06-07,monthly,9.99
515953,2025-06-03,paid_social,retargeting,,,0
515954,2025-06-03,paid_social,prospecting_video,,,0
515955,2025-06-03,paid_social,prospecting_video,,,0
515956,2025-06-03,paid_search,generic_search,,,0
515957,2025-06-03,paid_social,prospecting_video,,,0
515958,2025-06-03,paid_social,prospecting_video,,,0
515959,2025-06-03,paid_search,generic_search,,,0
515960,2025-06-03,paid_search,brand_search,,,0
515961,2025-06-03,paid_social,prospecting_video,,,0
515962,2025-06-03,paid_social,prospecting_video,,,0
515963,2025-06-03,paid_social,retargeting,,,0
515964,2025-06-03,paid_search,generic_search,2025-06-04,monthly,29.97
515965,2025-06-03,paid_social,prospecting_video,,,0
515966,2025-06-03,paid_social,retargeting,,,0
515967,2025-06-03,paid_social,prospecting_video,,,0
515968,2025-06-03,affiliate,finance_blogs,,,0
515969,2025-06-03,paid_social,prospecting_video,,,0
515970,2025-06-03,affiliate,finance_blogs,,,0
515971,2025-06-03,referral,,,,0
515972,2025-06-03,organic,,,,0
515973,2025-06-03,organic,,,,0
515974,2025-06-03,paid_social,retargeting,,,0
515975,2025-06-03,affiliate,finance_blogs,2025-06-09,monthly,9.99
515976,2025-06-03,organic,,,,0
515977,2025-06-03,paid_social,prospecting_video,,,0
515978,2025-06-03,paid_social,prospecting_video,,,0
515979,2025-06-03,paid_search,brand_search,,,0
515980,2025-06-03,paid_social,retargeting,,,0
515981,2025-06-03,paid_social,prospecting_video,,,0
515982,2025-06-03,organic,,,,0
515983,2025-06-03,paid_social,retargeting,,,0
515984,2025-06-03,paid_social,prospecting_video,,,0
515985,2025-06-03,paid_social,retargeting,,,0
515986,2025-06-03,paid_search,generic_search,,,0
515987,2025-06-03,organic,,,,0
515988,2025-06-03,paid_social,prospecting_video,,,0
515989,2025-06-03,paid_social,prospecting_video,,,0
515990,2025-06-03,paid_social,prospecting_video,,,0
515991,2025-06-03,paid_search,generic_search,,,0
515992,2025-06-03,paid_search,brand_search,,,0
515993,2025-06-03,organic,,,,0
515994,2025-06-03,paid_social,prospecting_video,,,0
515995,2025-06-03,organic,,2025-06-04,monthly,19.98
515996,2025-06-03,paid_search,brand_search,,,0
515997,2025-06-03,paid_social,prospecting_video,,,0
515998,2025-06-03,organic,,,,0
515999,2025-06-03,paid_social,prospecting_video,,,0
516000,2025-06-03,paid_search,brand_search,2025-06-09,monthly,19.98
516001,2025-06-03,paid_social,prospecting_video,,,0
516002,2025-06-03,paid_social,prospecting_video,,,0
516003,2025-06-03,paid_social,prospecting_video,,,0
516004,2025-06-03,affiliate,finance_blogs,,,0
516005,2025-06-03,organic,,,,0
516006,2025-06-03,paid_social,prospecting_video,,,0
516007,2025-06-03,paid_social,retargeting,,,0
516008,2025-06-03,affiliate,finance_blogs,,,0
516009,2025-06-03,paid_social,prospecting_video,,,0
516010,2025-06-03,paid_search,brand_search,,,0
516011,2025-06-03,organic,,,,0
516012,2025-06-03,paid_social,prospecting_video,,,0
516013,2025-06-03,affiliate,finance_blogs,,,0
516014,2025-06-03,paid_social,retargeting,,,0
516015,2025-06-03,paid_social,prospecting_video,,,0
516016,2025-06-03,organic,,,,0
516017,2025-06-03,referral,,2025-06-07,monthly,9.99
516018,2025-06-03,paid_social,prospecting_video,,,0
516019,2025-06-03,organic,,,,0
516020,2025-06-03,organic,,,,0
516021,2025-06-03,paid_social,prospecting_video,,,0
516022,2025-06-04,paid_social,retargeting,2025-06-09,monthly,29.97
516023,2025-06-04,paid_social,retargeting,,,0
516024,2025-06-04,paid_search,brand_search,2025-06-09,monthly,29.97
516025,2025-06-04,paid_social,prospecting_video,,,0
516026,2025-06-04,referral,,,,0
516027,2025-06-04,paid_social,retargeting,,,0
516028,2025-06-04,organic,,,,0
516029,2025-06-04,paid_search,generic_search,2025-06-08,monthly,19.98
516030,2025-06-04,organic,,,,0
516031,2025-06-04,organic,,,,0
516032,2025-06-04,referral,,,,0
516033,2025-06-04,paid_social,prospecting_video,2025-06-05,monthly,29.97
516034,2025-06-04,paid_search,brand_search,,,0
516035,2025-06-04,referral,,,,0
516036,2025-06-04,organic,,,,0
516037,2025-06-04,paid_social,prospecting_video,,,0
516038,2025-06-04,paid_social,retargeting,,,0
516039,2025-06-04,paid_search,generic_search,,,0
516040,2025-06-04,organic,,,,0
516041,2025-06-04,paid_search,brand_search,2025-06-06,annual,79.99
516042,2025-06-04,paid_search,brand_search,,,0
516043,2025-06-04,paid_social,retargeting,,,0
516044,2025-06-04,paid_search,brand_search,,,0
516045,2025-06-04,paid_search,generic_search,,,0
516046,2025-06-04,paid_social,prospecting_video,,,0
516047,2025-06-04,referral,,,,0
516048,2025-06-04,paid_search,generic_search,2025-06-04,annual,79.99
516049,2025-06-04,paid_social,prospecting_video,,,0
516050,2025-06-04,paid_social,prospecting_video,,,0
516051,2025-06-04,paid_social,retargeting,,,0
516052,2025-06-04,paid_social,prospecting_video,,,0
516053,2025-06-04,paid_search,generic_search,,,0
516054,2025-06-04,paid_social,prospecting_video,,,0
516055,2025-06-04,paid_social,prospecting_video,,,0
516056,2025-06-04,paid_social,retargeting,,,0
516057,2025-06-04,organic,,,,0
516058,2025-06-04,organic,,,,0
516059,2025-06-04,paid_search,generic_search,,,0
516060,2025-06-04,organic,,2025-06-04,monthly,29.97
516061,2025-06-04,paid_social,prospecting_video,,,0
516062,2025-06-04,paid_social,prospecting_video,,,0
516063,2025-06-04,organic,,,,0
516064,2025-06-04,paid_social,prospecting_video,,,0
516065,2025-06-04,affiliate,finance_blogs,,,0
516066,2025-06-04,paid_search,brand_search,2025-06-10,annual,79.99
516067,2025-06-04,paid_social,prospecting_video,2025-06-15,annual,79.99
516068,2025-06-04,paid_social,retargeting,2025-06-08,monthly,19.98
516069,2025-06-04,organic,,,,0
516070,2025-06-04,paid_search,brand_search,,,0
516071,2025-06-04,paid_search,generic_search,,,0
516072,2025-06-04,organic,,,,0
516073,2025-06-04,paid_social,prospecting_video,,,0
516074,2025-06-04,organic,,,,0
516075,2025-06-04,paid_search,generic_search,,,0
516076,2025-06-04,organic,,2025-06-06,monthly,29.97
516077,2025-06-04,paid_search,generic_search,,,0
516078,2025-06-04,organic,,2025-06-08,annual,79.99
516079,2025-06-04,affiliate,finance_blogs,,,0
516080,2025-06-04,paid_social,retargeting,2025-06-10,monthly,19.98
516081,2025-06-04,paid_search,brand_search,,,0
516082,2025-06-04,paid_search,brand_search,,,0
516083,2025-06-04,paid_search,generic_search,,,0
516084,2025-06-04,organic,,2025-06-04,monthly,19.98
516085,2025-06-04,paid_social,retargeting,2025-06-05,monthly,29.97
516086,2025-06-04,organic,,,,0
516087,2025-06-04,paid_social,prospecting_video,,,0
516088,2025-06-04,paid_search,brand_search,,,0
516089,2025-06-04,paid_search,generic_search,2025-06-08,annual,79.99
516090,2025-06-04,organic,,,,0
516091,2025-06-04,paid_search,generic_search,,,0
516092,2025-06-04,organic,,,,0
516093,2025-06-04,organic,,,,0
516094,2025-06-04,organic,,,,0
516095,2025-06-04,paid_social,retargeting,,,0
516096,2025-06-04,paid_social,retargeting,2025-06-15,monthly,19.98
516097,2025-06-04,paid_search,generic_search,,,0
516098,2025-06-04,paid_social,retargeting,,,0
516099,2025-06-04,organic,,,,0
516100,2025-06-04,paid_social,retargeting,2025-06-14,annual,79.99
516101,2025-06-04,organic,,,,0
516102,2025-06-04,paid_social,prospecting_video,,,0
516103,2025-06-04,paid_social,prospecting_video,,,0
516104,2025-06-04,paid_social,prospecting_video,2025-06-09,monthly,29.97
516105,2025-06-04,paid_social,prospecting_video,,,0
516106,2025-06-04,paid_search,generic_search,,,0
516107,2025-06-04,paid_search,brand_search,2025-06-06,monthly,19.98
516108,2025-06-04,organic,,,,0
516109,2025-06-04,paid_social,prospecting_video,,,0
516110,2025-06-04,paid_social,prospecting_video,,,0
516111,2025-06-04,paid_search,brand_search,,,0
516112,2025-06-04,paid_social,prospecting_video,,,0
516113,2025-06-04,organic,,,,0
516114,2025-06-04,paid_social,prospecting_video,,,0
516115,2025-06-04,paid_search,generic_search,,,0
516116,2025-06-04,paid_social,prospecting_video,,,0
516117,2025-06-04,organic,,,,0
516118,2025-06-04,paid_social,prospecting_video,,,0
516119,2025-06-04,organic,,,,0
516120,2025-06-04,paid_search,brand_search,,,0
516121,2025-06-04,paid_search,brand_search,,,0
516122,2025-06-04,organic,,,,0
516123,2025-06-04,paid_search,brand_search,,,0
516124,2025-06-05,paid_social,prospecting_video,,,0
516125,2025-06-05,paid_search,brand_search,2025-06-07,monthly,29.97
516126,2025-06-05,organic,,,,0
516127,2025-06-05,paid_search,brand_search,,,0
516128,2025-06-05,paid_social,prospecting_video,,,0
516129,2025-06-05,paid_social,retargeting,2025-06-06,annual,79.99
516130,2025-06-05,referral,,,,0
516131,2025-06-05,organic,,,,0
516132,2025-06-05,paid_social,prospecting_video,,,0
516133,2025-06-05,paid_search,generic_search,,,0
516134,2025-06-05,organic,,,,0
516135,2025-06-05,organic,,,,0
516136,2025-06-05,paid_social,retargeting,,,0
516137,2025-06-05,referral,,2025-06-07,annual,79.99
516138,2025-06-05,paid_search,brand_search,,,0
516139,2025-06-05,paid_social,prospecting_video,,,0
516140,2025-06-05,organic,,,,0
516141,2025-06-05,paid_search,brand_search,,,0
516142,2025-06-05,paid_social,prospecting_video,,,0
516143,2025-06-05,affiliate,finance_blogs,,,0
516144,2025-06-05,paid_social,prospecting_video,,,0
516145,2025-06-05,paid_social,prospecting_video,,,0
516146,2025-06-05,paid_social,prospecting_video,2025-06-08,monthly,19.98
516147,2025-06-05,organic,,,,0
516148,2025-06-05,paid_search,brand_search,,,0
516149,2025-06-05,paid_social,prospecting_video,,,0
516150,2025-06-05,organic,,,,0
516151,2025-06-05,paid_social,prospecting_video,,,0
516152,2025-06-05,organic,,,,0
516153,2025-06-05,organic,,,,0
516154,2025-06-05,paid_social,prospecting_video,,,0
516155,2025-06-05,paid_social,prospecting_video,,,0
516156,2025-06-05,paid_social,retargeting,,,0
516157,2025-06-05,paid_social,retargeting,2025-06-06,monthly,29.97
516158,2025-06-05,paid_search,brand_search,,,0
516159,2025-06-05,paid_social,prospecting_video,,,0
516160,2025-06-05,paid_search,generic_search,,,0
516161,2025-06-05,paid_search,brand_search,,,0
516162,2025-06-05,paid_social,prospecting_video,,,0
516163,2025-06-05,paid_social,retargeting,,,0
516164,2025-06-05,paid_search,brand_search,,,0
516165,2025-06-05,organic,,,,0
516166,2025-06-05,paid_search,generic_search,,,0
516167,2025-06-05,paid_social,retargeting,,,0
516168,2025-06-05,paid_social,prospecting_video,,,0
516169,2025-06-05,paid_social,prospecting_video,2025-06-08,monthly,29.97
516170,2025-06-05,paid_search,generic_search,,,0
516171,2025-06-05,organic,,,,0
516172,2025-06-05,paid_social,retargeting,,,0
516173,2025-06-05,paid_search,brand_search,,,0
516174,2025-06-05,paid_social,prospecting_video,,,0
516175,2025-06-05,referral,,,,0
516176,2025-06-05,paid_social,prospecting_video,,,0
516177,2025-06-05,organic,,,,0
516178,2025-06-05,paid_social,prospecting_video,,,0
516179,2025-06-05,paid_social,prospecting_video,2025-06-11,annual,79.99
516180,2025-06-05,paid_social,prospecting_video,,,0
516181,2025-06-05,paid_search,brand_search,,,0
516182,2025-06-05,paid_social,prospecting_video,,,0
516183,2025-06-05,paid_search,brand_search,,,0
516184,2025-06-05,paid_search,generic_search,,,0
516185,2025-06-05,paid_search,generic_search,,,0
516186,2025-06-05,organic,,,,0
516187,2025-06-05,paid_search,generic_search,,,0
516188,2025-06-05,paid_search,brand_search,,,0
516189,2025-06-05,paid_social,prospecting_video,,,0
516190,2025-06-05,paid_social,prospecting_video,,,0
516191,2025-06-05,paid_search,brand_search,,,0
516192,2025-06-05,paid_social,prospecting_video,,,0
516193,2025-06-05,paid_social,prospecting_video,,,0
516194,2025-06-05,paid_social,prospecting_video,,,0
516195,2025-06-05,organic,,,,0
516196,2025-06-05,paid_search,brand_search,,,0
516197,2025-06-05,organic,,,,0
516198,2025-06-05,paid_search,generic_search,,,0
516199,2025-06-05,organic,,,,0
516200,2025-06-05,organic,,,,0
516201,2025-06-05,paid_social,prospecting_video,,,0
516202,2025-06-05,paid_social,prospecting_video,,,0
516203,2025-06-05,paid_search,generic_search,,,0
516204,2025-06-05,paid_social,prospecting_video,,,0
516205,2025-06-05,paid_social,prospecting_video,,,0
516206,2025-06-05,paid_social,prospecting_video,,,0
516207,2025-06-05,paid_social,prospecting_video,,,0
516208,2025-06-05,paid_social,retargeting,,,0
516209,2025-06-05,paid_social,prospecting_video,,,0
516210,2025-06-05,paid_search,generic_search,,,0
516211,2025-06-05,paid_social,prospecting_video,,,0
516212,2025-06-05,organic,,,,0
516213,2025-06-05,referral,,,,0
516214,2025-06-05,paid_social,prospecting_video,,,0
516215,2025-06-05,referral,,2025-06-06,monthly,29.97
516216,2025-06-05,paid_social,prospecting_video,,,0
516217,2025-06-05,paid_social,prospecting_video,,,0
516218,2025-06-05,paid_social,prospecting_video,,,0
516219,2025-06-05,paid_search,brand_search,,,0
516220,2025-06-05,paid_social,prospecting_video,,,0
516221,2025-06-05,referral,,,,0
516222,2025-06-05,paid_social,prospecting_video,,,0
516223,2025-06-05,paid_search,brand_search,,,0
516224,2025-06-05,organic,,,,0
516225,2025-06-05,paid_social,prospecting_video,,,0
516226,2025-06-05,affiliate,finance_blogs,,,0
516227,2025-06-05,organic,,,,0
516228,2025-06-05,paid_social,prospecting_video,,,0
516229,2025-06-05,paid_social,retargeting,2025-06-18,monthly,29.97
516230,2025-06-06,paid_search,generic_search,,,0
516231,2025-06-06,paid_social,prospecting_video,,,0
516232,2025-06-06,affiliate,finance_blogs,,,0
516233,2025-06-06,organic,,,,0
516234,2025-06-06,paid_social,prospecting_video,,,0
516235,2025-06-06,organic,,,,0
516236,2025-06-06,paid_search,brand_search,,,0
516237,2025-06-06,paid_social,retargeting,,,0
516238,2025-06-06,paid_social,prospecting_video,,,0
516239,2025-06-06,organic,,,,0
516240,2025-06-06,paid_social,prospecting_video,,,0
516241,2025-06-06,organic,,,,0
516242,2025-06-06,paid_search,brand_search,,,0
516243,2025-06-06,paid_search,generic_search,,,0
516244,2025-06-06,paid_search,brand_search,,,0
516245,2025-06-06,referral,,,,0
516246,2025-06-06,organic,,,,0
516247,2025-06-06,paid_social,prospecting_video,,,0
516248,2025-06-06,organic,,,,0
516249,2025-06-06,organic,,,,0
516250,2025-06-06,referral,,,,0
516251,2025-06-06,organic,,,,0
516252,2025-06-06,paid_search,brand_search,,,0
516253,2025-06-06,organic,,2025-06-12,annual,79.99
516254,2025-06-06,paid_search,generic_search,,,0
516255,2025-06-06,paid_search,brand_search,,,0
516256,2025-06-06,paid_social,retargeting,,,0
516257,2025-06-06,paid_social,retargeting,,,0
516258,2025-06-06,paid_search,generic_search,,,0
516259,2025-06-06,paid_search,generic_search,,,0
516260,2025-06-06,organic,,,,0
516261,2025-06-06,paid_social,prospecting_video,,,0
516262,2025-06-06,paid_search,brand_search,,,0
516263,2025-06-06,paid_social,prospecting_video,,,0
516264,2025-06-06,paid_search,generic_search,,,0
516265,2025-06-06,paid_social,prospecting_video,,,0
516266,2025-06-06,paid_social,prospecting_video,,,0
516267,2025-06-06,affiliate,finance_blogs,,,0
516268,2025-06-06,affiliate,finance_blogs,2025-06-09,monthly,29.97
516269,2025-06-06,paid_social,prospecting_video,,,0
516270,2025-06-06,organic,,,,0
516271,2025-06-06,paid_search,brand_search,,,0
516272,2025-06-06,paid_social,retargeting,,,0
516273,2025-06-06,referral,,,,0
516274,2025-06-06,paid_search,brand_search,2025-06-09,annual,79.99
516275,2025-06-06,paid_social,prospecting_video,,,0
516276,2025-06-06,paid_search,generic_search,,,0
516277,2025-06-06,paid_social,prospecting_video,,,0
516278,2025-06-06,paid_social,retargeting,,,0
516279,2025-06-06,paid_search,generic_search,,,0
516280,2025-06-06,paid_search,brand_search,,,0
516281,2025-06-06,paid_social,retargeting,,,0
516282,2025-06-06,referral,,,,0
516283,2025-06-06,organic,,,,0
516284,2025-06-06,paid_social,retargeting,,,0
516285,2025-06-06,paid_search,brand_search,,,0
516286,2025-06-06,organic,,,,0
516287,2025-06-06,paid_social,retargeting,,,0
516288,2025-06-06,paid_social,prospecting_video,,,0
516289,2025-06-06,paid_search,brand_search,,,0
516290,2025-06-06,paid_social,prospecting_video,,,0
516291,2025-06-06,paid_search,generic_search,,,0
516292,2025-06-06,paid_social,prospecting_video,,,0
516293,2025-06-06,paid_search,generic_search,,,0
516294,2025-06-06,paid_search,generic_search,,,0
516295,2025-06-06,paid_social,prospecting_video,,,0
516296,2025-06-06,paid_social,prospecting_video,,,0
516297,2025-06-06,organic,,2025-06-07,monthly,9.99
516298,2025-06-06,paid_social,prospecting_video,,,0
516299,2025-06-06,paid_social,prospecting_video,,,0
516300,2025-06-06,paid_search,generic_search,,,0
516301,2025-06-06,organic,,,,0
516302,2025-06-06,paid_social,prospecting_video,,,0
516303,2025-06-06,paid_social,prospecting_video,,,0
516304,2025-06-06,paid_social,prospecting_video,,,0
516305,2025-06-06,paid_search,brand_search,,,0
516306,2025-06-06,paid_social,prospecting_video,,,0
516307,2025-06-06,paid_social,prospecting_video,,,0
516308,2025-06-06,referral,,,,0
516309,2025-06-06,organic,,,,0
516310,2025-06-06,paid_search,generic_search,,,0
516311,2025-06-06,paid_social,prospecting_video,,,0
516312,2025-06-06,paid_search,generic_search,,,0
516313,2025-06-06,paid_social,retargeting,,,0
516314,2025-06-06,affiliate,finance_blogs,,,0
516315,2025-06-06,paid_search,brand_search,,,0
516316,2025-06-06,organic,,,,0
516317,2025-06-06,paid_search,brand_search,2025-06-08,monthly,29.97
516318,2025-06-06,paid_search,brand_search,2025-06-10,monthly,29.97
516319,2025-06-06,paid_social,prospecting_video,,,0
516320,2025-06-06,paid_social,prospecting_video,,,0
516321,2025-06-06,paid_social,prospecting_video,,,0
516322,2025-06-06,paid_social,prospecting_video,,,0
516323,2025-06-06,paid_search,generic_search,2025-06-08,annual,79.99
516324,2025-06-06,paid_social,prospecting_video,,,0
516325,2025-06-06,paid_social,prospecting_video,2025-06-11,monthly,19.98
516326,2025-06-06,organic,,2025-06-11,monthly,19.98
516327,2025-06-06,paid_social,retargeting,,,0
516328,2025-06-06,paid_social,retargeting,,,0
516329,2025-06-06,affiliate,finance_blogs,,,0
516330,2025-06-06,organic,,,,0
516331,2025-06-06,paid_search,generic_search,,,0
516332,2025-06-06,paid_search,generic_search,,,0
516333,2025-06-06,referral,,,,0
516334,2025-06-06,paid_search,generic_search,,,0
516335,2025-06-06,paid_social,prospecting_video,,,0
516336,2025-06-06,paid_social,prospecting_video,,,0
516337,2025-06-07,paid_social,retargeting,,,0
516338,2025-06-07,organic,,,,0
516339,2025-06-07,paid_social,prospecting_video,,,0
516340,2025-06-07,organic,,,,0
516341,2025-06-07,paid_social,prospecting_video,,,0
516342,2025-06-07,paid_search,generic_search,,,0
516343,2025-06-07,paid_search,brand_search,,,0
516344,2025-06-07,referral,,,,0
516345,2025-06-07,referral,,,,0
516346,2025-06-07,paid_social,prospecting_video,,,0
516347,2025-06-07,paid_search,generic_search,,,0
516348,2025-06-07,paid_social,prospecting_video,,,0
516349,2025-06-07,organic,,,,0
516350,2025-06-07,organic,,,,0
516351,2025-06-07,paid_social,prospecting_video,,,0
516352,2025-06-07,paid_social,prospecting_video,,,0
516353,2025-06-07,paid_social,prospecting_video,,,0
516354,2025-06-07,organic,,,,0
516355,2025-06-07,paid_social,retargeting,,,0
516356,2025-06-07,referral,,,,0
516357,2025-06-07,paid_social,prospecting_video,,,0
516358,2025-06-07,organic,,,,0
516359,2025-06-07,paid_search,generic_search,,,0
516360,2025-06-07,paid_social,prospecting_video,,,0
516361,2025-06-07,organic,,,,0
516362,2025-06-07,paid_social,retargeting,,,0
516363,2025-06-07,paid_search,brand_search,2025-06-09,monthly,29.97
516364,2025-06-07,organic,,,,0
516365,2025-06-07,paid_social,retargeting,2025-06-12,monthly,29.97
516366,2025-06-07,affiliate,finance_blogs,2025-06-07,annual,79.99
516367,2025-06-07,paid_search,generic_search,,,0
516368,2025-06-07,organic,,,,0
516369,2025-06-07,organic,,,,0
516370,2025-06-07,referral,,2025-06-09,monthly,19.98
516371,2025-06-07,referral,,,,0
516372,2025-06-07,organic,,,,0
516373,2025-06-07,paid_social,retargeting,,,0
516374,2025-06-07,paid_search,brand_search,,,0
516375,2025-06-07,paid_social,retargeting,2025-06-07,monthly,19.98
516376,2025-06-07,organic,,,,0
516377,2025-06-07,paid_social,prospecting_video,,,0
516378,2025-06-07,paid_social,prospecting_video,,,0
516379,2025-06-07,organic,,,,0
516380,2025-06-07,organic,,,,0
516381,2025-06-07,referral,,2025-06-16,monthly,29.97
516382,2025-06-07,organic,,,,0
516383,2025-06-07,paid_social,retargeting,,,0
516384,2025-06-07,paid_social,prospecting_video,,,0
516385,2025-06-07,paid_search,brand_search,,,0
516386,2025-06-07,paid_social,prospecting_video,2025-06-11,monthly,29.97
516387,2025-06-07,affiliate,finance_blogs,,,0
516388,2025-06-07,paid_social,retargeting,2025-06-07,annual,79.99
516389,2025-06-07,paid_search,generic_search,,,0
516390,2025-06-07,paid_social,prospecting_video,,,0
516391,2025-06-07,organic,,2025-06-08,monthly,29.97
516392,2025-06-07,paid_social,retargeting,,,0
516393,2025-06-07,organic,,,,0
516394,2025-06-07,paid_social,prospecting_video,,,0
516395,2025-06-07,paid_search,brand_search,,,0
516396,2025-06-07,paid_social,prospecting_video,,,0
516397,2025-06-07,organic,,,,0
516398,2025-06-07,paid_search,brand_search,2025-06-09,annual,79.99
516399,2025-06-07,organic,,,,0
516400,2025-06-07,organic,,,,0
516401,2025-06-07,paid_social,prospecting_video,,,0
516402,2025-06-07,paid_social,prospecting_video,,,0
516403,2025-06-07,paid_search,brand_search,2025-06-20,monthly,29.97
516404,2025-06-07,paid_social,retargeting,2025-06-09,monthly,29.97
516405,2025-06-07,paid_search,generic_search,2025-06-10,monthly,19.98
516406,2025-06-07,paid_social,prospecting_video,,,0
516407,2025-06-07,paid_search,brand_search,,,0
516408,2025-06-07,paid_social,prospecting_video,,,0
516409,2025-06-07,paid_social,prospecting_video,,,0
516410,2025-06-07,paid_social,prospecting_video,,,0
516411,2025-06-07,paid_search,generic_search,,,0
516412,2025-06-07,organic,,,,0
516413,2025-06-07,paid_social,retargeting,2025-06-10,monthly,29.97
516414,2025-06-07,paid_search,generic_search,,,0
516415,2025-06-07,paid_search,brand_search,2025-06-09,monthly,19.98
516416,2025-06-07,paid_social,prospecting_video,,,0
516417,2025-06-08,paid_social,prospecting_video,,,0
516418,2025-06-08,organic,,,,0
516419,2025-06-08,paid_social,prospecting_video,,,0
516420,2025-06-08,paid_search,generic_search,2025-06-08,monthly,19.98
516421,2025-06-08,organic,,,,0
516422,2025-06-08,paid_search,generic_search,,,0
516423,2025-06-08,paid_social,prospecting_video,,,0
516424,2025-06-08,paid_social,prospecting_video,,,0
516425,2025-06-08,paid_social,prospecting_video,,,0
516426,2025-06-08,paid_social,prospecting_video,,,0
516427,2025-06-08,paid_search,generic_search,,,0
516428,2025-06-08,paid_social,prospecting_video,,,0
516429,2025-06-08,paid_social,prospecting_video,,,0
516430,2025-06-08,paid_social,prospecting_video,,,0
516431,2025-06-08,paid_social,prospecting_video,,,0
516432,2025-06-08,paid_search,brand_search,,,0
516433,2025-06-08,paid_social,prospecting_video,,,0
516434,2025-06-08,organic,,,,0
516435,2025-06-08,paid_social,prospecting_video,2025-06-16,annual,79.99
516436,2025-06-08,organic,,,,0
516437,2025-06-08,organic,,,,0
516438,2025-06-08,affiliate,finance_blogs,,,0
516439,2025-06-08,organic,,,,0
516440,2025-06-08,paid_search,generic_search,2025-06-14,monthly,29.97
516441,2025-06-08,organic,,,,0
516442,2025-06-08,referral,,,,0
516443,2025-06-08,paid_social,retargeting,2025-06-09,monthly,29.97
516444,2025-06-08,paid_social,prospecting_video,,,0
516445,2025-06-08,paid_social,prospecting_video,,,0
516446,2025-06-08,paid_social,prospecting_video,,,0
516447,2025-06-08,paid_social,prospecting_video,,,0
516448,2025-06-08,organic,,,,0
516449,2025-06-08,paid_social,prospecting_video,,,0
516450,2025-06-08,affiliate,finance_blogs,,,0
516451,2025-06-08,organic,,,,0
516452,2025-06-08,affiliate,finance_blogs,2025-06-08,monthly,9.99
516453,2025-06-08,paid_search,brand_search,,,0
516454,2025-06-08,paid_social,retargeting,,,0
516455,2025-06-08,paid_search,brand_search,,,0
516456,2025-06-08,organic,,,,0
516457,2025-06-08,paid_social,retargeting,,,0
516458,2025-06-08,paid_social,retargeting,,,0
516459,2025-06-08,paid_search,brand_search,,,0
516460,2025-06-08,referral,,,,0
516461,2025-06-08,organic,,,,0
516462,2025-06-08,paid_social,prospecting_video,,,0
516463,2025-06-08,paid_search,brand_search,2025-06-11,monthly,19.98
516464,2025-06-08,referral,,,,0
516465,2025-06-08,organic,,,,0
516466,2025-06-08,organic,,,,0
516467,2025-06-08,paid_social,prospecting_video,2025-06-13,monthly,29.97
516468,2025-06-08,paid_social,prospecting_video,,,0
516469,2025-06-08,organic,,2025-06-13,monthly,29.97
516470,2025-06-08,paid_search,generic_search,,,0
516471,2025-06-08,organic,,,,0
516472,2025-06-08,paid_social,retargeting,,,0
516473,2025-06-08,paid_social,prospecting_video,,,0
516474,2025-06-08,paid_social,prospecting_video,,,0
516475,2025-06-08,paid_social,prospecting_video,,,0
516476,2025-06-08,affiliate,finance_blogs,,,0
516477,2025-06-08,paid_social,prospecting_video,,,0
516478,2025-06-08,paid_social,prospecting_video,,,0
516479,2025-06-08,paid_search,brand_search,2025-06-13,monthly,29.97
516480,2025-06-08,paid_social,prospecting_video,,,0
516481,2025-06-08,paid_social,prospecting_video,,,0
516482,2025-06-08,paid_social,prospecting_video,,,0
516483,2025-06-08,paid_social,prospecting_video,,,0
516484,2025-06-08,paid_social,retargeting,,,0
516485,2025-06-08,organic,,,,0
516486,2025-06-08,paid_search,generic_search,,,0
516487,2025-06-08,paid_social,prospecting_video,,,0
516488,2025-06-08,paid_social,retargeting,2025-06-09,monthly,29.97
516489,2025-06-08,paid_search,brand_search,,,0
516490,2025-06-08,paid_search,generic_search,2025-06-12,monthly,29.97
516491,2025-06-08,paid_search,brand_search,,,0
516492,2025-06-08,organic,,,,0
516493,2025-06-08,paid_search,brand_search,,,0
516494,2025-06-08,organic,,,,0
516495,2025-06-08,paid_social,prospecting_video,,,0
516496,2025-06-08,organic,,,,0
516497,2025-06-08,paid_social,retargeting,,,0
516498,2025-06-08,paid_search,generic_search,2025-06-09,monthly,29.97
516499,2025-06-08,paid_search,generic_search,,,0
516500,2025-06-08,referral,,,,0
516501,2025-06-08,affiliate,finance_blogs,,,0
516502,2025-06-08,paid_social,prospecting_video,,,0
516503,2025-06-08,paid_search,generic_search,,,0
516504,2025-06-08,paid_social,prospecting_video,,,0
516505,2025-06-08,paid_social,prospecting_video,,,0
516506,2025-06-08,paid_search,generic_search,,,0
516507,2025-06-08,organic,,,,0
516508,2025-06-08,paid_social,retargeting,,,0
516509,2025-06-08,paid_social,retargeting,,,0
516510,2025-06-08,organic,,,,0
516511,2025-06-08,paid_search,brand_search,2025-06-08,monthly,29.97
516512,2025-06-09,paid_social,prospecting_video,,,0
516513,2025-06-09,organic,,,,0
516514,2025-06-09,paid_social,prospecting_video,,,0
516515,2025-06-09,paid_social,prospecting_video,,,0
516516,2025-06-09,paid_search,brand_search,,,0
516517,2025-06-09,paid_social,prospecting_video,,,0
516518,2025-06-09,paid_social,prospecting_video,,,0
516519,2025-06-09,paid_search,brand_search,2025-06-14,monthly,29.97
516520,2025-06-09,paid_social,prospecting_video,,,0
516521,2025-06-09,paid_social,prospecting_video,,,0
516522,2025-06-09,paid_social,prospecting_video,,,0
516523,2025-06-09,paid_search,brand_search,2025-06-09,monthly,29.97
516524,2025-06-09,paid_social,retargeting,2025-06-10,annual,79.99
516525,2025-06-09,paid_social,prospecting_video,,,0
516526,2025-06-09,organic,,2025-06-13,monthly,29.97
516527,2025-06-09,paid_social,prospecting_video,,,0
516528,2025-06-09,paid_social,retargeting,,,0
516529,2025-06-09,organic,,,,0
516530,2025-06-09,affiliate,finance_blogs,,,0
516531,2025-06-09,paid_search,generic_search,,,0
516532,2025-06-09,paid_social,retargeting,,,0
516533,2025-06-09,referral,,,,0
516534,2025-06-09,referral,,,,0
516535,2025-06-09,affiliate,finance_blogs,,,0
516536,2025-06-09,affiliate,finance_blogs,,,0
516537,2025-06-09,paid_search,brand_search,,,0
516538,2025-06-09,affiliate,finance_blogs,,,0
516539,2025-06-09,paid_social,retargeting,,,0
516540,2025-06-09,paid_social,prospecting_video,,,0
516541,2025-06-09,referral,,,,0
516542,2025-06-09,paid_social,prospecting_video,,,0
516543,2025-06-09,paid_social,prospecting_video,,,0
516544,2025-06-09,referral,,,,0
516545,2025-06-09,paid_social,prospecting_video,,,0
516546,2025-06-09,paid_social,retargeting,,,0
516547,2025-06-09,paid_search,brand_search,2025-06-11,monthly,29.97
516548,2025-06-09,paid_social,prospecting_video,,,0
516549,2025-06-09,organic,,,,0
516550,2025-06-09,paid_social,prospecting_video,,,0
516551,2025-06-09,paid_social,prospecting_video,,,0
516552,2025-06-09,referral,,,,0
516553,2025-06-09,paid_social,retargeting,2025-06-09,annual,79.99
516554,2025-06-09,paid_social,retargeting,,,0
516555,2025-06-09,paid_search,generic_search,,,0
516556,2025-06-09,paid_social,retargeting,,,0
516557,2025-06-09,paid_search,generic_search,2025-06-09,monthly,29.97
516558,2025-06-09,referral,,2025-06-09,monthly,29.97
516559,2025-06-09,paid_social,prospecting_video,,,0
516560,2025-06-09,paid_search,brand_search,,,0
516561,2025-06-09,paid_social,prospecting_video,,,0
516562,2025-06-09,paid_social,prospecting_video,,,0
516563,2025-06-09,paid_search,generic_search,,,0
516564,2025-06-09,paid_social,prospecting_video,,,0
516565,2025-06-09,paid_social,prospecting_video,,,0
516566,2025-06-09,paid_search,brand_search,,,0
516567,2025-06-09,paid_social,prospecting_video,,,0
516568,2025-06-09,paid_search,brand_search,2025-06-10,annual,79.99
516569,2025-06-09,organic,,,,0
516570,2025-06-09,paid_search,generic_search,,,0
516571,2025-06-09,paid_social,prospecting_video,,,0
516572,2025-06-09,paid_social,retargeting,2025-06-09,monthly,19.98
516573,2025-06-09,paid_social,prospecting_video,,,0
516574,2025-06-09,paid_search,generic_search,,,0
516575,2025-06-09,paid_social,retargeting,,,0
516576,2025-06-09,affiliate,finance_blogs,,,0
516577,2025-06-09,organic,,2025-06-20,annual,79.99
516578,2025-06-09,paid_search,generic_search,,,0
516579,2025-06-09,organic,,,,0
516580,2025-06-09,organic,,,,0
516581,2025-06-09,organic,,2025-06-12,monthly,29.97
516582,2025-06-09,paid_search,brand_search,,,0
516583,2025-06-09,paid_search,generic_search,,,0
516584,2025-06-09,paid_social,retargeting,,,0
516585,2025-06-09,paid_search,brand_search,,,0
516586,2025-06-09,organic,,,,0
516587,2025-06-09,paid_search,generic_search,2025-06-09,monthly,29.97
516588,2025-06-09,paid_social,prospecting_video,,,0
516589,2025-06-09,paid_search,brand_search,,,0
516590,2025-06-09,paid_search,brand_search,,,0
516591,2025-06-09,paid_social,retargeting,,,0
516592,2025-06-09,paid_social,prospecting_video,,,0
516593,2025-06-09,paid_social,prospecting_video,,,0
516594,2025-06-09,paid_social,retargeting,,,0
516595,2025-06-09,paid_search,brand_search,,,0
516596,2025-06-09,organic,,2025-06-15,monthly,29.97
516597,2025-06-09,paid_social,prospecting_video,,,0
516598,2025-06-09,organic,,,,0
516599,2025-06-09,organic,,2025-06-19,monthly,29.97
516600,2025-06-09,organic,,,,0
516601,2025-06-09,paid_social,prospecting_video,,,0
516602,2025-06-09,organic,,,,0
516603,2025-06-09,paid_social,retargeting,2025-06-10,monthly,29.97
516604,2025-06-09,paid_social,retargeting,,,0
516605,2025-06-09,paid_search,generic_search,,,0
516606,2025-06-09,organic,,,,0
516607,2025-06-09,paid_search,brand_search,,,0
516608,2025-06-09,referral,,,,0
516609,2025-06-09,paid_social,prospecting_video,,,0
516610,2025-06-09,paid_social,prospecting_video,,,0
516611,2025-06-09,paid_social,prospecting_video,,,0
516612,2025-06-09,referral,,,,0
516613,2025-06-09,paid_search,generic_search,,,0
516614,2025-06-09,paid_social,prospecting_video,,,0
516615,2025-06-09,paid_social,retargeting,,,0
516616,2025-06-09,organic,,,,0
516617,2025-06-09,paid_social,prospecting_video,,,0
516618,2025-06-09,paid_social,retargeting,,,0
516619,2025-06-09,paid_social,retargeting,,,0
516620,2025-06-09,paid_search,brand_search,,,0
516621,2025-06-09,paid_social,prospecting_video,,,0
516622,2025-06-09,paid_social,prospecting_video,,,0
516623,2025-06-09,organic,,,,0
516624,2025-06-09,affiliate,finance_blogs,,,0
516625,2025-06-09,paid_social,retargeting,,,0
516626,2025-06-09,organic,,,,0
516627,2025-06-09,paid_social,prospecting_video,,,0
516628,2025-06-09,organic,,,,0
516629,2025-06-09,paid_social,prospecting_video,,,0
516630,2025-06-09,paid_social,retargeting,,,0
516631,2025-06-09,paid_social,retargeting,,,0
516632,2025-06-09,organic,,,,0
516633,2025-06-10,organic,,,,0
516634,2025-06-10,paid_search,generic_search,,,0
516635,2025-06-10,paid_search,brand_search,,,0
516636,2025-06-10,referral,,,,0
516637,2025-06-10,paid_search,generic_search,,,0
516638,2025-06-10,paid_search,brand_search,2025-06-14,monthly,29.97
516639,2025-06-10,paid_social,prospecting_video,,,0
516640,2025-06-10,paid_social,prospecting_video,,,0
516641,2025-06-10,organic,,,,0
516642,2025-06-10,organic,,2025-06-14,monthly,29.97
516643,2025-06-10,paid_social,prospecting_video,,,0
516644,2025-06-10,paid_social,prospecting_video,,,0
516645,2025-06-10,organic,,,,0
516646,2025-06-10,paid_search,generic_search,,,0
516647,2025-06-10,paid_social,prospecting_video,,,0
516648,2025-06-10,paid_social,prospecting_video,,,0
516649,2025-06-10,paid_search,brand_search,,,0
516650,2025-06-10,affiliate,finance_blogs,,,0
516651,2025-06-10,paid_social,prospecting_video,,,0
516652,2025-06-10,paid_social,prospecting_video,2025-06-15,monthly,29.97
516653,2025-06-10,organic,,,,0
516654,2025-06-10,paid_social,prospecting_video,,,0
516655,2025-06-10,affiliate,finance_blogs,,,0
516656,2025-06-10,paid_social,prospecting_video,,,0
516657,2025-06-10,paid_search,brand_search,,,0
516658,2025-06-10,paid_social,prospecting_video,,,0
516659,2025-06-10,paid_social,prospecting_video,,,0
516660,2025-06-10,paid_social,prospecting_video,,,0
516661,2025-06-10,paid_social,prospecting_video,,,0
516662,2025-06-10,paid_social,prospecting_video,,,0
516663,2025-06-10,paid_social,prospecting_video,2025-06-23,annual,79.99
516664,2025-06-10,paid_social,prospecting_video,,,0
516665,2025-06-10,paid_social,prospecting_video,,,0
516666,2025-06-10,affiliate,finance_blogs,,,0
516667,2025-06-10,paid_social,retargeting,,,0
516668,2025-06-10,paid_social,retargeting,,,0
516669,2025-06-10,paid_social,retargeting,2025-06-11,monthly,29.97
516670,2025-06-10,paid_social,prospecting_video,,,0
516671,2025-06-10,paid_social,prospecting_video,,,0
516672,2025-06-10,paid_social,prospecting_video,,,0
516673,2025-06-10,paid_search,generic_search,,,0
516674,2025-06-10,organic,,,,0
516675,2025-06-10,organic,,,,0
516676,2025-06-10,paid_search,brand_search,,,0
516677,2025-06-10,paid_social,prospecting_video,2025-06-18,monthly,29.97
516678,2025-06-10,organic,,,,0
516679,2025-06-10,affiliate,finance_blogs,,,0
516680,2025-06-10,paid_social,retargeting,,,0
516681,2025-06-10,paid_social,prospecting_video,,,0
516682,2025-06-10,paid_social,retargeting,,,0
516683,2025-06-10,paid_social,prospecting_video,,,0
516684,2025-06-10,affiliate,finance_blogs,,,0
516685,2025-06-10,paid_social,retargeting,2025-06-13,annual,79.99
516686,2025-06-10,paid_social,prospecting_video,,,0
516687,2025-06-10,paid_social,prospecting_video,,,0
516688,2025-06-10,paid_social,prospecting_video,,,0
516689,2025-06-10,paid_social,retargeting,,,0
516690,2025-06-10,paid_search,brand_search,,,0
516691,2025-06-10,affiliate,finance_blogs,2025-06-16,monthly,29.97
516692,2025-06-10,paid_social,prospecting_video,,,0
516693,2025-06-10,paid_social,prospecting_video,,,0
516694,2025-06-10,paid_social,prospecting_video,,,0
516695,2025-06-10,paid_social,prospecting_video,,,0
516696,2025-06-10,affiliate,finance_blogs,,,0
516697,2025-06-10,paid_social,prospecting_video,,,0
516698,2025-06-10,paid_social,prospecting_video,,,0
516699,2025-06-10,paid_social,prospecting_video,,,0
516700,2025-06-10,paid_social,prospecting_video,,,0
516701,2025-06-10,paid_social,prospecting_video,,,0
516702,2025-06-10,paid_social,retargeting,2025-06-18,annual,79.99
516703,2025-06-10,organic,,,,0
516704,2025-06-10,paid_social,prospecting_video,,,0
516705,2025-06-10,paid_search,generic_search,,,0
516706,2025-06-10,organic,,,,0
516707,2025-06-10,paid_social,prospecting_video,,,0
516708,2025-06-10,organic,,,,0
516709,2025-06-10,affiliate,finance_blogs,,,0
516710,2025-06-10,paid_social,prospecting_video,,,0
516711,2025-06-10,paid_social,prospecting_video,,,0
516712,2025-06-10,organic,,,,0
516713,2025-06-10,paid_search,generic_search,2025-06-14,monthly,29.97
516714,2025-06-10,paid_social,retargeting,2025-06-12,monthly,29.97
516715,2025-06-10,paid_search,generic_search,,,0
516716,2025-06-10,paid_social,prospecting_video,,,0
516717,2025-06-10,paid_search,brand_search,,,0
516718,2025-06-10,paid_social,prospecting_video,,,0
516719,2025-06-10,organic,,,,0
516720,2025-06-10,paid_social,prospecting_video,,,0
516721,2025-06-10,paid_search,brand_search,2025-06-12,monthly,29.97
516722,2025-06-10,paid_social,prospecting_video,,,0
516723,2025-06-10,paid_search,brand_search,2025-06-10,annual,79.99
516724,2025-06-10,paid_social,retargeting,,,0
516725,2025-06-10,paid_social,prospecting_video,,,0
516726,2025-06-10,organic,,,,0
516727,2025-06-10,organic,,,,0
516728,2025-06-10,paid_search,brand_search,2025-06-12,monthly,19.98
516729,2025-06-10,paid_social,prospecting_video,,,0
516730,2025-06-10,paid_search,brand_search,,,0
516731,2025-06-10,organic,,,,0
516732,2025-06-10,paid_search,brand_search,,,0
516733,2025-06-10,paid_social,prospecting_video,,,0
516734,2025-06-10,paid_search,generic_search,,,0
516735,2025-06-10,paid_social,prospecting_video,,,0
516736,2025-06-10,paid_social,retargeting,,,0
516737,2025-06-10,paid_social,retargeting,,,0
516738,2025-06-10,paid_search,generic_search,2025-06-16,monthly,29.97
516739,2025-06-10,organic,,,,0
516740,2025-06-10,organic,,,,0
516741,2025-06-10,organic,,,,0
516742,2025-06-11,paid_social,prospecting_video,,,0
516743,2025-06-11,paid_social,prospecting_video,,,0
516744,2025-06-11,paid_social,prospecting_video,,,0
516745,2025-06-11,paid_social,prospecting_video,,,0
516746,2025-06-11,paid_social,retargeting,,,0
516747,2025-06-11,organic,,,,0
516748,2025-06-11,paid_social,prospecting_video,,,0
516749,2025-06-11,affiliate,finance_blogs,,,0
516750,2025-06-11,referral,,2025-06-11,monthly,29.97
516751,2025-06-11,organic,,,,0
516752,2025-06-11,paid_social,prospecting_video,,,0
516753,2025-06-11,organic,,,,0
516754,2025-06-11,organic,,,,0
516755,2025-06-11,paid_social,prospecting_video,,,0
516756,2025-06-11,paid_social,prospecting_video,,,0
516757,2025-06-11,organic,,,,0
516758,2025-06-11,paid_social,prospecting_video,,,0
516759,2025-06-11,affiliate,finance_blogs,2025-06-15,monthly,29.97
516760,2025-06-11,paid_social,prospecting_video,,,0
516761,2025-06-11,paid_search,brand_search,,,0
516762,2025-06-11,paid_social,retargeting,,,0
516763,2025-06-11,paid_search,generic_search,2025-06-11,annual,79.99
516764,2025-06-11,paid_social,retargeting,2025-06-14,monthly,19.98
516765,2025-06-11,paid_search,brand_search,,,0
516766,2025-06-11,organic,,,,0
516767,2025-06-11,paid_search,brand_search,2025-06-11,monthly,29.97
516768,2025-06-11,paid_social,prospecting_video,,,0
516769,2025-06-11,paid_social,retargeting,,,0
516770,2025-06-11,paid_search,brand_search,,,0
516771,2025-06-11,paid_social,prospecting_video,,,0
516772,2025-06-11,organic,,2025-06-13,monthly,29.97
516773,2025-06-11,affiliate,finance_blogs,,,0
516774,2025-06-11,paid_social,prospecting_video,,,0
516775,2025-06-11,organic,,,,0
516776,2025-06-11,paid_social,prospecting_video,,,0
516777,2025-06-11,paid_search,generic_search,,,0
516778,2025-06-11,paid_social,prospecting_video,,,0
516779,2025-06-11,paid_social,retargeting,,,0
516780,2025-06-11,paid_social,prospecting_video,,,0
516781,2025-06-11,paid_social,prospecting_video,,,0
516782,2025-06-11,paid_social,prospecting_video,,,0
516783,2025-06-11,paid_social,prospecting_video,,,0
516784,2025-06-11,organic,,,,0
516785,2025-06-11,paid_social,prospecting_video,,,0
516786,2025-06-11,paid_social,prospecting_video,,,0
516787,2025-06-11,paid_social,retargeting,,,0
516788,2025-06-11,paid_search,generic_search,,,0
516789,2025-06-11,paid_search,generic_search,,,0
516790,2025-06-11,paid_social,prospecting_video,,,0
516791,2025-06-11,organic,,,,0
516792,2025-06-11,paid_search,brand_search,,,0
516793,2025-06-11,paid_social,prospecting_video,,,0
516794,2025-06-11,paid_search,brand_search,,,0
516795,2025-06-11,paid_social,prospecting_video,,,0
516796,2025-06-11,affiliate,finance_blogs,,,0
516797,2025-06-11,organic,,,,0
516798,2025-06-11,paid_social,prospecting_video,,,0
516799,2025-06-11,organic,,,,0
516800,2025-06-11,referral,,,,0
516801,2025-06-11,paid_search,generic_search,,,0
516802,2025-06-11,paid_social,prospecting_video,,,0
516803,2025-06-11,organic,,,,0
516804,2025-06-11,paid_social,retargeting,,,0
516805,2025-06-11,organic,,2025-06-16,annual,79.99
516806,2025-06-11,organic,,,,0
516807,2025-06-11,affiliate,finance_blogs,,,0
516808,2025-06-11,affiliate,finance_blogs,,,0
516809,2025-06-11,paid_social,retargeting,,,0
516810,2025-06-11,paid_social,prospecting_video,,,0
516811,2025-06-11,organic,,,,0
516812,2025-06-11,paid_social,prospecting_video,,,0
516813,2025-06-11,paid_social,prospecting_video,,,0
516814,2025-06-11,organic,,,,0
516815,2025-06-11,paid_social,prospecting_video,,,0
516816,2025-06-11,organic,,,,0
516817,2025-06-11,paid_social,retargeting,,,0
516818,2025-06-11,paid_social,prospecting_video,,,0
516819,2025-06-11,paid_search,generic_search,,,0
516820,2025-06-11,affiliate,finance_blogs,2025-06-24,monthly,29.97
516821,2025-06-11,paid_search,brand_search,,,0
516822,2025-06-11,organic,,,,0
516823,2025-06-11,paid_social,prospecting_video,,,0
516824,2025-06-11,paid_social,prospecting_video,,,0
516825,2025-06-11,paid_social,retargeting,,,0
516826,2025-06-11,paid_search,generic_search,,,0
516827,2025-06-11,paid_search,brand_search,2025-06-11,monthly,29.97
516828,2025-06-11,organic,,,,0
516829,2025-06-11,paid_search,generic_search,2025-06-17,monthly,29.97
516830,2025-06-11,paid_social,prospecting_video,,,0
516831,2025-06-11,paid_search,generic_search,,,0
516832,2025-06-11,paid_social,prospecting_video,,,0
516833,2025-06-11,referral,,,,0
516834,2025-06-11,paid_search,brand_search,,,0
516835,2025-06-11,referral,,,,0
516836,2025-06-11,paid_social,retargeting,,,0
516837,2025-06-11,paid_social,prospecting_video,,,0
516838,2025-06-11,paid_social,prospecting_video,,,0
516839,2025-06-11,organic,,,,0
516840,2025-06-11,paid_social,retargeting,,,0
516841,2025-06-11,paid_social,prospecting_video,,,0
516842,2025-06-11,paid_social,prospecting_video,,,0
516843,2025-06-11,organic,,,,0
516844,2025-06-11,paid_social,prospecting_video,,,0
516845,2025-06-11,paid_social,prospecting_video,,,0
516846,2025-06-11,organic,,,,0
516847,2025-06-11,referral,,,,0
516848,2025-06-12,paid_social,retargeting,2025-06-13,monthly,19.98
516849,2025-06-12,paid_social,retargeting,,,0
516850,2025-06-12,paid_social,prospecting_video,,,0
516851,2025-06-12,organic,,2025-06-24,monthly,9.99
516852,2025-06-12,organic,,,,0
516853,2025-06-12,paid_social,prospecting_video,,,0
516854,2025-06-12,paid_social,prospecting_video,,,0
516855,2025-06-12,organic,,,,0
516856,2025-06-12,paid_social,prospecting_video,,,0
516857,2025-06-12,organic,,2025-06-15,monthly,29.97
516858,2025-06-12,paid_social,prospecting_video,,,0
516859,2025-06-12,paid_social,retargeting,,,0
516860,2025-06-12,paid_search,generic_search,,,0
516861,2025-06-12,referral,,,,0
516862,2025-06-12,paid_social,prospecting_video,,,0
516863,2025-06-12,paid_search,generic_search,2025-06-14,monthly,29.97
516864,2025-06-12,paid_search,brand_search,,,0
516865,2025-06-12,paid_social,prospecting_video,,,0
516866,2025-06-12,paid_social,prospecting_video,,,0
516867,2025-06-12,paid_social,prospecting_video,,,0
516868,2025-06-12,paid_social,retargeting,2025-06-16,monthly,9.99
516869,2025-06-12,affiliate,finance_blogs,,,0
516870,2025-06-12,paid_social,prospecting_video,,,0
516871,2025-06-12,paid_social,prospecting_video,,,0
516872,2025-06-12,organic,,,,0
516873,2025-06-12,paid_social,prospecting_video,,,0
516874,2025-06-12,paid_search,brand_search,2025-06-22,monthly,19.98
516875,2025-06-12,paid_social,prospecting_video,,,0
516876,2025-06-12,paid_social,prospecting_video,,,0
516877,2025-06-12,referral,,2025-06-12,monthly,29.97
516878,2025-06-12,organic,,,,0
516879,2025-06-12,paid_social,prospecting_video,,,0
516880,2025-06-12,paid_search,generic_search,,,0
516881,2025-06-12,paid_social,retargeting,,,0
516882,2025-06-12,paid_search,generic_search,,,0
516883,2025-06-12,paid_social,prospecting_video,,,0
516884,2025-06-12,organic,,,,0
516885,2025-06-12,paid_social,retargeting,,,0
516886,2025-06-12,paid_social,prospecting_video,,,0
516887,2025-06-12,paid_social,prospecting_video,,,0
516888,2025-06-12,paid_social,prospecting_video,,,0
516889,2025-06-12,affiliate,finance_blogs,,,0
516890,2025-06-12,referral,,,,0
516891,2025-06-12,paid_search,generic_search,2025-06-20,monthly,9.99
516892,2025-06-12,paid_search,generic_search,2025-06-13,monthly,9.99
516893,2025-06-12,paid_social,retargeting,,,0
516894,2025-06-12,paid_social,prospecting_video,,,0
516895,2025-06-12,organic,,,,0
516896,2025-06-12,paid_social,prospecting_video,,,0
516897,2025-06-12,paid_social,prospecting_video,,,0
516898,2025-06-12,organic,,,,0
516899,2025-06-12,paid_social,prospecting_video,,,0
516900,2025-06-12,paid_search,generic_search,,,0
516901,2025-06-12,paid_social,prospecting_video,,,0
516902,2025-06-12,paid_social,prospecting_video,,,0
516903,2025-06-12,paid_search,brand_search,,,0
516904,2025-06-12,paid_search,generic_search,,,0
516905,2025-06-12,organic,,,,0
516906,2025-06-12,paid_social,prospecting_video,,,0
516907,2025-06-12,paid_social,retargeting,,,0
516908,2025-06-12,organic,,,,0
516909,2025-06-12,paid_social,retargeting,,,0
516910,2025-06-12,paid_search,brand_search,,,0
516911,2025-06-12,paid_search,generic_search,,,0
516912,2025-06-12,paid_social,prospecting_video,,,0
516913,2025-06-12,paid_social,prospecting_video,,,0
516914,2025-06-12,paid_social,retargeting,,,0
516915,2025-06-12,paid_social,prospecting_video,,,0
516916,2025-06-12,paid_social,prospecting_video,,,0
516917,2025-06-12,paid_social,prospecting_video,,,0
516918,2025-06-12,paid_search,brand_search,,,0
516919,2025-06-12,paid_social,prospecting_video,,,0
516920,2025-06-12,affiliate,finance_blogs,,,0
516921,2025-06-12,paid_social,retargeting,2025-06-12,annual,79.99
516922,2025-06-12,paid_social,prospecting_video,,,0
516923,2025-06-12,paid_social,prospecting_video,,,0
516924,2025-06-12,paid_social,prospecting_video,,,0
516925,2025-06-12,paid_search,brand_search,,,0
516926,2025-06-12,paid_social,prospecting_video,,,0
516927,2025-06-12,organic,,,,0
516928,2025-06-12,paid_social,prospecting_video,,,0
516929,2025-06-12,paid_search,generic_search,,,0
516930,2025-06-12,paid_social,prospecting_video,,,0
516931,2025-06-12,paid_social,prospecting_video,,,0
516932,2025-06-12,paid_social,prospecting_video,,,0
516933,2025-06-12,paid_social,retargeting,,,0
516934,2025-06-12,paid_search,brand_search,2025-06-13,monthly,19.98
516935,2025-06-12,paid_search,brand_search,,,0
516936,2025-06-12,affiliate,finance_blogs,,,0
516937,2025-06-12,affiliate,finance_blogs,,,0
516938,2025-06-12,organic,,,,0
516939,2025-06-12,affiliate,finance_blogs,2025-06-13,monthly,9.99
516940,2025-06-12,referral,,2025-06-13,monthly,29.97
516941,2025-06-12,paid_social,prospecting_video,,,0
516942,2025-06-12,paid_social,prospecting_video,,,0
516943,2025-06-12,paid_search,generic_search,2025-06-17,monthly,9.99
516944,2025-06-12,paid_social,prospecting_video,,,0
516945,2025-06-12,paid_social,prospecting_video,,,0
516946,2025-06-12,paid_social,prospecting_video,,,0
516947,2025-06-12,organic,,,,0
516948,2025-06-12,paid_social,prospecting_video,,,0
516949,2025-06-12,paid_social,prospecting_video,,,0
516950,2025-06-12,organic,,,,0
516951,2025-06-12,paid_social,retargeting,2025-06-15,monthly,29.97
516952,2025-06-13,paid_social,prospecting_video,,,0
516953,2025-06-13,paid_search,brand_search,,,0
516954,2025-06-13,paid_social,prospecting_video,,,0
516955,2025-06-13,paid_search,generic_search,2025-06-14,monthly,29.97
516956,2025-06-13,paid_social,prospecting_video,,,0
516957,2025-06-13,paid_social,retargeting,,,0
516958,2025-06-13,paid_social,prospecting_video,,,0
516959,2025-06-13,organic,,,,0
516960,2025-06-13,paid_social,prospecting_video,,,0
516961,2025-06-13,paid_search,generic_search,,,0
516962,2025-06-13,paid_search,brand_search,,,0
516963,2025-06-13,paid_social,prospecting_video,,,0
516964,2025-06-13,paid_social,prospecting_video,,,0
516965,2025-06-13,referral,,,,0
516966,2025-06-13,affiliate,finance_blogs,2025-06-19,annual,79.99
516967,2025-06-13,paid_social,prospecting_video,,,0
516968,2025-06-13,affiliate,finance_blogs,,,0
516969,2025-06-13,paid_search,generic_search,,,0
516970,2025-06-13,paid_social,prospecting_video,,,0
516971,2025-06-13,paid_social,prospecting_video,,,0
516972,2025-06-13,paid_search,brand_search,,,0
516973,2025-06-13,organic,,,,0
516974,2025-06-13,paid_search,generic_search,2025-06-16,annual,79.99
516975,2025-06-13,paid_social,prospecting_video,,,0
516976,2025-06-13,paid_search,brand_search,,,0
516977,2025-06-13,organic,,,,0
516978,2025-06-13,paid_social,retargeting,,,0
516979,2025-06-13,paid_social,prospecting_video,,,0
516980,2025-06-13,paid_social,prospecting_video,,,0
516981,2025-06-13,paid_social,prospecting_video,,,0
516982,2025-06-13,paid_social,prospecting_video,,,0
516983,2025-06-13,paid_social,prospecting_video,,,0
516984,2025-06-13,paid_search,generic_search,,,0
516985,2025-06-13,organic,,,,0
516986,2025-06-13,paid_social,prospecting_video,,,0
516987,2025-06-13,organic,,,,0
516988,2025-06-13,referral,,2025-06-15,annual,79.99
516989,2025-06-13,organic,,,,0
516990,2025-06-13,paid_social,retargeting,,,0
516991,2025-06-13,paid_social,prospecting_video,,,0
516992,2025-06-13,organic,,,,0
516993,2025-06-13,paid_social,prospecting_video,,,0
516994,2025-06-13,paid_search,generic_search,,,0
516995,2025-06-13,organic,,,,0
516996,2025-06-13,paid_search,generic_search,,,0
516997,2025-06-13,paid_search,generic_search,,,0
516998,2025-06-13,paid_social,prospecting_video,,,0
516999,2025-06-13,paid_social,retargeting,,,0
517000,2025-06-13,paid_search,brand_search,,,0
517001,2025-06-13,paid_social,prospecting_video,,,0
517002,2025-06-13,paid_social,retargeting,2025-06-25,monthly,29.97
517003,2025-06-13,paid_social,prospecting_video,,,0
517004,2025-06-13,organic,,,,0
517005,2025-06-13,paid_search,generic_search,,,0
517006,2025-06-13,organic,,,,0
517007,2025-06-13,paid_social,prospecting_video,,,0
517008,2025-06-13,paid_social,prospecting_video,,,0
517009,2025-06-13,organic,,,,0
517010,2025-06-13,paid_social,prospecting_video,,,0
517011,2025-06-13,paid_social,prospecting_video,,,0
517012,2025-06-13,paid_search,generic_search,,,0
517013,2025-06-13,affiliate,finance_blogs,,,0
517014,2025-06-13,paid_search,brand_search,,,0
517015,2025-06-13,paid_search,brand_search,,,0
517016,2025-06-13,paid_search,brand_search,,,0
517017,2025-06-13,paid_social,retargeting,,,0
517018,2025-06-13,paid_social,prospecting_video,,,0
517019,2025-06-13,organic,,,,0
517020,2025-06-13,organic,,2025-06-13,monthly,29.97
517021,2025-06-13,organic,,,,0
517022,2025-06-13,affiliate,finance_blogs,,,0
517023,2025-06-13,paid_social,prospecting_video,,,0
517024,2025-06-13,paid_social,prospecting_video,,,0
517025,2025-06-13,organic,,,,0
517026,2025-06-13,affiliate,finance_blogs,,,0
517027,2025-06-13,paid_social,prospecting_video,,,0
517028,2025-06-13,paid_social,prospecting_video,,,0
517029,2025-06-13,organic,,,,0
517030,2025-06-13,paid_social,prospecting_video,,,0
517031,2025-06-13,paid_social,prospecting_video,,,0
517032,2025-06-13,organic,,,,0
517033,2025-06-13,paid_social,prospecting_video,,,0
517034,2025-06-13,paid_search,brand_search,,,0
517035,2025-06-13,organic,,,,0
517036,2025-06-13,organic,,,,0
517037,2025-06-13,paid_social,prospecting_video,,,0
517038,2025-06-13,referral,,,,0
517039,2025-06-13,paid_social,retargeting,,,0
517040,2025-06-13,paid_social,prospecting_video,,,0
517041,2025-06-13,paid_social,prospecting_video,,,0
517042,2025-06-13,referral,,,,0
517043,2025-06-13,paid_social,prospecting_video,,,0
517044,2025-06-13,paid_social,prospecting_video,,,0
517045,2025-06-13,paid_search,brand_search,,,0
517046,2025-06-13,paid_search,brand_search,2025-06-14,monthly,29.97
517047,2025-06-13,organic,,,,0
517048,2025-06-13,paid_social,prospecting_video,,,0
517049,2025-06-13,paid_search,brand_search,,,0
517050,2025-06-13,organic,,,,0
517051,2025-06-13,paid_social,prospecting_video,,,0
517052,2025-06-13,paid_social,prospecting_video,,,0
517053,2025-06-13,paid_social,prospecting_video,,,0
517054,2025-06-13,organic,,,,0
517055,2025-06-13,paid_social,retargeting,,,0
517056,2025-06-13,paid_search,brand_search,,,0
517057,2025-06-13,paid_social,prospecting_video,,,0
517058,2025-06-13,paid_social,prospecting_video,,,0
517059,2025-06-13,paid_social,prospecting_video,,,0
517060,2025-06-13,organic,,,,0
517061,2025-06-13,paid_social,retargeting,,,0
517062,2025-06-13,paid_social,prospecting_video,,,0
517063,2025-06-13,paid_social,prospecting_video,,,0
517064,2025-06-13,paid_social,prospecting_video,,,0
517065,2025-06-14,affiliate,finance_blogs,,,0
517066,2025-06-14,organic,,2025-06-17,monthly,29.97
517067,2025-06-14,paid_search,generic_search,,,0
517068,2025-06-14,paid_social,prospecting_video,,,0
517069,2025-06-14,paid_social,retargeting,2025-06-24,monthly,29.97
517070,2025-06-14,paid_social,prospecting_video,,,0
517071,2025-06-14,paid_social,retargeting,2025-06-16,monthly,29.97
517072,2025-06-14,referral,,,,0
517073,2025-06-14,organic,,,,0
517074,2025-06-14,paid_social,prospecting_video,,,0
517075,2025-06-14,affiliate,finance_blogs,,,0
517076,2025-06-14,paid_social,prospecting_video,,,0
517077,2025-06-14,paid_social,retargeting,,,0
517078,2025-06-14,paid_search,generic_search,,,0
517079,2025-06-14,affiliate,finance_blogs,,,0
517080,2025-06-14,organic,,,,0
517081,2025-06-14,paid_social,prospecting_video,,,0
517082,2025-06-14,paid_social,retargeting,,,0
517083,2025-06-14,paid_social,prospecting_video,2025-06-14,annual,79.99
517084,2025-06-14,organic,,2025-06-16,monthly,29.97
517085,2025-06-14,paid_social,prospecting_video,,,0
517086,2025-06-14,paid_search,brand_search,,,0
517087,2025-06-14,organic,,2025-06-14,monthly,29.97
517088,2025-06-14,paid_social,prospecting_video,,,0
517089,2025-06-14,paid_social,prospecting_video,,,0
517090,2025-06-14,paid_social,prospecting_video,,,0
517091,2025-06-14,paid_search,brand_search,,,0
517092,2025-06-14,paid_social,prospecting_video,,,0
517093,2025-06-14,referral,,,,0
517094,2025-06-14,paid_social,retargeting,,,0
517095,2025-06-14,paid_social,retargeting,,,0
517096,2025-06-14,paid_social,prospecting_video,,,0
517097,2025-06-14,paid_social,prospecting_video,,,0
517098,2025-06-14,organic,,,,0
517099,2025-06-14,paid_search,brand_search,,,0
517100,2025-06-14,paid_social,prospecting_video,2025-06-15,annual,79.99
517101,2025-06-14,organic,,,,0
517102,2025-06-14,paid_social,retargeting,2025-06-14,monthly,29.97
517103,2025-06-14,paid_social,retargeting,,,0
517104,2025-06-14,paid_search,brand_search,,,0
517105,2025-06-14,organic,,,,0
517106,2025-06-14,paid_social,prospecting_video,,,0
517107,2025-06-14,paid_social,prospecting_video,,,0
517108,2025-06-14,paid_search,brand_search,,,0
517109,2025-06-14,paid_search,brand_search,2025-06-22,monthly,9.99
517110,2025-06-14,organic,,,,0
517111,2025-06-14,affiliate,finance_blogs,,,0
517112,2025-06-14,organic,,,,0
517113,2025-06-14,paid_social,prospecting_video,,,0
517114,2025-06-14,organic,,,,0
517115,2025-06-14,paid_social,prospecting_video,,,0
517116,2025-06-14,paid_social,prospecting_video,,,0
517117,2025-06-14,paid_search,brand_search,,,0
517118,2025-06-14,paid_social,prospecting_video,2025-06-15,monthly,29.97
517119,2025-06-14,paid_social,prospecting_video,,,0
517120,2025-06-14,paid_social,prospecting_video,,,0
517121,2025-06-14,organic,,,,0
517122,2025-06-14,paid_social,prospecting_video,,,0
517123,2025-06-14,referral,,,,0
517124,2025-06-14,paid_social,retargeting,,,0
517125,2025-06-14,paid_search,generic_search,,,0
517126,2025-06-14,organic,,,,0
517127,2025-06-14,paid_social,retargeting,,,0
517128,2025-06-14,paid_social,prospecting_video,,,0
517129,2025-06-14,paid_search,generic_search,,,0
517130,2025-06-14,paid_social,prospecting_video,,,0
517131,2025-06-14,paid_search,brand_search,,,0
517132,2025-06-14,paid_social,prospecting_video,2025-06-18,monthly,29.97
517133,2025-06-14,paid_search,generic_search,,,0
517134,2025-06-14,paid_social,prospecting_video,,,0
517135,2025-06-14,paid_social,prospecting_video,,,0
517136,2025-06-14,paid_social,prospecting_video,,,0
517137,2025-06-14,paid_search,generic_search,,,0
517138,2025-06-14,organic,,,,0
517139,2025-06-14,paid_social,retargeting,,,0
517140,2025-06-14,paid_search,generic_search,2025-06-14,monthly,29.97
517141,2025-06-14,organic,,,,0
517142,2025-06-14,organic,,,,0
517143,2025-06-14,paid_social,prospecting_video,,,0
517144,2025-06-14,affiliate,finance_blogs,,,0
517145,2025-06-14,paid_social,prospecting_video,2025-06-18,monthly,29.97
517146,2025-06-14,paid_social,prospecting_video,,,0
517147,2025-06-14,organic,,,,0
517148,2025-06-14,paid_social,prospecting_video,,,0
517149,2025-06-14,paid_search,brand_search,,,0
517150,2025-06-14,organic,,,,0
517151,2025-06-14,organic,,,,0
517152,2025-06-15,paid_social,prospecting_video,,,0
517153,2025-06-15,referral,,,,0
517154,2025-06-15,paid_search,generic_search,2025-06-23,annual,79.99
517155,2025-06-15,paid_social,prospecting_video,,,0
517156,2025-06-15,organic,,,,0
517157,2025-06-15,paid_social,prospecting_video,,,0
517158,2025-06-15,referral,,,,0
517159,2025-06-15,referral,,,,0
517160,2025-06-15,paid_social,prospecting_video,,,0
517161,2025-06-15,referral,,2025-06-26,monthly,29.97
517162,2025-06-15,paid_social,prospecting_video,,,0
517163,2025-06-15,paid_social,prospecting_video,2025-06-17,monthly,19.98
517164,2025-06-15,paid_social,prospecting_video,,,0
517165,2025-06-15,paid_social,prospecting_video,,,0
517166,2025-06-15,organic,,,,0
517167,2025-06-15,paid_social,prospecting_video,,,0
517168,2025-06-15,organic,,,,0
517169,2025-06-15,paid_search,brand_search,2025-06-15,annual,79.99
517170,2025-06-15,paid_social,retargeting,,,0
517171,2025-06-15,paid_social,retargeting,,,0
517172,2025-06-15,paid_social,retargeting,2025-06-15,monthly,29.97
517173,2025-06-15,paid_search,brand_search,,,0
517174,2025-06-15,paid_search,brand_search,,,0
517175,2025-06-15,paid_social,prospecting_video,,,0
517176,2025-06-15,paid_social,prospecting_video,,,0
517177,2025-06-15,paid_social,retargeting,,,0
517178,2025-06-15,organic,,,,0
517179,2025-06-15,paid_search,brand_search,,,0
517180,2025-06-15,paid_social,retargeting,,,0
517181,2025-06-15,paid_social,retargeting,,,0
517182,2025-06-15,paid_search,generic_search,,,0
517183,2025-06-15,affiliate,finance_blogs,,,0
517184,2025-06-15,paid_social,prospecting_video,,,0
517185,2025-06-15,paid_social,retargeting,2025-06-19,monthly,19.98
517186,2025-06-15,paid_search,brand_search,,,0
517187,2025-06-15,paid_social,prospecting_video,,,0
517188,2025-06-15,paid_social,retargeting,2025-06-17,monthly,29.97
517189,2025-06-15,paid_social,prospecting_video,,,0
517190,2025-06-15,paid_search,generic_search,,,0
517191,2025-06-15,organic,,,,0
517192,2025-06-15,paid_social,prospecting_video,,,0
517193,2025-06-15,organic,,,,0
517194,2025-06-15,paid_social,prospecting_video,,,0
517195,2025-06-15,paid_social,retargeting,,,0
517196,2025-06-15,paid_search,generic_search,2025-06-26,monthly,29.97
517197,2025-06-15,organic,,,,0
517198,2025-06-15,organic,,,,0
517199,2025-06-15,organic,,,,0
517200,2025-06-15,paid_social,prospecting_video,,,0
517201,2025-06-15,paid_social,retargeting,,,0
517202,2025-06-15,referral,,,,0
517203,2025-06-15,organic,,,,0
517204,2025-06-15,paid_social,retargeting,,,0
517205,2025-06-15,paid_social,prospecting_video,,,0
517206,2025-06-15,paid_social,retargeting,,,0
517207,2025-06-15,organic,,,,0
517208,2025-06-15,paid_social,prospecting_video,,,0
517209,2025-06-15,paid_search,generic_search,,,0
517210,2025-06-15,organic,,,,0
517211,2025-06-15,organic,,,,0
517212,2025-06-15,paid_social,prospecting_video,,,0
517213,2025-06-15,affiliate,finance_blogs,2025-06-15,monthly,9.99
517214,2025-06-15,referral,,,,0
517215,2025-06-15,paid_social,prospecting_video,,,0
517216,2025-06-15,paid_social,prospecting_video,,,0
517217,2025-06-15,paid_social,prospecting_video,,,0
517218,2025-06-15,referral,,,,0
517219,2025-06-15,organic,,,,0
517220,2025-06-15,paid_social,prospecting_video,,,0
517221,2025-06-15,organic,,2025-06-28,monthly,29.97
517222,2025-06-15,paid_search,generic_search,,,0
517223,2025-06-15,organic,,,,0
517224,2025-06-15,organic,,2025-06-16,annual,79.99
517225,2025-06-15,paid_search,brand_search,,,0
517226,2025-06-15,paid_social,retargeting,,,0
517227,2025-06-15,paid_search,brand_search,,,0
517228,2025-06-15,paid_social,retargeting,,,0
517229,2025-06-15,paid_social,prospecting_video,,,0
517230,2025-06-15,paid_social,prospecting_video,,,0
517231,2025-06-15,paid_search,brand_search,2025-06-20,monthly,29.97
517232,2025-06-15,paid_search,brand_search,2025-06-15,monthly,29.97
517233,2025-06-16,affiliate,finance_blogs,,,0
517234,2025-06-16,paid_search,brand_search,,,0
517235,2025-06-16,paid_social,prospecting_video,,,0
517236,2025-06-16,paid_social,retargeting,,,0
517237,2025-06-16,paid_social,retargeting,,,0
517238,2025-06-16,paid_social,prospecting_video,,,0
517239,2025-06-16,organic,,,,0
517240,2025-06-16,paid_social,retargeting,2025-06-27,monthly,29.97
517241,2025-06-16,paid_social,retargeting,2025-06-22,monthly,9.99
517242,2025-06-16,referral,,,,0
517243,2025-06-16,paid_social,retargeting,,,0
517244,2025-06-16,referral,,,,0
517245,2025-06-16,paid_search,generic_search,2025-06-20,monthly,29.97
517246,2025-06-16,paid_social,prospecting_video,,,0
517247,2025-06-16,paid_social,prospecting_video,,,0
517248,2025-06-16,paid_search,brand_search,,,0
517249,2025-06-16,paid_social,prospecting_video,,,0
517250,2025-06-16,referral,,2025-06-16,monthly,19.98
517251,2025-06-16,paid_social,prospecting_video,,,0
517252,2025-06-16,paid_social,prospecting_video,,,0
517253,2025-06-16,paid_social,retargeting,,,0
517254,2025-06-16,paid_search,brand_search,,,0
517255,2025-06-16,paid_social,prospecting_video,,,0
517256,2025-06-16,paid_search,generic_search,,,0
517257,2025-06-16,paid_social,prospecting_video,,,0
517258,2025-06-16,paid_search,generic_search,2025-06-22,annual,79.99
517259,2025-06-16,paid_search,generic_search,2025-06-24,annual,79.99
517260,2025-06-16,paid_social,prospecting_video,,,0
517261,2025-06-16,paid_social,prospecting_video,,,0
517262,2025-06-16,paid_search,brand_search,,,0
517263,2025-06-16,paid_search,brand_search,2025-06-17,monthly,29.97
517264,2025-06-16,paid_search,brand_search,,,0
517265,2025-06-16,paid_social,retargeting,,,0
517266,2025-06-16,paid_social,prospecting_video,,,0
517267,2025-06-16,paid_social,prospecting_video,,,0
517268,2025-06-16,paid_search,generic_search,,,0
517269,2025-06-16,organic,,,,0
517270,2025-06-16,organic,,,,0
517271,2025-06-16,referral,,,,0
517272,2025-06-16,paid_social,retargeting,,,0
517273,2025-06-16,paid_social,retargeting,,,0
517274,2025-06-16,paid_search,brand_search,,,0
517275,2025-06-16,paid_search,generic_search,2025-06-17,monthly,29.97
517276,2025-06-16,paid_search,brand_search,2025-06-18,monthly,9.99
517277,2025-06-16,paid_social,prospecting_video,,,0
517278,2025-06-16,paid_social,prospecting_video,,,0
517279,2025-06-16,referral,,,,0
517280,2025-06-16,paid_social,prospecting_video,,,0
517281,2025-06-16,paid_social,prospecting_video,,,0
517282,2025-06-16,paid_social,retargeting,,,0
517283,2025-06-16,paid_social,prospecting_video,,,0
517284,2025-06-16,organic,,,,0
517285,2025-06-16,paid_social,retargeting,,,0
517286,2025-06-16,affiliate,finance_blogs,,,0
517287,2025-06-16,paid_social,prospecting_video,,,0
517288,2025-06-16,paid_search,generic_search,,,0
517289,2025-06-16,referral,,2025-06-20,annual,79.99
517290,2025-06-16,paid_social,prospecting_video,,,0
517291,2025-06-16,affiliate,finance_blogs,,,0
517292,2025-06-16,paid_social,prospecting_video,,,0
517293,2025-06-16,organic,,,,0
517294,2025-06-16,paid_search,brand_search,,,0
517295,2025-06-16,paid_social,prospecting_video,,,0
517296,2025-06-16,affiliate,finance_blogs,,,0
517297,2025-06-16,paid_social,prospecting_video,,,0
517298,2025-06-16,paid_search,generic_search,,,0
517299,2025-06-16,organic,,,,0
517300,2025-06-16,referral,,,,0
517301,2025-06-16,referral,,,,0
517302,2025-06-16,paid_social,prospecting_video,,,0
517303,2025-06-16,organic,,,,0
517304,2025-06-16,paid_social,prospecting_video,,,0
517305,2025-06-16,paid_social,prospecting_video,,,0
517306,2025-06-16,referral,,,,0
517307,2025-06-16,organic,,,,0
517308,2025-06-16,paid_search,generic_search,,,0
517309,2025-06-16,organic,,,,0
517310,2025-06-16,paid_social,prospecting_video,,,0
517311,2025-06-16,paid_social,prospecting_video,,,0
517312,2025-06-16,paid_search,brand_search,,,0
517313,2025-06-16,referral,,,,0
517314,2025-06-16,organic,,,,0
517315,2025-06-16,paid_search,generic_search,2025-06-22,annual,79.99
517316,2025-06-16,paid_social,prospecting_video,,,0
517317,2025-06-16,paid_search,generic_search,,,0
517318,2025-06-16,organic,,,,0
517319,2025-06-16,organic,,,,0
517320,2025-06-16,referral,,,,0
517321,2025-06-16,paid_social,prospecting_video,,,0
517322,2025-06-16,paid_social,prospecting_video,,,0
517323,2025-06-16,paid_social,prospecting_video,,,0
517324,2025-06-16,paid_social,retargeting,,,0
517325,2025-06-16,organic,,,,0
517326,2025-06-16,organic,,,,0
517327,2025-06-16,paid_social,prospecting_video,,,0
517328,2025-06-16,paid_social,prospecting_video,,,0
517329,2025-06-16,organic,,,,0
517330,2025-06-16,paid_social,prospecting_video,,,0
517331,2025-06-16,paid_social,prospecting_video,,,0
517332,2025-06-16,paid_search,brand_search,,,0
517333,2025-06-16,paid_social,prospecting_video,,,0
517334,2025-06-16,paid_social,prospecting_video,,,0
517335,2025-06-17,paid_social,prospecting_video,,,0
517336,2025-06-17,referral,,,,0
517337,2025-06-17,paid_social,prospecting_video,,,0
517338,2025-06-17,paid_search,brand_search,,,0
517339,2025-06-17,paid_search,brand_search,,,0
517340,2025-06-17,paid_social,prospecting_video,,,0
517341,2025-06-17,paid_social,prospecting_video,,,0
517342,2025-06-17,paid_social,retargeting,,,0
517343,2025-06-17,paid_search,brand_search,,,0
517344,2025-06-17,paid_search,generic_search,2025-06-18,monthly,29.97
517345,2025-06-17,affiliate,finance_blogs,,,0
517346,2025-06-17,organic,,,,0
517347,2025-06-17,paid_social,prospecting_video,,,0
517348,2025-06-17,paid_search,brand_search,2025-06-20,monthly,9.99
517349,2025-06-17,paid_social,prospecting_video,,,0
517350,2025-06-17,organic,,,,0
517351,2025-06-17,paid_search,brand_search,,,0
517352,2025-06-17,paid_social,prospecting_video,,,0
517353,2025-06-17,paid_social,prospecting_video,,,0
517354,2025-06-17,organic,,2025-06-19,monthly,9.99
517355,2025-06-17,paid_social,prospecting_video,,,0
517356,2025-06-17,paid_search,generic_search,,,0
517357,2025-06-17,paid_social,retargeting,,,0
517358,2025-06-17,paid_social,prospecting_video,,,0
517359,2025-06-17,paid_search,brand_search,2025-06-23,monthly,29.97
517360,2025-06-17,paid_social,prospecting_video,,,0
517361,2025-06-17,paid_search,generic_search,,,0
517362,2025-06-17,organic,,,,0
517363,2025-06-17,paid_social,prospecting_video,,,0
517364,2025-06-17,paid_social,prospecting_video,,,0
517365,2025-06-17,paid_search,brand_search,,,0
517366,2025-06-17,paid_social,prospecting_video,,,0
517367,2025-06-17,organic,,2025-06-18,monthly,29.97
517368,2025-06-17,paid_social,prospecting_video,,,0
517369,2025-06-17,organic,,,,0
517370,2025-06-17,organic,,,,0
517371,2025-06-17,paid_social,prospecting_video,,,0
517372,2025-06-17,paid_social,prospecting_video,,,0
517373,2025-06-17,paid_social,prospecting_video,,,0
517374,2025-06-17,paid_search,brand_search,2025-06-19,monthly,19.98
517375,2025-06-17,paid_social,prospecting_video,,,0
517376,2025-06-17,paid_social,retargeting,,,0
517377,2025-06-17,paid_social,prospecting_video,2025-06-19,monthly,19.98
517378,2025-06-17,organic,,,,0
517379,2025-06-17,paid_social,prospecting_video,,,0
517380,2025-06-17,organic,,,,0
517381,2025-06-17,paid_social,prospecting_video,,,0
517382,2025-06-17,paid_social,prospecting_video,,,0
517383,2025-06-17,paid_social,retargeting,,,0
517384,2025-06-17,paid_social,prospecting_video,,,0
517385,2025-06-17,organic,,,,0
517386,2025-06-17,paid_social,retargeting,,,0
517387,2025-06-17,paid_search,generic_search,,,0
517388,2025-06-17,organic,,,,0
517389,2025-06-17,paid_social,retargeting,,,0
517390,2025-06-17,paid_search,brand_search,,,0
517391,2025-06-17,paid_social,prospecting_video,,,0
517392,2025-06-17,referral,,,,0
517393,2025-06-17,paid_search,generic_search,,,0
517394,2025-06-17,paid_social,retargeting,,,0
517395,2025-06-17,paid_search,brand_search,,,0
517396,2025-06-17,paid_search,brand_search,,,0
517397,2025-06-17,paid_social,retargeting,,,0
517398,2025-06-17,paid_social,prospecting_video,2025-06-18,monthly,29.97
517399,2025-06-17,paid_social,prospecting_video,,,0
517400,2025-06-17,paid_social,prospecting_video,,,0
517401,2025-06-17,organic,,,,0
517402,2025-06-17,paid_search,generic_search,,,0
517403,2025-06-17,paid_social,prospecting_video,,,0
517404,2025-06-17,paid_social,prospecting_video,,,0
517405,2025-06-17,affiliate,finance_blogs,,,0
517406,2025-06-17,affiliate,finance_blogs,,,0
517407,2025-06-17,paid_search,brand_search,,,0
517408,2025-06-17,paid_social,retargeting,,,0
517409,2025-06-17,organic,,,,0
517410,2025-06-17,paid_social,retargeting,,,0
517411,2025-06-17,affiliate,finance_blogs,2025-06-20,monthly,29.97
517412,2025-06-17,paid_search,brand_search,,,0
517413,2025-06-17,paid_social,prospecting_video,,,0
517414,2025-06-17,referral,,,,0
517415,2025-06-17,organic,,,,0
517416,2025-06-17,paid_social,prospecting_video,,,0
517417,2025-06-17,paid_search,generic_search,,,0
517418,2025-06-17,organic,,,,0
517419,2025-06-17,paid_search,brand_search,2025-06-22,annual,79.99
517420,2025-06-17,paid_social,retargeting,,,0
517421,2025-06-17,organic,,,,0
517422,2025-06-17,organic,,,,0
517423,2025-06-17,paid_social,retargeting,,,0
517424,2025-06-17,paid_social,prospecting_video,,,0
517425,2025-06-17,paid_social,prospecting_video,,,0
517426,2025-06-17,organic,,,,0
517427,2025-06-17,paid_social,retargeting,,,0
517428,2025-06-17,paid_social,prospecting_video,,,0
517429,2025-06-17,paid_social,prospecting_video,,,0
517430,2025-06-17,organic,,,,0
517431,2025-06-17,paid_social,prospecting_video,,,0
517432,2025-06-17,paid_search,generic_search,,,0
517433,2025-06-17,paid_social,prospecting_video,,,0
517434,2025-06-17,paid_social,prospecting_video,,,0
517435,2025-06-17,paid_search,generic_search,2025-06-20,monthly,29.97
517436,2025-06-17,paid_search,brand_search,,,0
517437,2025-06-17,organic,,,,0
517438,2025-06-18,referral,,2025-06-24,annual,79.99
517439,2025-06-18,paid_search,brand_search,,,0
517440,2025-06-18,paid_social,prospecting_video,,,0
517441,2025-06-18,paid_social,prospecting_video,,,0
517442,2025-06-18,paid_social,prospecting_video,,,0
517443,2025-06-18,organic,,2025-06-21,monthly,29.97
517444,2025-06-18,affiliate,finance_blogs,,,0
517445,2025-06-18,organic,,,,0
517446,2025-06-18,affiliate,finance_blogs,2025-06-19,annual,79.99
517447,2025-06-18,paid_social,prospecting_video,,,0
517448,2025-06-18,paid_social,prospecting_video,,,0
517449,2025-06-18,paid_search,brand_search,,,0
517450,2025-06-18,affiliate,finance_blogs,,,0
517451,2025-06-18,organic,,,,0
517452,2025-06-18,paid_search,generic_search,,,0
517453,2025-06-18,paid_social,retargeting,,,0
517454,2025-06-18,paid_search,brand_search,,,0
517455,2025-06-18,paid_social,prospecting_video,,,0
517456,2025-06-18,paid_social,prospecting_video,,,0
517457,2025-06-18,paid_search,brand_search,,,0
517458,2025-06-18,organic,,,,0
517459,2025-06-18,paid_social,prospecting_video,,,0
517460,2025-06-18,paid_search,generic_search,,,0
517461,2025-06-18,organic,,2025-06-19,monthly,19.98
517462,2025-06-18,organic,,,,0
517463,2025-06-18,organic,,,,0
517464,2025-06-18,paid_social,prospecting_video,,,0
517465,2025-06-18,paid_social,prospecting_video,,,0
517466,2025-06-18,paid_social,retargeting,,,0
517467,2025-06-18,organic,,,,0
517468,2025-06-18,paid_social,retargeting,,,0
517469,2025-06-18,paid_search,brand_search,,,0
517470,2025-06-18,paid_search,generic_search,,,0
517471,2025-06-18,paid_social,prospecting_video,,,0
517472,2025-06-18,paid_search,generic_search,,,0
517473,2025-06-18,organic,,,,0
517474,2025-06-18,organic,,2025-06-19,monthly,29.97
517475,2025-06-18,paid_social,prospecting_video,,,0
517476,2025-06-18,paid_social,prospecting_video,,,0
517477,2025-06-18,paid_social,prospecting_video,,,0
517478,2025-06-18,paid_social,prospecting_video,,,0
517479,2025-06-18,paid_social,prospecting_video,,,0
517480,2025-06-18,paid_search,brand_search,,,0
517481,2025-06-18,paid_search,generic_search,,,0
517482,2025-06-18,paid_search,brand_search,,,0
517483,2025-06-18,paid_social,prospecting_video,,,0
517484,2025-06-18,affiliate,finance_blogs,2025-06-19,annual,79.99
517485,2025-06-18,paid_social,prospecting_video,,,0
517486,2025-06-18,paid_social,prospecting_video,,,0
517487,2025-06-18,paid_search,generic_search,,,0
517488,2025-06-18,paid_social,retargeting,,,0
517489,2025-06-18,paid_social,prospecting_video,2025-06-19,annual,79.99
517490,2025-06-18,organic,,,,0
517491,2025-06-18,organic,,,,0
517492,2025-06-18,paid_social,prospecting_video,,,0
517493,2025-06-18,organic,,,,0
517494,2025-06-18,organic,,,,0
517495,2025-06-18,paid_social,retargeting,,,0
517496,2025-06-18,affiliate,finance_blogs,,,0
517497,2025-06-18,paid_social,retargeting,,,0
517498,2025-06-18,paid_search,brand_search,,,0
517499,2025-06-18,organic,,2025-06-19,annual,79.99
517500,2025-06-18,paid_search,generic_search,,,0
517501,2025-06-18,paid_social,prospecting_video,,,0
517502,2025-06-18,organic,,,,0
517503,2025-06-18,paid_social,prospecting_video,,,0
517504,2025-06-18,paid_social,prospecting_video,,,0
517505,2025-06-18,paid_social,prospecting_video,,,0
517506,2025-06-18,paid_search,brand_search,,,0
517507,2025-06-18,paid_social,prospecting_video,,,0
517508,2025-06-18,paid_search,brand_search,,,0
517509,2025-06-18,paid_social,prospecting_video,,,0
517510,2025-06-18,paid_social,retargeting,,,0
517511,2025-06-18,paid_social,retargeting,,,0
517512,2025-06-18,paid_social,prospecting_video,,,0
517513,2025-06-18,paid_social,retargeting,,,0
517514,2025-06-18,paid_social,prospecting_video,,,0
517515,2025-06-18,paid_search,brand_search,,,0
517516,2025-06-18,paid_social,prospecting_video,,,0
517517,2025-06-18,paid_social,prospecting_video,,,0
517518,2025-06-18,paid_social,retargeting,,,0
517519,2025-06-18,paid_social,prospecting_video,,,0
517520,2025-06-18,organic,,,,0
517521,2025-06-18,paid_search,brand_search,,,0
517522,2025-06-18,organic,,,,0
517523,2025-06-18,organic,,,,0
517524,2025-06-18,referral,,,,0
517525,2025-06-18,paid_social,prospecting_video,,,0
517526,2025-06-18,paid_social,prospecting_video,2025-06-22,annual,79.99
517527,2025-06-18,organic,,,,0
517528,2025-06-18,organic,,,,0
517529,2025-06-18,paid_search,generic_search,,,0
517530,2025-06-18,paid_social,prospecting_video,,,0
517531,2025-06-18,organic,,,,0
517532,2025-06-18,organic,,,,0
517533,2025-06-18,paid_social,prospecting_video,,,0
517534,2025-06-18,affiliate,finance_blogs,,,0
517535,2025-06-18,paid_search,generic_search,,,0
517536,2025-06-18,paid_search,generic_search,,,0
517537,2025-06-18,paid_social,retargeting,,,0
517538,2025-06-18,paid_search,generic_search,,,0
517539,2025-06-18,affiliate,finance_blogs,,,0
517540,2025-06-18,paid_social,prospecting_video,,,0
517541,2025-06-18,paid_search,brand_search,,,0
517542,2025-06-18,paid_social,prospecting_video,,,0
517543,2025-06-18,paid_social,retargeting,,,0
517544,2025-06-18,affiliate,finance_blogs,2025-06-18,monthly,19.98
517545,2025-06-18,paid_search,generic_search,,,0
517546,2025-06-18,paid_search,generic_search,,,0
517547,2025-06-18,paid_social,prospecting_video,,,0
517548,2025-06-18,paid_social,prospecting_video,,,0
517549,2025-06-18,paid_social,prospecting_video,,,0
517550,2025-06-18,paid_social,prospecting_video,,,0
517551,2025-06-18,paid_social,prospecting_video,,,0
517552,2025-06-18,paid_search,brand_search,,,0
517553,2025-06-19,affiliate,finance_blogs,,,0
517554,2025-06-19,paid_social,retargeting,,,0
517555,2025-06-19,paid_social,prospecting_video,,,0
517556,2025-06-19,referral,,,,0
517557,2025-06-19,referral,,2025-06-22,monthly,29.97
517558,2025-06-19,paid_search,generic_search,2025-06-24,monthly,19.98
517559,2025-06-19,paid_search,brand_search,,,0
517560,2025-06-19,organic,,2025-06-22,monthly,29.97
517561,2025-06-19,paid_search,generic_search,,,0
517562,2025-06-19,paid_social,retargeting,,,0
517563,2025-06-19,paid_social,prospecting_video,,,0
517564,2025-06-19,paid_social,prospecting_video,,,0
517565,2025-06-19,paid_social,prospecting_video,,,0
517566,2025-06-19,paid_search,brand_search,2025-06-19,monthly,19.98
517567,2025-06-19,paid_social,prospecting_video,,,0
517568,2025-06-19,paid_social,prospecting_video,,,0
517569,2025-06-19,paid_social,prospecting_video,,,0
517570,2025-06-19,paid_search,generic_search,2025-06-25,monthly,29.97
517571,2025-06-19,organic,,,,0
517572,2025-06-19,paid_social,retargeting,,,0
517573,2025-06-19,paid_social,retargeting,,,0
517574,2025-06-19,organic,,,,0
517575,2025-06-19,paid_search,brand_search,2025-06-20,monthly,29.97
517576,2025-06-19,paid_search,brand_search,,,0
517577,2025-06-19,paid_search,brand_search,2025-06-28,monthly,29.97
517578,2025-06-19,paid_social,prospecting_video,,,0
517579,2025-06-19,paid_social,prospecting_video,,,0
517580,2025-06-19,paid_social,prospecting_video,,,0
517581,2025-06-19,paid_search,generic_search,,,0
517582,2025-06-19,paid_social,retargeting,,,0
517583,2025-06-19,paid_search,generic_search,,,0
517584,2025-06-19,paid_social,prospecting_video,,,0
517585,2025-06-19,organic,,,,0
517586,2025-06-19,organic,,,,0
517587,2025-06-19,paid_social,prospecting_video,,,0
517588,2025-06-19,paid_social,prospecting_video,,,0
517589,2025-06-19,paid_social,prospecting_video,,,0
517590,2025-06-19,paid_social,prospecting_video,,,0
517591,2025-06-19,paid_search,generic_search,,,0
517592,2025-06-19,paid_social,prospecting_video,,,0
517593,2025-06-19,referral,,,,0
517594,2025-06-19,paid_social,retargeting,,,0
517595,2025-06-19,paid_social,prospecting_video,,,0
517596,2025-06-19,organic,,,,0
517597,2025-06-19,paid_social,prospecting_video,,,0
517598,2025-06-19,paid_social,retargeting,2025-06-19,monthly,19.98
517599,2025-06-19,paid_social,prospecting_video,,,0
517600,2025-06-19,paid_social,prospecting_video,,,0
517601,2025-06-19,paid_search,brand_search,2025-06-23,monthly,29.97
517602,2025-06-19,paid_social,prospecting_video,,,0
517603,2025-06-19,paid_search,generic_search,,,0
517604,2025-06-19,organic,,,,0
517605,2025-06-19,paid_search,generic_search,,,0
517606,2025-06-19,organic,,,,0
517607,2025-06-19,affiliate,finance_blogs,,,0
517608,2025-06-19,organic,,,,0
517609,2025-06-19,paid_social,prospecting_video,,,0
517610,2025-06-19,paid_social,prospecting_video,,,0
517611,2025-06-19,paid_social,prospecting_video,,,0
517612,2025-06-19,affiliate,finance_blogs,,,0
517613,2025-06-19,organic,,,,0
517614,2025-06-19,paid_social,prospecting_video,,,0
517615,2025-06-19,paid_social,prospecting_video,,,0
517616,2025-06-19,organic,,,,0
517617,2025-06-19,organic,,,,0
517618,2025-06-19,paid_social,prospecting_video,,,0
517619,2025-06-19,paid_search,brand_search,,,0
517620,2025-06-19,paid_search,brand_search,,,0
517621,2025-06-19,affiliate,finance_blogs,,,0
517622,2025-06-19,paid_social,prospecting_video,,,0
517623,2025-06-19,paid_social,prospecting_video,,,0
517624,2025-06-19,paid_social,prospecting_video,,,0
517625,2025-06-19,paid_social,prospecting_video,,,0
517626,2025-06-19,paid_social,prospecting_video,,,0
517627,2025-06-19,paid_social,prospecting_video,,,0
517628,2025-06-19,paid_social,prospecting_video,2025-06-22,monthly,29.97
517629,2025-06-19,paid_search,brand_search,,,0
517630,2025-06-19,paid_search,brand_search,,,0
517631,2025-06-19,paid_social,prospecting_video,,,0
517632,2025-06-19,organic,,,,0
517633,2025-06-19,organic,,,,0
517634,2025-06-19,organic,,,,0
517635,2025-06-19,paid_social,prospecting_video,,,0
517636,2025-06-19,paid_social,prospecting_video,,,0
517637,2025-06-19,paid_social,prospecting_video,,,0
517638,2025-06-19,paid_social,prospecting_video,,,0
517639,2025-06-19,paid_search,brand_search,2025-06-19,monthly,9.99
517640,2025-06-19,paid_social,prospecting_video,,,0
517641,2025-06-19,paid_social,prospecting_video,,,0
517642,2025-06-19,organic,,,,0
517643,2025-06-19,affiliate,finance_blogs,2025-06-28,monthly,29.97
517644,2025-06-20,paid_search,generic_search,2025-06-27,monthly,29.97
517645,2025-06-20,paid_search,generic_search,2025-06-25,monthly,29.97
517646,2025-06-20,organic,,,,0
517647,2025-06-20,referral,,,,0
517648,2025-06-20,paid_social,prospecting_video,,,0
517649,2025-06-20,paid_search,generic_search,,,0
517650,2025-06-20,paid_social,prospecting_video,,,0
517651,2025-06-20,paid_search,brand_search,,,0
517652,2025-06-20,paid_social,prospecting_video,,,0
517653,2025-06-20,paid_social,prospecting_video,,,0
517654,2025-06-20,paid_social,prospecting_video,,,0
517655,2025-06-20,paid_search,generic_search,2025-06-25,monthly,29.97
517656,2025-06-20,paid_social,prospecting_video,,,0
517657,2025-06-20,paid_social,prospecting_video,,,0
517658,2025-06-20,affiliate,finance_blogs,,,0
517659,2025-06-20,paid_social,retargeting,,,0
517660,2025-06-20,paid_social,prospecting_video,,,0
517661,2025-06-20,paid_social,retargeting,,,0
517662,2025-06-20,paid_social,prospecting_video,,,0
517663,2025-06-20,paid_search,brand_search,2025-06-20,monthly,9.99
517664,2025-06-20,paid_search,generic_search,,,0
517665,2025-06-20,paid_search,brand_search,,,0
517666,2025-06-20,affiliate,finance_blogs,,,0
517667,2025-06-20,paid_social,prospecting_video,,,0
517668,2025-06-20,paid_social,prospecting_video,,,0
517669,2025-06-20,paid_search,generic_search,2025-06-25,monthly,29.97
517670,2025-06-20,paid_social,prospecting_video,,,0
517671,2025-06-20,organic,,,,0
517672,2025-06-20,organic,,,,0
517673,2025-06-20,paid_social,prospecting_video,,,0
517674,2025-06-20,organic,,,,0
517675,2025-06-20,paid_social,prospecting_video,,,0
517676,2025-06-20,organic,,,,0
517677,2025-06-20,organic,,,,0
517678,2025-06-20,paid_social,prospecting_video,,,0
517679,2025-06-20,paid_social,retargeting,2025-07-01,monthly,29.97
517680,2025-06-20,paid_social,prospecting_video,,,0
517681,2025-06-20,paid_social,prospecting_video,,,0
517682,2025-06-20,organic,,,,0
517683,2025-06-20,paid_social,prospecting_video,,,0
517684,2025-06-20,paid_search,brand_search,2025-06-26,monthly,29.97
517685,2025-06-20,referral,,,,0
517686,2025-06-20,paid_search,brand_search,,,0
517687,2025-06-20,organic,,2025-06-21,monthly,19.98
517688,2025-06-20,paid_social,prospecting_video,,,0
517689,2025-06-20,paid_social,prospecting_video,,,0
517690,2025-06-20,paid_social,prospecting_video,,,0
517691,2025-06-20,organic,,,,0
517692,2025-06-20,paid_social,prospecting_video,,,0
517693,2025-06-20,paid_social,prospecting_video,,,0
517694,2025-06-20,paid_search,generic_search,,,0
517695,2025-06-20,paid_social,prospecting_video,,,0
517696,2025-06-20,paid_social,retargeting,,,0
517697,2025-06-20,organic,,,,0
517698,2025-06-20,paid_social,prospecting_video,,,0
517699,2025-06-20,paid_social,prospecting_video,,,0
517700,2025-06-20,paid_social,prospecting_video,,,0
517701,2025-06-20,paid_social,prospecting_video,,,0
517702,2025-06-20,paid_social,prospecting_video,,,0
517703,2025-06-20,paid_search,brand_search,2025-07-02,monthly,29.97
517704,2025-06-20,paid_social,prospecting_video,,,0
517705,2025-06-20,organic,,,,0
517706,2025-06-20,paid_social,prospecting_video,,,0
517707,2025-06-20,paid_social,prospecting_video,,,0
517708,2025-06-20,referral,,,,0
517709,2025-06-20,affiliate,finance_blogs,,,0
517710,2025-06-20,organic,,,,0
517711,2025-06-20,paid_social,prospecting_video,,,0
517712,2025-06-20,paid_social,prospecting_video,,,0
517713,2025-06-20,paid_search,brand_search,,,0
517714,2025-06-20,organic,,,,0
517715,2025-06-20,affiliate,finance_blogs,2025-06-25,monthly,9.99
517716,2025-06-20,paid_search,generic_search,,,0
517717,2025-06-20,affiliate,finance_blogs,,,0
517718,2025-06-20,referral,,2025-06-23,annual,79.99
517719,2025-06-20,paid_social,retargeting,2025-06-25,monthly,29.97
517720,2025-06-20,paid_social,prospecting_video,,,0
517721,2025-06-20,organic,,,,0
517722,2025-06-20,paid_social,prospecting_video,,,0
517723,2025-06-20,paid_social,prospecting_video,,,0
517724,2025-06-20,organic,,2025-06-20,monthly,9.99
517725,2025-06-20,paid_social,prospecting_video,,,0
517726,2025-06-20,organic,,,,0
517727,2025-06-20,paid_social,prospecting_video,,,0
517728,2025-06-20,paid_social,prospecting_video,,,0
517729,2025-06-20,paid_social,prospecting_video,,,0
517730,2025-06-20,referral,,,,0
517731,2025-06-20,organic,,,,0
517732,2025-06-20,organic,,,,0
517733,2025-06-20,paid_search,brand_search,,,0
517734,2025-06-20,paid_social,retargeting,,,0
517735,2025-06-20,organic,,,,0
517736,2025-06-20,paid_social,prospecting_video,,,0
517737,2025-06-20,referral,,,,0
517738,2025-06-20,organic,,,,0
517739,2025-06-20,referral,,,,0
517740,2025-06-20,organic,,2025-06-22,monthly,29.97
517741,2025-06-20,paid_social,retargeting,2025-06-21,monthly,19.98
517742,2025-06-20,paid_search,brand_search,2025-06-23,annual,79.99
517743,2025-06-20,paid_search,brand_search,,,0
517744,2025-06-20,referral,,,,0
517745,2025-06-20,paid_search,brand_search,2025-06-20,annual,79.99
517746,2025-06-20,referral,,,,0
517747,2025-06-20,paid_social,prospecting_video,,,0
517748,2025-06-20,paid_social,prospecting_video,,,0
517749,2025-06-20,organic,,2025-06-21,monthly,9.99
517750,2025-06-20,referral,,,,0
517751,2025-06-20,paid_social,prospecting_video,,,0
517752,2025-06-20,paid_social,prospecting_video,,,0
517753,2025-06-20,paid_search,brand_search,,,0
517754,2025-06-20,paid_social,prospecting_video,,,0
517755,2025-06-21,paid_social,prospecting_video,,,0
517756,2025-06-21,organic,,,,0
517757,2025-06-21,paid_search,brand_search,,,0
517758,2025-06-21,organic,,,,0
517759,2025-06-21,referral,,,,0
517760,2025-06-21,organic,,2025-06-27,monthly,9.99
517761,2025-06-21,paid_social,prospecting_video,,,0
517762,2025-06-21,paid_social,prospecting_video,,,0
517763,2025-06-21,paid_search,brand_search,,,0
517764,2025-06-21,paid_social,prospecting_video,,,0
517765,2025-06-21,paid_social,prospecting_video,,,0
517766,2025-06-21,organic,,,,0
517767,2025-06-21,organic,,,,0
517768,2025-06-21,paid_search,brand_search,,,0
517769,2025-06-21,paid_search,generic_search,,,0
517770,2025-06-21,paid_social,retargeting,,,0
517771,2025-06-21,organic,,,,0
517772,2025-06-21,referral,,,,0
517773,2025-06-21,organic,,,,0
517774,2025-06-21,paid_social,prospecting_video,2025-06-25,annual,79.99
517775,2025-06-21,paid_search,brand_search,2025-06-28,monthly,29.97
517776,2025-06-21,paid_social,prospecting_video,,,0
517777,2025-06-21,paid_social,prospecting_video,,,0
517778,2025-06-21,paid_social,prospecting_video,,,0
517779,2025-06-21,paid_social,retargeting,2025-06-23,monthly,29.97
517780,2025-06-21,paid_social,retargeting,,,0
517781,2025-06-21,organic,,,,0
517782,2025-06-21,paid_social,retargeting,,,0
517783,2025-06-21,referral,,,,0
517784,2025-06-21,paid_social,prospecting_video,,,0
517785,2025-06-21,paid_social,prospecting_video,,,0
517786,2025-06-21,paid_search,generic_search,,,0
517787,2025-06-21,paid_social,prospecting_video,2025-07-04,monthly,29.97
517788,2025-06-21,paid_social,prospecting_video,,,0
517789,2025-06-21,paid_search,generic_search,,,0
517790,2025-06-21,organic,,2025-06-29,monthly,29.97
517791,2025-06-21,organic,,,,0
517792,2025-06-21,paid_social,prospecting_video,,,0
517793,2025-06-21,paid_social,prospecting_video,,,0
517794,2025-06-21,paid_search,brand_search,,,0
517795,2025-06-21,paid_search,generic_search,,,0
517796,2025-06-21,organic,,,,0
517797,2025-06-21,paid_social,prospecting_video,,,0
517798,2025-06-21,paid_social,prospecting_video,,,0
517799,2025-06-21,paid_social,prospecting_video,,,0
517800,2025-06-21,organic,,,,0
517801,2025-06-21,paid_social,prospecting_video,,,0
517802,2025-06-21,paid_social,prospecting_video,,,0
517803,2025-06-21,organic,,2025-06-24,annual,79.99
517804,2025-06-21,organic,,,,0
517805,2025-06-21,referral,,,,0
517806,2025-06-21,paid_search,brand_search,2025-06-27,monthly,29.97
517807,2025-06-21,organic,,,,0
517808,2025-06-21,paid_social,prospecting_video,,,0
517809,2025-06-21,organic,,,,0
517810,2025-06-21,organic,,,,0
517811,2025-06-21,paid_social,prospecting_video,,,0
517812,2025-06-21,organic,,,,0
517813,2025-06-21,organic,,,,0
517814,2025-06-21,paid_social,prospecting_video,,,0
517815,2025-06-21,paid_search,brand_search,,,0
517816,2025-06-21,organic,,,,0
517817,2025-06-21,paid_social,prospecting_video,,,0
517818,2025-06-21,paid_search,generic_search,,,0
517819,2025-06-21,paid_search,brand_search,,,0
517820,2025-06-21,paid_social,retargeting,,,0
517821,2025-06-21,paid_social,prospecting_video,,,0
517822,2025-06-21,paid_social,prospecting_video,,,0
517823,2025-06-21,paid_social,retargeting,,,0
517824,2025-06-21,paid_social,retargeting,,,0
517825,2025-06-21,paid_social,prospecting_video,,,0
517826,2025-06-21,paid_search,brand_search,,,0
517827,2025-06-21,organic,,,,0
517828,2025-06-21,paid_social,prospecting_video,,,0
517829,2025-06-21,paid_search,brand_search,,,0
517830,2025-06-21,paid_social,prospecting_video,,,0
517831,2025-06-21,paid_social,prospecting_video,,,0
517832,2025-06-21,organic,,,,0
517833,2025-06-21,paid_social,prospecting_video,,,0
517834,2025-06-21,organic,,,,0
517835,2025-06-21,paid_search,generic_search,,,0
517836,2025-06-21,paid_social,prospecting_video,,,0
517837,2025-06-21,paid_search,generic_search,,,0
517838,2025-06-21,paid_social,prospecting_video,,,0
517839,2025-06-21,paid_search,generic_search,2025-06-22,annual,79.99
517840,2025-06-21,paid_social,prospecting_video,,,0
517841,2025-06-21,organic,,,,0
517842,2025-06-21,paid_social,retargeting,,,0
517843,2025-06-21,affiliate,finance_blogs,2025-06-21,annual,79.99
517844,2025-06-21,paid_social,prospecting_video,,,0
517845,2025-06-21,paid_search,generic_search,,,0
517846,2025-06-21,paid_social,prospecting_video,,,0
517847,2025-06-21,organic,,,,0
517848,2025-06-21,referral,,,,0
517849,2025-06-21,paid_search,generic_search,,,0
517850,2025-06-21,paid_social,prospecting_video,,,0
517851,2025-06-21,paid_search,generic_search,,,0
517852,2025-06-21,paid_search,generic_search,,,0
517853,2025-06-21,organic,,,,0
517854,2025-06-21,paid_social,prospecting_video,,,0
517855,2025-06-22,organic,,,,0
517856,2025-06-22,paid_social,prospecting_video,,,0
517857,2025-06-22,paid_social,prospecting_video,,,0
517858,2025-06-22,paid_social,prospecting_video,,,0
517859,2025-06-22,paid_social,prospecting_video,,,0
517860,2025-06-22,paid_social,prospecting_video,,,0
517861,2025-06-22,paid_search,generic_search,,,0
517862,2025-06-22,paid_social,retargeting,,,0
517863,2025-06-22,paid_search,brand_search,2025-06-24,monthly,29.97
517864,2025-06-22,paid_social,prospecting_video,,,0
517865,2025-06-22,paid_search,brand_search,,,0
517866,2025-06-22,affiliate,finance_blogs,,,0
517867,2025-06-22,paid_social,prospecting_video,,,0
517868,2025-06-22,paid_social,prospecting_video,,,0
517869,2025-06-22,paid_social,prospecting_video,,,0
517870,2025-06-22,referral,,,,0
517871,2025-06-22,paid_social,retargeting,,,0
517872,2025-06-22,affiliate,finance_blogs,,,0
517873,2025-06-22,paid_social,prospecting_video,,,0
517874,2025-06-22,paid_search,generic_search,,,0
517875,2025-06-22,paid_social,prospecting_video,,,0
517876,2025-06-22,paid_search,generic_search,,,0
517877,2025-06-22,paid_social,retargeting,2025-06-24,monthly,9.99
517878,2025-06-22,paid_social,prospecting_video,,,0
517879,2025-06-22,paid_social,prospecting_video,,,0
517880,2025-06-22,referral,,,,0
517881,2025-06-22,organic,,,,0
517882,2025-06-22,paid_search,brand_search,,,0
517883,2025-06-22,paid_search,brand_search,,,0
517884,2025-06-22,paid_social,prospecting_video,,,0
517885,2025-06-22,paid_search,brand_search,,,0
517886,2025-06-22,paid_social,prospecting_video,,,0
517887,2025-06-22,referral,,,,0
517888,2025-06-22,organic,,,,0
517889,2025-06-22,paid_search,brand_search,,,0
517890,2025-06-22,paid_social,prospecting_video,,,0
517891,2025-06-22,paid_social,prospecting_video,,,0
517892,2025-06-22,organic,,,,0
517893,2025-06-22,paid_social,retargeting,,,0
517894,2025-06-22,paid_social,prospecting_video,,,0
517895,2025-06-22,organic,,,,0
517896,2025-06-22,paid_search,brand_search,,,0
517897,2025-06-22,paid_social,retargeting,,,0
517898,2025-06-22,paid_social,prospecting_video,,,0
517899,2025-06-22,affiliate,finance_blogs,2025-06-22,monthly,29.97
517900,2025-06-22,paid_social,retargeting,,,0
517901,2025-06-22,paid_search,generic_search,,,0
517902,2025-06-22,organic,,2025-06-30,monthly,19.98
517903,2025-06-22,paid_social,prospecting_video,,,0
517904,2025-06-22,paid_social,retargeting,,,0
517905,2025-06-22,organic,,2025-06-27,annual,79.99
517906,2025-06-22,paid_social,retargeting,2025-06-22,monthly,19.98
517907,2025-06-22,organic,,,,0
517908,2025-06-22,organic,,,,0
517909,2025-06-22,paid_social,prospecting_video,,,0
517910,2025-06-22,organic,,,,0
517911,2025-06-22,paid_social,prospecting_video,,,0
517912,2025-06-22,organic,,,,0
517913,2025-06-22,paid_social,prospecting_video,,,0
517914,2025-06-22,paid_social,prospecting_video,,,0
517915,2025-06-22,paid_search,brand_search,,,0
517916,2025-06-22,organic,,,,0
517917,2025-06-22,paid_social,retargeting,,,0
517918,2025-06-22,paid_social,prospecting_video,,,0
517919,2025-06-22,affiliate,finance_blogs,,,0
517920,2025-06-22,paid_social,prospecting_video,,,0
517921,2025-06-22,organic,,,,0
517922,2025-06-22,organic,,,,0
517923,2025-06-22,paid_social,retargeting,,,0
517924,2025-06-22,paid_social,prospecting_video,,,0
517925,2025-06-22,organic,,,,0
517926,2025-06-22,paid_social,prospecting_video,,,0
517927,2025-06-22,affiliate,finance_blogs,,,0
517928,2025-06-22,paid_search,brand_search,,,0
517929,2025-06-22,paid_social,prospecting_video,,,0
517930,2025-06-22,paid_social,retargeting,,,0
517931,2025-06-22,organic,,,,0
517932,2025-06-22,paid_search,generic_search,2025-06-25,monthly,29.97
517933,2025-06-22,paid_social,prospecting_video,,,0
517934,2025-06-22,paid_social,prospecting_video,,,0
517935,2025-06-22,paid_social,prospecting_video,,,0
517936,2025-06-22,organic,,,,0
517937,2025-06-22,paid_social,retargeting,,,0
517938,2025-06-22,organic,,,,0
517939,2025-06-22,organic,,,,0
517940,2025-06-22,paid_social,prospecting_video,,,0
517941,2025-06-22,paid_social,retargeting,,,0
517942,2025-06-22,paid_search,brand_search,2025-06-28,annual,79.99
517943,2025-06-22,paid_search,brand_search,,,0
517944,2025-06-22,paid_social,prospecting_video,,,0
517945,2025-06-22,paid_search,brand_search,,,0
517946,2025-06-22,paid_search,generic_search,2025-06-29,monthly,29.97
517947,2025-06-22,paid_social,retargeting,,,0
517948,2025-06-22,paid_search,brand_search,,,0
517949,2025-06-22,paid_search,generic_search,,,0
517950,2025-06-22,paid_social,prospecting_video,,,0
517951,2025-06-22,paid_search,brand_search,2025-07-05,monthly,29.97
517952,2025-06-22,paid_social,retargeting,,,0
517953,2025-06-22,paid_social,prospecting_video,,,0
517954,2025-06-22,organic,,,,0
517955,2025-06-22,organic,,,,0
517956,2025-06-22,organic,,,,0
517957,2025-06-22,paid_social,prospecting_video,,,0
517958,2025-06-22,paid_search,generic_search,,,0
517959,2025-06-22,paid_search,generic_search,,,0
517960,2025-06-22,paid_social,prospecting_video,,,0
517961,2025-06-22,paid_social,retargeting,,,0
517962,2025-06-22,paid_search,brand_search,,,0
517963,2025-06-22,paid_social,prospecting_video,,,0
517964,2025-06-22,paid_social,prospecting_video,,,0
517965,2025-06-22,organic,,,,0
517966,2025-06-22,affiliate,finance_blogs,,,0
517967,2025-06-22,paid_social,prospecting_video,,,0
517968,2025-06-22,paid_social,prospecting_video,,,0
517969,2025-06-22,organic,,,,0
517970,2025-06-22,paid_social,retargeting,,,0
517971,2025-06-22,organic,,,,0
517972,2025-06-23,paid_social,retargeting,,,0
517973,2025-06-23,paid_social,retargeting,,,0
517974,2025-06-23,organic,,,,0
517975,2025-06-23,paid_social,prospecting_video,,,0
517976,2025-06-23,affiliate,finance_blogs,,,0
517977,2025-06-23,organic,,,,0
517978,2025-06-23,paid_search,generic_search,2025-06-25,monthly,19.98
517979,2025-06-23,organic,,,,0
517980,2025-06-23,paid_social,retargeting,,,0
517981,2025-06-23,paid_social,prospecting_video,,,0
517982,2025-06-23,paid_social,prospecting_video,,,0
517983,2025-06-23,paid_social,prospecting_video,,,0
517984,2025-06-23,paid_social,prospecting_video,,,0
517985,2025-06-23,paid_social,retargeting,,,0
517986,2025-06-23,organic,,,,0
517987,2025-06-23,paid_social,prospecting_video,,,0
517988,2025-06-23,organic,,2025-06-23,annual,79.99
517989,2025-06-23,referral,,,,0
517990,2025-06-23,paid_search,brand_search,,,0
517991,2025-06-23,paid_social,retargeting,,,0
517992,2025-06-23,organic,,,,0
517993,2025-06-23,paid_social,retargeting,,,0
517994,2025-06-23,referral,,,,0
517995,2025-06-23,paid_social,prospecting_video,2025-06-25,monthly,29.97
517996,2025-06-23,paid_search,brand_search,2025-06-24,annual,79.99
517997,2025-06-23,paid_social,retargeting,,,0
517998,2025-06-23,paid_social,retargeting,,,0
517999,2025-06-23,affiliate,finance_blogs,,,0
518000,2025-06-23,paid_search,brand_search,,,0
518001,2025-06-23,organic,,,,0
518002,2025-06-23,paid_search,brand_search,,,0
518003,2025-06-23,referral,,,,0
518004,2025-06-23,organic,,,,0
518005,2025-06-23,affiliate,finance_blogs,,,0
518006,2025-06-23,referral,,,,0
518007,2025-06-23,paid_search,brand_search,,,0
518008,2025-06-23,paid_social,prospecting_video,,,0
518009,2025-06-23,paid_social,prospecting_video,,,0
518010,2025-06-23,paid_search,generic_search,,,0
518011,2025-06-23,paid_social,retargeting,2025-06-24,monthly,29.97
518012,2025-06-23,paid_social,retargeting,,,0
518013,2025-06-23,paid_social,prospecting_video,,,0
518014,2025-06-23,organic,,,,0
518015,2025-06-23,paid_social,retargeting,,,0
518016,2025-06-23,paid_social,prospecting_video,,,0
518017,2025-06-23,organic,,,,0
518018,2025-06-23,organic,,,,0
518019,2025-06-23,paid_social,prospecting_video,,,0
518020,2025-06-23,paid_social,prospecting_video,,,0
518021,2025-06-23,paid_search,brand_search,,,0
518022,2025-06-23,paid_social,prospecting_video,,,0
518023,2025-06-23,paid_social,prospecting_video,,,0
518024,2025-06-23,paid_social,prospecting_video,2025-06-24,monthly,9.99
518025,2025-06-23,paid_social,prospecting_video,,,0
518026,2025-06-23,paid_social,prospecting_video,,,0
518027,2025-06-23,referral,,,,0
518028,2025-06-23,paid_social,prospecting_video,,,0
518029,2025-06-23,paid_social,prospecting_video,,,0
518030,2025-06-23,paid_search,generic_search,,,0
518031,2025-06-23,paid_social,prospecting_video,,,0
518032,2025-06-23,paid_social,retargeting,,,0
518033,2025-06-23,paid_social,prospecting_video,,,0
518034,2025-06-23,paid_social,prospecting_video,,,0
518035,2025-06-23,paid_search,brand_search,,,0
518036,2025-06-23,paid_social,prospecting_video,,,0
518037,2025-06-23,paid_search,brand_search,2025-06-24,monthly,9.99
518038,2025-06-23,paid_social,retargeting,2025-07-02,annual,79.99
518039,2025-06-23,paid_search,brand_search,,,0
518040,2025-06-23,paid_search,brand_search,,,0
518041,2025-06-23,paid_social,prospecting_video,,,0
518042,2025-06-23,paid_social,prospecting_video,,,0
518043,2025-06-23,paid_social,retargeting,,,0
518044,2025-06-23,paid_social,prospecting_video,,,0
518045,2025-06-23,paid_search,brand_search,,,0
518046,2025-06-23,paid_social,prospecting_video,,,0
518047,2025-06-23,paid_search,brand_search,,,0
518048,2025-06-23,paid_social,prospecting_video,,,0
518049,2025-06-23,paid_search,generic_search,,,0
518050,2025-06-23,paid_search,brand_search,,,0
518051,2025-06-23,paid_search,generic_search,,,0
518052,2025-06-23,organic,,,,0
518053,2025-06-23,affiliate,finance_blogs,2025-06-23,monthly,29.97
518054,2025-06-23,paid_social,prospecting_video,,,0
518055,2025-06-23,paid_search,generic_search,2025-06-30,monthly,29.97
518056,2025-06-23,organic,,,,0
518057,2025-06-23,referral,,,,0
518058,2025-06-23,paid_search,generic_search,,,0
518059,2025-06-23,paid_social,prospecting_video,,,0
518060,2025-06-23,paid_social,prospecting_video,,,0
518061,2025-06-23,organic,,,,0
518062,2025-06-23,organic,,,,0
518063,2025-06-23,paid_search,generic_search,,,0
518064,2025-06-23,paid_social,retargeting,,,0
518065,2025-06-23,paid_search,brand_search,,,0
518066,2025-06-23,paid_social,prospecting_video,,,0
518067,2025-06-23,paid_social,prospecting_video,,,0
518068,2025-06-23,organic,,,,0
518069,2025-06-23,referral,,,,0
518070,2025-06-23,paid_search,generic_search,2025-06-23,monthly,29.97
518071,2025-06-23,paid_search,generic_search,2025-06-28,monthly,29.97
518072,2025-06-23,paid_social,prospecting_video,,,0
518073,2025-06-23,paid_search,generic_search,2025-06-23,monthly,9.99
518074,2025-06-23,organic,,,,0
518075,2025-06-23,organic,,,,0
518076,2025-06-23,paid_social,retargeting,,,0
518077,2025-06-23,paid_social,prospecting_video,,,0
518078,2025-06-23,paid_social,prospecting_video,,,0
518079,2025-06-24,paid_social,retargeting,,,0
518080,2025-06-24,paid_search,generic_search,,,0
518081,2025-06-24,paid_social,prospecting_video,2025-06-27,monthly,29.97
518082,2025-06-24,organic,,,,0
518083,2025-06-24,paid_search,brand_search,,,0
518084,2025-06-24,paid_search,brand_search,2025-07-06,monthly,29.97
518085,2025-06-24,paid_social,prospecting_video,,,0
518086,2025-06-24,paid_social,prospecting_video,,,0
518087,2025-06-24,paid_search,generic_search,,,0
518088,2025-06-24,paid_search,generic_search,2025-06-24,monthly,29.97
518089,2025-06-24,paid_social,retargeting,,,0
518090,2025-06-24,paid_search,brand_search,,,0
518091,2025-06-24,paid_social,retargeting,,,0
518092,2025-06-24,paid_social,prospecting_video,,,0
518093,2025-06-24,paid_social,prospecting_video,,,0
518094,2025-06-24,referral,,,,0
518095,2025-06-24,paid_search,generic_search,,,0
518096,2025-06-24,paid_social,prospecting_video,,,0
518097,2025-06-24,organic,,,,0
518098,2025-06-24,affiliate,finance_blogs,,,0
518099,2025-06-24,paid_social,prospecting_video,,,0
518100,2025-06-24,paid_social,prospecting_video,,,0
518101,2025-06-24,referral,,,,0
518102,2025-06-24,paid_social,prospecting_video,,,0
518103,2025-06-24,paid_social,prospecting_video,,,0
518104,2025-06-24,paid_social,prospecting_video,,,0
518105,2025-06-24,paid_search,generic_search,,,0
518106,2025-06-24,paid_social,retargeting,2025-06-27,monthly,9.99
518107,2025-06-24,organic,,,,0
518108,2025-06-24,paid_social,prospecting_video,,,0
518109,2025-06-24,referral,,,,0
518110,2025-06-24,organic,,,,0
518111,2025-06-24,paid_search,brand_search,,,0
518112,2025-06-24,paid_social,prospecting_video,,,0
518113,2025-06-24,paid_search,brand_search,,,0
518114,2025-06-24,paid_search,generic_search,,,0
518115,2025-06-24,paid_search,generic_search,,,0
518116,2025-06-24,paid_social,retargeting,,,0
518117,2025-06-24,paid_social,prospecting_video,,,0
518118,2025-06-24,referral,,,,0
518119,2025-06-24,paid_social,prospecting_video,,,0
518120,2025-06-24,paid_social,prospecting_video,,,0
518121,2025-06-24,paid_social,prospecting_video,,,0
518122,2025-06-24,organic,,,,0
518123,2025-06-24,paid_search,brand_search,2025-07-02,annual,79.99
518124,2025-06-24,paid_social,prospecting_video,,,0
518125,2025-06-24,paid_social,prospecting_video,,,0
518126,2025-06-24,paid_social,retargeting,,,0
518127,2025-06-24,paid_social,prospecting_video,,,0
518128,2025-06-24,referral,,2025-06-25,annual,79.99
518129,2025-06-24,paid_social,prospecting_video,2025-06-24,annual,79.99
518130,2025-06-24,paid_social,prospecting_video,,,0
518131,2025-06-24,paid_social,prospecting_video,,,0
518132,2025-06-24,organic,,,,0
518133,2025-06-24,paid_search,brand_search,,,0
518134,2025-06-24,paid_search,brand_search,2025-06-25,monthly,29.97
518135,2025-06-24,paid_social,prospecting_video,,,0
518136,2025-06-24,paid_social,retargeting,,,0
518137,2025-06-24,paid_social,prospecting_video,,,0
518138,2025-06-24,paid_search,generic_search,,,0
518139,2025-06-24,paid_search,generic_search,,,0
518140,2025-06-24,paid_social,prospecting_video,,,0
518141,2025-06-24,paid_social,retargeting,,,0
518142,2025-06-24,referral,,,,0
518143,2025-06-24,paid_social,prospecting_video,,,0
518144,2025-06-24,paid_social,prospecting_video,,,0
518145,2025-06-24,paid_social,retargeting,,,0
518146,2025-06-24,paid_social,prospecting_video,,,0
518147,2025-06-24,referral,,,,0
518148,2025-06-24,paid_search,brand_search,,,0
518149,2025-06-24,referral,,,,0
518150,2025-06-24,paid_search,brand_search,,,0
518151,2025-06-24,referral,,,,0
518152,2025-06-24,paid_social,prospecting_video,,,0
518153,2025-06-24,paid_search,brand_search,,,0
518154,2025-06-24,paid_social,prospecting_video,,,0
518155,2025-06-24,organic,,,,0
518156,2025-06-24,paid_search,brand_search,,,0
518157,2025-06-24,organic,,,,0
518158,2025-06-24,paid_search,generic_search,,,0
518159,2025-06-24,affiliate,finance_blogs,,,0
518160,2025-06-24,paid_search,brand_search,,,0
518161,2025-06-24,affiliate,finance_blogs,,,0
518162,2025-06-24,paid_social,retargeting,,,0
518163,2025-06-24,paid_social,prospecting_video,,,0
518164,2025-06-24,paid_social,prospecting_video,,,0
518165,2025-06-24,paid_social,prospecting_video,,,0
518166,2025-06-24,paid_social,retargeting,,,0
518167,2025-06-24,paid_social,prospecting_video,,,0
518168,2025-06-24,paid_social,prospecting_video,,,0
518169,2025-06-24,paid_social,prospecting_video,,,0
518170,2025-06-24,paid_social,retargeting,,,0
518171,2025-06-24,paid_search,generic_search,,,0
518172,2025-06-24,paid_social,retargeting,,,0
518173,2025-06-24,paid_social,prospecting_video,,,0
518174,2025-06-24,paid_search,brand_search,,,0
518175,2025-06-24,paid_social,prospecting_video,,,0
518176,2025-06-24,organic,,,,0
518177,2025-06-24,paid_social,prospecting_video,,,0
518178,2025-06-24,paid_search,brand_search,,,0
518179,2025-06-24,paid_social,prospecting_video,,,0
518180,2025-06-24,paid_search,generic_search,2025-06-25,monthly,29.97
518181,2025-06-24,paid_social,prospecting_video,,,0
518182,2025-06-24,paid_social,prospecting_video,,,0
518183,2025-06-24,paid_social,prospecting_video,,,0
518184,2025-06-24,paid_social,prospecting_video,,,0
518185,2025-06-24,paid_social,prospecting_video,,,0
518186,2025-06-24,paid_social,prospecting_video,,,0
518187,2025-06-24,paid_social,prospecting_video,,,0
518188,2025-06-24,paid_search,brand_search,,,0
518189,2025-06-24,organic,,2025-06-27,monthly,29.97
518190,2025-06-24,paid_social,prospecting_video,,,0
518191,2025-06-24,paid_social,retargeting,,,0
518192,2025-06-24,paid_social,prospecting_video,,,0
518193,2025-06-24,paid_social,prospecting_video,,,0
518194,2025-06-24,paid_social,prospecting_video,,,0
518195,2025-06-24,referral,,,,0
518196,2025-06-24,paid_social,prospecting_video,,,0
518197,2025-06-24,paid_search,generic_search,,,0
518198,2025-06-24,organic,,,,0
518199,2025-06-24,paid_social,retargeting,,,0
518200,2025-06-24,paid_social,prospecting_video,,,0
518201,2025-06-24,paid_social,prospecting_video,,,0
518202,2025-06-24,organic,,2025-06-29,annual,79.99
518203,2025-06-24,paid_social,retargeting,2025-06-29,monthly,29.97
518204,2025-06-24,organic,,,,0
518205,2025-06-24,paid_social,prospecting_video,,,0
518206,2025-06-24,paid_social,retargeting,,,0
518207,2025-06-24,paid_social,prospecting_video,,,0
518208,2025-06-24,paid_social,prospecting_video,,,0
518209,2025-06-24,paid_social,prospecting_video,,,0
518210,2025-06-24,paid_social,prospecting_video,,,0
518211,2025-06-24,paid_social,prospecting_video,,,0
518212,2025-06-24,paid_social,prospecting_video,,,0
518213,2025-06-24,paid_search,generic_search,,,0
518214,2025-06-24,paid_social,prospecting_video,,,0
518215,2025-06-24,referral,,,,0
518216,2025-06-24,affiliate,finance_blogs,2025-06-26,monthly,29.97
518217,2025-06-24,paid_social,retargeting,,,0
518218,2025-06-24,organic,,,,0
518219,2025-06-24,affiliate,finance_blogs,,,0
518220,2025-06-25,paid_social,prospecting_video,,,0
518221,2025-06-25,organic,,,,0
518222,2025-06-25,affiliate,finance_blogs,,,0
518223,2025-06-25,paid_social,retargeting,,,0
518224,2025-06-25,paid_social,prospecting_video,,,0
518225,2025-06-25,organic,,,,0
518226,2025-06-25,paid_search,brand_search,2025-06-25,annual,79.99
518227,2025-06-25,paid_search,generic_search,,,0
518228,2025-06-25,paid_social,prospecting_video,,,0
518229,2025-06-25,paid_social,prospecting_video,2025-06-27,monthly,19.98
518230,2025-06-25,paid_search,generic_search,,,0
518231,2025-06-25,organic,,,,0
518232,2025-06-25,paid_search,generic_search,,,0
518233,2025-06-25,organic,,,,0
518234,2025-06-25,organic,,,,0
518235,2025-06-25,paid_social,prospecting_video,,,0
518236,2025-06-25,paid_search,brand_search,,,0
518237,2025-06-25,paid_social,prospecting_video,,,0
518238,2025-06-25,paid_social,prospecting_video,,,0
518239,2025-06-25,organic,,,,0
518240,2025-06-25,affiliate,finance_blogs,,,0
518241,2025-06-25,paid_social,retargeting,,,0
518242,2025-06-25,paid_social,prospecting_video,,,0
518243,2025-06-25,paid_social,prospecting_video,,,0
518244,2025-06-25,paid_social,prospecting_video,,,0
518245,2025-06-25,paid_social,prospecting_video,,,0
518246,2025-06-25,paid_social,retargeting,,,0
518247,2025-06-25,paid_search,generic_search,,,0
518248,2025-06-25,paid_social,prospecting_video,,,0
518249,2025-06-25,referral,,,,0
518250,2025-06-25,paid_search,generic_search,2025-06-25,monthly,29.97
518251,2025-06-25,organic,,2025-06-26,monthly,19.98
518252,2025-06-25,affiliate,finance_blogs,,,0
518253,2025-06-25,paid_search,generic_search,,,0
518254,2025-06-25,paid_social,prospecting_video,2025-06-25,annual,79.99
518255,2025-06-25,paid_social,retargeting,,,0
518256,2025-06-25,paid_social,retargeting,,,0
518257,2025-06-25,paid_social,prospecting_video,,,0
518258,2025-06-25,paid_social,retargeting,,,0
518259,2025-06-25,paid_social,prospecting_video,,,0
518260,2025-06-25,paid_social,prospecting_video,,,0
518261,2025-06-25,paid_social,prospecting_video,,,0
518262,2025-06-25,paid_social,prospecting_video,,,0
518263,2025-06-25,organic,,,,0
518264,2025-06-25,paid_social,prospecting_video,,,0
518265,2025-06-25,paid_social,retargeting,,,0
518266,2025-06-25,paid_social,prospecting_video,,,0
518267,2025-06-25,paid_social,retargeting,,,0
518268,2025-06-25,paid_social,prospecting_video,,,0
518269,2025-06-25,paid_social,prospecting_video,,,0
518270,2025-06-25,paid_search,generic_search,2025-06-27,annual,79.99
518271,2025-06-25,organic,,,,0
518272,2025-06-25,paid_search,brand_search,2025-06-27,monthly,9.99
518273,2025-06-25,paid_search,brand_search,,,0
518274,2025-06-25,paid_social,prospecting_video,,,0
518275,2025-06-25,paid_social,prospecting_video,,,0
518276,2025-06-25,organic,,,,0
518277,2025-06-25,paid_social,prospecting_video,2025-06-27,monthly,29.97
518278,2025-06-25,paid_social,prospecting_video,,,0
518279,2025-06-25,organic,,,,0
518280,2025-06-25,paid_social,prospecting_video,,,0
518281,2025-06-25,paid_search,brand_search,2025-06-25,monthly,29.97
518282,2025-06-25,affiliate,finance_blogs,,,0
518283,2025-06-25,paid_social,prospecting_video,,,0
518284,2025-06-25,organic,,,,0
518285,2025-06-25,paid_search,brand_search,2025-06-26,annual,79.99
518286,2025-06-25,paid_social,prospecting_video,,,0
518287,2025-06-25,paid_social,prospecting_video,,,0
518288,2025-06-25,paid_social,prospecting_video,,,0
518289,2025-06-25,paid_search,generic_search,,,0
518290,2025-06-25,paid_social,prospecting_video,,,0
518291,2025-06-25,paid_social,retargeting,,,0
518292,2025-06-25,organic,,2025-06-30,annual,79.99
518293,2025-06-25,paid_social,prospecting_video,,,0
518294,2025-06-25,paid_social,prospecting_video,,,0
518295,2025-06-25,paid_social,prospecting_video,,,0
518296,2025-06-25,paid_search,brand_search,2025-06-29,monthly,29.97
518297,2025-06-25,paid_social,retargeting,2025-06-27,monthly,29.97
518298,2025-06-25,paid_social,prospecting_video,,,0
518299,2025-06-25,paid_social,retargeting,2025-06-30,annual,79.99
518300,2025-06-25,paid_social,prospecting_video,,,0
518301,2025-06-25,affiliate,finance_blogs,,,0
518302,2025-06-25,paid_search,generic_search,,,0
518303,2025-06-25,paid_social,retargeting,,,0
518304,2025-06-25,referral,,,,0
518305,2025-06-25,paid_social,prospecting_video,,,0
518306,2025-06-25,paid_social,prospecting_video,,,0
518307,2025-06-25,organic,,,,0
518308,2025-06-25,affiliate,finance_blogs,,,0
518309,2025-06-25,paid_social,prospecting_video,,,0
518310,2025-06-25,paid_search,generic_search,,,0
518311,2025-06-25,paid_social,prospecting_video,,,0
518312,2025-06-25,paid_search,generic_search,,,0
518313,2025-06-25,paid_social,retargeting,,,0
518314,2025-06-25,organic,,,,0
518315,2025-06-25,affiliate,finance_blogs,,,0
518316,2025-06-25,referral,,,,0
518317,2025-06-25,paid_social,prospecting_video,,,0
518318,2025-06-25,organic,,,,0
518319,2025-06-25,referral,,2025-06-26,annual,79.99
518320,2025-06-25,paid_social,prospecting_video,,,0
518321,2025-06-25,paid_social,retargeting,2025-06-30,monthly,29.97
518322,2025-06-25,paid_social,retargeting,,,0
518323,2025-06-25,paid_social,prospecting_video,,,0
518324,2025-06-25,organic,,,,0
518325,2025-06-25,referral,,,,0
518326,2025-06-25,paid_social,prospecting_video,,,0
518327,2025-06-25,paid_search,brand_search,2025-06-25,monthly,29.97
518328,2025-06-25,referral,,,,0
518329,2025-06-25,organic,,,,0
518330,2025-06-25,organic,,,,0
518331,2025-06-25,organic,,,,0
518332,2025-06-25,paid_social,retargeting,,,0
518333,2025-06-25,paid_social,prospecting_video,,,0
518334,2025-06-25,organic,,,,0
518335,2025-06-25,paid_social,retargeting,2025-07-06,monthly,19.98
518336,2025-06-25,paid_search,brand_search,,,0
518337,2025-06-25,paid_social,prospecting_video,,,0
518338,2025-06-25,paid_search,generic_search,,,0
518339,2025-06-25,referral,,,,0
518340,2025-06-26,paid_search,brand_search,,,0
518341,2025-06-26,paid_social,prospecting_video,,,0
518342,2025-06-26,paid_social,prospecting_video,,,0
518343,2025-06-26,paid_search,brand_search,2025-06-26,annual,79.99
518344,2025-06-26,paid_social,prospecting_video,,,0
518345,2025-06-26,paid_social,retargeting,,,0
518346,2025-06-26,paid_social,prospecting_video,,,0
518347,2025-06-26,paid_social,prospecting_video,,,0
518348,2025-06-26,paid_social,prospecting_video,,,0
518349,2025-06-26,organic,,,,0
518350,2025-06-26,paid_search,brand_search,,,0
518351,2025-06-26,paid_social,prospecting_video,,,0
518352,2025-06-26,paid_search,generic_search,,,0
518353,2025-06-26,paid_search,generic_search,,,0
518354,2025-06-26,paid_social,prospecting_video,,,0
518355,2025-06-26,paid_social,retargeting,,,0
518356,2025-06-26,paid_social,prospecting_video,,,0
518357,2025-06-26,referral,,2025-06-27,monthly,29.97
518358,2025-06-26,paid_search,brand_search,2025-06-26,monthly,29.97
518359,2025-06-26,paid_social,prospecting_video,,,0
518360,2025-06-26,organic,,2025-06-26,monthly,29.97
518361,2025-06-26,paid_social,prospecting_video,,,0
518362,2025-06-26,paid_search,generic_search,2025-06-29,monthly,29.97
518363,2025-06-26,paid_social,prospecting_video,,,0
518364,2025-06-26,organic,,,,0
518365,2025-06-26,paid_search,brand_search,,,0
518366,2025-06-26,organic,,,,0
518367,2025-06-26,paid_social,retargeting,2025-07-02,monthly,29.97
518368,2025-06-26,paid_social,prospecting_video,,,0
518369,2025-06-26,affiliate,finance_blogs,,,0
518370,2025-06-26,organic,,,,0
518371,2025-06-26,paid_search,generic_search,,,0
518372,2025-06-26,paid_social,prospecting_video,,,0
518373,2025-06-26,paid_social,prospecting_video,,,0
518374,2025-06-26,paid_search,brand_search,,,0
518375,2025-06-26,organic,,,,0
518376,2025-06-26,paid_search,generic_search,2025-06-30,monthly,9.99
518377,2025-06-26,affiliate,finance_blogs,,,0
518378,2025-06-26,paid_social,retargeting,,,0
518379,2025-06-26,paid_social,prospecting_video,,,0
518380,2025-06-26,paid_social,prospecting_video,2025-07-01,monthly,29.97
518381,2025-06-26,paid_social,prospecting_video,,,0
518382,2025-06-26,paid_social,prospecting_video,,,0
518383,2025-06-26,organic,,,,0
518384,2025-06-26,paid_social,prospecting_video,,,0
518385,2025-06-26,paid_social,prospecting_video,2025-06-26,monthly,29.97
518386,2025-06-26,paid_social,prospecting_video,,,0
518387,2025-06-26,paid_search,generic_search,2025-07-07,monthly,29.97
518388,2025-06-26,organic,,,,0
518389,2025-06-26,paid_search,brand_search,,,0
518390,2025-06-26,paid_social,retargeting,,,0
518391,2025-06-26,paid_search,generic_search,,,0
518392,2025-06-26,paid_social,prospecting_video,,,0
518393,2025-06-26,paid_social,prospecting_video,,,0
518394,2025-06-26,paid_search,brand_search,,,0
518395,2025-06-26,paid_search,brand_search,,,0
518396,2025-06-26,paid_search,brand_search,2025-06-26,monthly,29.97
518397,2025-06-26,affiliate,finance_blogs,,,0
518398,2025-06-26,paid_social,prospecting_video,2025-07-03,monthly,19.98
518399,2025-06-26,paid_search,generic_search,,,0
518400,2025-06-26,paid_social,retargeting,,,0
518401,2025-06-26,paid_social,prospecting_video,,,0
518402,2025-06-26,paid_social,prospecting_video,,,0
518403,2025-06-26,paid_social,prospecting_video,,,0
518404,2025-06-26,paid_search,generic_search,,,0
518405,2025-06-26,paid_social,prospecting_video,,,0
518406,2025-06-26,affiliate,finance_blogs,,,0
518407,2025-06-26,paid_social,prospecting_video,,,0
518408,2025-06-26,paid_social,retargeting,,,0
518409,2025-06-26,paid_social,prospecting_video,,,0
518410,2025-06-26,referral,,,,0
518411,2025-06-26,organic,,2025-07-02,monthly,19.98
518412,2025-06-26,organic,,,,0
518413,2025-06-26,organic,,,,0
518414,2025-06-26,paid_social,prospecting_video,,,0
518415,2025-06-26,organic,,,,0
518416,2025-06-26,paid_search,generic_search,,,0
518417,2025-06-26,paid_social,prospecting_video,,,0
518418,2025-06-26,paid_social,prospecting_video,,,0
518419,2025-06-26,organic,,2025-07-06,monthly,29.97
518420,2025-06-26,paid_social,prospecting_video,,,0
518421,2025-06-26,paid_social,prospecting_video,,,0
518422,2025-06-26,paid_social,prospecting_video,,,0
518423,2025-06-26,organic,,,,0
518424,2025-06-26,organic,,,,0
518425,2025-06-26,paid_social,prospecting_video,,,0
518426,2025-06-26,organic,,,,0
518427,2025-06-26,paid_social,prospecting_video,,,0
518428,2025-06-26,referral,,,,0
518429,2025-06-26,paid_search,generic_search,,,0
518430,2025-06-26,organic,,,,0
518431,2025-06-26,referral,,,,0
518432,2025-06-26,paid_social,prospecting_video,,,0
518433,2025-06-26,paid_social,retargeting,,,0
518434,2025-06-26,paid_social,prospecting_video,,,0
518435,2025-06-26,organic,,,,0
518436,2025-06-26,paid_search,generic_search,,,0
518437,2025-06-26,paid_social,prospecting_video,,,0
518438,2025-06-26,paid_social,retargeting,2025-06-30,annual,79.99
518439,2025-06-26,paid_social,prospecting_video,,,0
518440,2025-06-26,paid_social,prospecting_video,,,0
518441,2025-06-26,organic,,,,0
518442,2025-06-26,paid_search,generic_search,,,0
518443,2025-06-26,paid_search,generic_search,,,0
518444,2025-06-26,paid_social,retargeting,,,0
518445,2025-06-26,referral,,,,0
518446,2025-06-26,organic,,,,0
518447,2025-06-26,referral,,,,0
518448,2025-06-26,paid_social,retargeting,,,0
518449,2025-06-26,paid_social,retargeting,,,0
518450,2025-06-26,paid_social,prospecting_video,,,0
518451,2025-06-26,affiliate,finance_blogs,,,0
518452,2025-06-27,paid_social,prospecting_video,,,0
518453,2025-06-27,organic,,,,0
518454,2025-06-27,paid_social,prospecting_video,,,0
518455,2025-06-27,paid_search,generic_search,2025-07-03,monthly,29.97
518456,2025-06-27,paid_social,prospecting_video,,,0
518457,2025-06-27,paid_social,prospecting_video,,,0
518458,2025-06-27,paid_search,brand_search,,,0
518459,2025-06-27,referral,,,,0
518460,2025-06-27,paid_social,prospecting_video,,,0
518461,2025-06-27,paid_social,prospecting_video,,,0
518462,2025-06-27,paid_social,retargeting,,,0
518463,2025-06-27,paid_social,prospecting_video,,,0
518464,2025-06-27,paid_search,brand_search,,,0
518465,2025-06-27,paid_social,prospecting_video,,,0
518466,2025-06-27,paid_social,retargeting,,,0
518467,2025-06-27,paid_social,prospecting_video,,,0
518468,2025-06-27,paid_social,prospecting_video,,,0
518469,2025-06-27,affiliate,finance_blogs,,,0
518470,2025-06-27,paid_search,brand_search,,,0
518471,2025-06-27,paid_social,prospecting_video,,,0
518472,2025-06-27,affiliate,finance_blogs,,,0
518473,2025-06-27,paid_social,retargeting,,,0
518474,2025-06-27,paid_search,generic_search,,,0
518475,2025-06-27,paid_social,prospecting_video,,,0
518476,2025-06-27,affiliate,finance_blogs,,,0
518477,2025-06-27,paid_social,retargeting,,,0
518478,2025-06-27,paid_social,prospecting_video,,,0
518479,2025-06-27,paid_search,brand_search,,,0
518480,2025-06-27,paid_social,prospecting_video,,,0
518481,2025-06-27,paid_search,brand_search,,,0
518482,2025-06-27,paid_social,retargeting,,,0
518483,2025-06-27,paid_search,generic_search,,,0
518484,2025-06-27,paid_search,brand_search,2025-06-27,monthly,29.97
518485,2025-06-27,paid_search,generic_search,,,0
518486,2025-06-27,organic,,,,0
518487,2025-06-27,paid_social,prospecting_video,,,0
518488,2025-06-27,paid_social,retargeting,,,0
518489,2025-06-27,organic,,,,0
518490,2025-06-27,paid_social,retargeting,,,0
518491,2025-06-27,paid_search,generic_search,,,0
518492,2025-06-27,paid_social,prospecting_video,,,0
518493,2025-06-27,paid_social,prospecting_video,,,0
518494,2025-06-27,organic,,,,0
518495,2025-06-27,paid_social,prospecting_video,,,0
518496,2025-06-27,paid_social,retargeting,,,0
518497,2025-06-27,paid_social,prospecting_video,,,0
518498,2025-06-27,affiliate,finance_blogs,,,0
518499,2025-06-27,paid_search,generic_search,2025-06-27,monthly,9.99
518500,2025-06-27,paid_search,brand_search,,,0
518501,2025-06-27,paid_social,prospecting_video,,,0
518502,2025-06-27,paid_social,prospecting_video,,,0
518503,2025-06-27,paid_search,brand_search,,,0
518504,2025-06-27,organic,,,,0
518505,2025-06-27,paid_search,generic_search,,,0
518506,2025-06-27,paid_search,generic_search,,,0
518507,2025-06-27,paid_search,generic_search,,,0
518508,2025-06-27,paid_social,prospecting_video,,,0
518509,2025-06-27,organic,,2025-06-29,annual,79.99
518510,2025-06-27,organic,,,,0
518511,2025-06-27,paid_social,retargeting,,,0
518512,2025-06-27,paid_search,generic_search,,,0
518513,2025-06-27,paid_social,prospecting_video,,,0
518514,2025-06-27,paid_social,retargeting,,,0
518515,2025-06-27,paid_social,retargeting,,,0
518516,2025-06-27,paid_search,generic_search,2025-06-28,annual,79.99
518517,2025-06-27,referral,,2025-06-27,monthly,19.98
518518,2025-06-27,paid_social,prospecting_video,,,0
518519,2025-06-27,organic,,,,0
518520,2025-06-27,referral,,,,0
518521,2025-06-27,organic,,,,0
518522,2025-06-27,paid_search,brand_search,,,0
518523,2025-06-27,paid_social,prospecting_video,,,0
518524,2025-06-27,paid_social,retargeting,,,0
518525,2025-06-27,paid_social,retargeting,,,0
518526,2025-06-27,paid_social,prospecting_video,,,0
518527,2025-06-27,paid_social,retargeting,,,0
518528,2025-06-27,paid_search,brand_search,,,0
518529,2025-06-27,paid_social,prospecting_video,,,0
518530,2025-06-27,organic,,,,0
518531,2025-06-27,affiliate,finance_blogs,,,0
518532,2025-06-27,paid_social,prospecting_video,,,0
518533,2025-06-27,paid_social,prospecting_video,,,0
518534,2025-06-27,organic,,,,0
518535,2025-06-27,paid_social,retargeting,,,0
518536,2025-06-27,paid_social,prospecting_video,,,0
518537,2025-06-27,paid_social,prospecting_video,,,0
518538,2025-06-27,paid_social,prospecting_video,,,0
518539,2025-06-27,paid_search,brand_search,,,0
518540,2025-06-27,paid_social,prospecting_video,,,0
518541,2025-06-27,organic,,,,0
518542,2025-06-27,referral,,,,0
518543,2025-06-27,paid_social,retargeting,2025-06-27,annual,79.99
518544,2025-06-27,referral,,,,0
518545,2025-06-27,paid_social,retargeting,,,0
518546,2025-06-27,paid_social,prospecting_video,,,0
518547,2025-06-27,paid_social,prospecting_video,,,0
518548,2025-06-27,referral,,,,0
518549,2025-06-27,paid_social,prospecting_video,,,0
518550,2025-06-27,paid_social,prospecting_video,,,0
518551,2025-06-27,paid_search,brand_search,,,0
518552,2025-06-27,paid_social,prospecting_video,,,0
518553,2025-06-27,paid_search,brand_search,,,0
518554,2025-06-27,paid_social,retargeting,,,0
518555,2025-06-27,paid_social,retargeting,,,0
518556,2025-06-27,paid_social,retargeting,,,0
518557,2025-06-28,organic,,,,0
518558,2025-06-28,paid_search,generic_search,,,0
518559,2025-06-28,paid_social,prospecting_video,,,0
518560,2025-06-28,organic,,,,0
518561,2025-06-28,paid_search,brand_search,,,0
518562,2025-06-28,paid_social,prospecting_video,,,0
518563,2025-06-28,referral,,,,0
518564,2025-06-28,referral,,,,0
518565,2025-06-28,paid_social,prospecting_video,,,0
518566,2025-06-28,organic,,,,0
518567,2025-06-28,affiliate,finance_blogs,,,0
518568,2025-06-28,organic,,,,0
518569,2025-06-28,paid_search,generic_search,,,0
518570,2025-06-28,paid_social,prospecting_video,,,0
518571,2025-06-28,organic,,,,0
518572,2025-06-28,paid_search,generic_search,,,0
518573,2025-06-28,paid_social,retargeting,2025-06-28,annual,79.99
518574,2025-06-28,paid_social,retargeting,,,0
518575,2025-06-28,paid_search,brand_search,2025-06-30,monthly,29.97
518576,2025-06-28,paid_social,retargeting,,,0
518577,2025-06-28,paid_search,brand_search,,,0
518578,2025-06-28,paid_social,retargeting,,,0
518579,2025-06-28,paid_search,brand_search,,,0
518580,2025-06-28,referral,,,,0
518581,2025-06-28,paid_social,retargeting,,,0
518582,2025-06-28,affiliate,finance_blogs,,,0
518583,2025-06-28,paid_social,prospecting_video,,,0
518584,2025-06-28,organic,,,,0
518585,2025-06-28,paid_social,prospecting_video,,,0
518586,2025-06-28,paid_social,retargeting,,,0
518587,2025-06-28,affiliate,finance_blogs,,,0
518588,2025-06-28,paid_social,prospecting_video,,,0
518589,2025-06-28,paid_search,generic_search,2025-07-11,monthly,29.97
518590,2025-06-28,paid_social,prospecting_video,,,0
518591,2025-06-28,organic,,,,0
518592,2025-06-28,paid_search,brand_search,,,0
518593,2025-06-28,organic,,,,0
518594,2025-06-28,affiliate,finance_blogs,,,0
518595,2025-06-28,organic,,,,0
518596,2025-06-28,organic,,,,0
518597,2025-06-28,paid_search,generic_search,,,0
518598,2025-06-28,paid_social,retargeting,,,0
518599,2025-06-28,paid_social,prospecting_video,,,0
518600,2025-06-28,paid_social,prospecting_video,,,0
518601,2025-06-28,paid_search,brand_search,2025-06-29,annual,79.99
518602,2025-06-28,paid_social,prospecting_video,,,0
518603,2025-06-28,paid_social,prospecting_video,,,0
518604,2025-06-28,paid_search,brand_search,,,0
518605,2025-06-28,referral,,,,0
518606,2025-06-28,paid_social,prospecting_video,,,0
518607,2025-06-28,paid_search,generic_search,,,0
518608,2025-06-28,paid_social,prospecting_video,,,0
518609,2025-06-28,paid_social,prospecting_video,,,0
518610,2025-06-28,affiliate,finance_blogs,,,0
518611,2025-06-28,organic,,,,0
518612,2025-06-28,affiliate,finance_blogs,,,0
518613,2025-06-28,paid_search,brand_search,,,0
518614,2025-06-28,organic,,,,0
518615,2025-06-28,organic,,,,0
518616,2025-06-28,paid_social,prospecting_video,,,0
518617,2025-06-28,organic,,,,0
518618,2025-06-28,affiliate,finance_blogs,,,0
518619,2025-06-28,referral,,,,0
518620,2025-06-28,organic,,,,0
518621,2025-06-28,paid_search,brand_search,,,0
518622,2025-06-28,paid_social,prospecting_video,,,0
518623,2025-06-28,organic,,,,0
518624,2025-06-28,paid_social,prospecting_video,,,0
518625,2025-06-28,paid_social,prospecting_video,,,0
518626,2025-06-28,paid_social,prospecting_video,,,0
518627,2025-06-28,referral,,,,0
518628,2025-06-28,paid_social,prospecting_video,,,0
518629,2025-06-28,paid_social,prospecting_video,,,0
518630,2025-06-28,paid_search,generic_search,,,0
518631,2025-06-28,paid_social,prospecting_video,,,0
518632,2025-06-28,paid_social,prospecting_video,,,0
518633,2025-06-28,paid_social,prospecting_video,,,0
518634,2025-06-28,paid_social,retargeting,2025-06-30,annual,79.99
518635,2025-06-28,paid_social,prospecting_video,,,0
518636,2025-06-28,organic,,2025-07-05,monthly,29.97
518637,2025-06-28,paid_social,prospecting_video,,,0
518638,2025-06-28,organic,,,,0
518639,2025-06-28,paid_social,prospecting_video,,,0
518640,2025-06-28,affiliate,finance_blogs,,,0
518641,2025-06-28,organic,,,,0
518642,2025-06-28,organic,,,,0
518643,2025-06-28,paid_social,prospecting_video,,,0
518644,2025-06-28,paid_social,prospecting_video,,,0
518645,2025-06-28,paid_social,retargeting,,,0
518646,2025-06-28,paid_search,brand_search,,,0
518647,2025-06-28,referral,,,,0
518648,2025-06-28,affiliate,finance_blogs,2025-06-28,monthly,9.99
518649,2025-06-28,paid_social,prospecting_video,,,0
518650,2025-06-28,paid_social,retargeting,,,0
518651,2025-06-28,referral,,2025-07-11,annual,79.99
518652,2025-06-28,paid_social,prospecting_video,,,0
518653,2025-06-28,paid_social,prospecting_video,,,0
518654,2025-06-28,organic,,,,0
518655,2025-06-28,organic,,,,0
518656,2025-06-28,paid_social,prospecting_video,,,0
518657,2025-06-28,paid_social,prospecting_video,,,0
518658,2025-06-28,paid_search,brand_search,,,0
518659,2025-06-28,paid_social,retargeting,,,0
518660,2025-06-28,paid_search,brand_search,,,0
518661,2025-06-29,organic,,,,0
518662,2025-06-29,referral,,,,0
518663,2025-06-29,organic,,,,0
518664,2025-06-29,organic,,,,0
518665,2025-06-29,organic,,,,0
518666,2025-06-29,affiliate,finance_blogs,2025-07-07,annual,79.99
518667,2025-06-29,organic,,,,0
518668,2025-06-29,paid_social,prospecting_video,,,0
518669,2025-06-29,paid_search,generic_search,2025-06-30,monthly,19.98
518670,2025-06-29,paid_search,brand_search,,,0
518671,2025-06-29,organic,,,,0
518672,2025-06-29,paid_search,generic_search,2025-06-30,monthly,29.97
518673,2025-06-29,organic,,,,0
518674,2025-06-29,organic,,,,0
518675,2025-06-29,paid_social,prospecting_video,,,0
518676,2025-06-29,paid_social,retargeting,,,0
518677,2025-06-29,organic,,,,0
518678,2025-06-29,organic,,,,0
518679,2025-06-29,organic,,,,0
518680,2025-06-29,paid_social,prospecting_video,,,0
518681,2025-06-29,affiliate,finance_blogs,,,0
518682,2025-06-29,organic,,,,0
518683,2025-06-29,affiliate,finance_blogs,,,0
518684,2025-06-29,paid_search,brand_search,,,0
518685,2025-06-29,paid_search,brand_search,,,0
518686,2025-06-29,paid_search,generic_search,,,0
518687,2025-06-29,paid_social,prospecting_video,,,0
518688,2025-06-29,paid_social,retargeting,,,0
518689,2025-06-29,paid_search,brand_search,,,0
518690,2025-06-29,referral,,,,0
518691,2025-06-29,paid_social,retargeting,2025-06-30,monthly,29.97
518692,2025-06-29,paid_social,prospecting_video,,,0
518693,2025-06-29,paid_social,prospecting_video,,,0
518694,2025-06-29,organic,,,,0
518695,2025-06-29,organic,,,,0
518696,2025-06-29,organic,,,,0
518697,2025-06-29,paid_search,brand_search,,,0
518698,2025-06-29,organic,,,,0
518699,2025-06-29,paid_social,prospecting_video,,,0
518700,2025-06-29,paid_search,generic_search,2025-07-03,annual,79.99
518701,2025-06-29,paid_social,prospecting_video,,,0
518702,2025-06-29,paid_social,prospecting_video,,,0
518703,2025-06-29,paid_search,generic_search,,,0
518704,2025-06-29,paid_social,prospecting_video,,,0
518705,2025-06-29,organic,,,,0
518706,2025-06-29,organic,,,,0
518707,2025-06-29,paid_social,retargeting,,,0
518708,2025-06-29,paid_social,prospecting_video,,,0
518709,2025-06-29,paid_social,prospecting_video,,,0
518710,2025-06-29,paid_social,prospecting_video,,,0
518711,2025-06-29,paid_social,retargeting,2025-06-29,monthly,29.97
518712,2025-06-29,paid_social,prospecting_video,,,0
518713,2025-06-29,organic,,,,0
518714,2025-06-29,paid_social,retargeting,2025-07-04,monthly,29.97
518715,2025-06-29,paid_social,prospecting_video,,,0
518716,2025-06-29,organic,,,,0
518717,2025-06-29,paid_search,brand_search,,,0
518718,2025-06-29,referral,,,,0
518719,2025-06-29,paid_social,retargeting,2025-06-29,monthly,29.97
518720,2025-06-29,referral,,2025-07-02,monthly,19.98
518721,2025-06-29,paid_social,prospecting_video,,,0
518722,2025-06-29,paid_social,prospecting_video,,,0
518723,2025-06-29,organic,,,,0
518724,2025-06-29,referral,,,,0
518725,2025-06-29,organic,,,,0
518726,2025-06-29,paid_social,prospecting_video,,,0
518727,2025-06-29,organic,,,,0
518728,2025-06-29,organic,,,,0
518729,2025-06-29,affiliate,finance_blogs,,,0
518730,2025-06-29,referral,,,,0
518731,2025-06-29,organic,,,,0
518732,2025-06-29,organic,,,,0
518733,2025-06-29,paid_search,generic_search,2025-07-03,monthly,29.97
518734,2025-06-29,paid_social,prospecting_video,,,0
518735,2025-06-29,organic,,,,0
518736,2025-06-29,referral,,2025-06-30,monthly,19.98
518737,2025-06-29,paid_social,prospecting_video,,,0
518738,2025-06-29,paid_social,prospecting_video,,,0
518739,2025-06-29,paid_social,prospecting_video,,,0
518740,2025-06-29,paid_social,prospecting_video,,,0
518741,2025-06-29,organic,,,,0
518742,2025-06-29,paid_search,brand_search,,,0
518743,2025-06-29,organic,,,,0
518744,2025-06-29,paid_search,brand_search,,,0
518745,2025-06-29,organic,,,,0
518746,2025-06-29,organic,,,,0
518747,2025-06-29,paid_search,brand_search,,,0
518748,2025-06-29,organic,,,,0
518749,2025-06-29,paid_search,generic_search,2025-06-30,annual,79.99
518750,2025-06-30,affiliate,finance_blogs,,,0
518751,2025-06-30,paid_social,prospecting_video,,,0
518752,2025-06-30,organic,,,,0
518753,2025-06-30,paid_search,brand_search,,,0
518754,2025-06-30,paid_social,prospecting_video,,,0
518755,2025-06-30,paid_search,brand_search,,,0
518756,2025-06-30,paid_social,prospecting_video,,,0
518757,2025-06-30,paid_social,prospecting_video,,,0
518758,2025-06-30,organic,,,,0
518759,2025-06-30,paid_social,prospecting_video,,,0
518760,2025-06-30,paid_social,retargeting,,,0
518761,2025-06-30,paid_social,prospecting_video,,,0
518762,2025-06-30,paid_social,prospecting_video,,,0
518763,2025-06-30,paid_search,generic_search,,,0
518764,2025-06-30,paid_social,prospecting_video,,,0
518765,2025-06-30,paid_search,brand_search,,,0
518766,2025-06-30,paid_social,prospecting_video,,,0
518767,2025-06-30,paid_social,prospecting_video,,,0
518768,2025-06-30,paid_social,prospecting_video,,,0
518769,2025-06-30,paid_social,prospecting_video,,,0
518770,2025-06-30,paid_social,prospecting_video,,,0
518771,2025-06-30,paid_search,generic_search,2025-07-03,monthly,29.97
518772,2025-06-30,paid_social,prospecting_video,,,0
518773,2025-06-30,organic,,,,0
518774,2025-06-30,organic,,,,0
518775,2025-06-30,organic,,,,0
518776,2025-06-30,paid_social,prospecting_video,,,0
518777,2025-06-30,paid_social,prospecting_video,,,0
518778,2025-06-30,paid_social,prospecting_video,,,0
518779,2025-06-30,paid_search,brand_search,,,0
518780,2025-06-30,organic,,,,0
518781,2025-06-30,paid_search,brand_search,,,0
518782,2025-06-30,paid_social,prospecting_video,,,0
518783,2025-06-30,organic,,,,0
518784,2025-06-30,organic,,,,0
518785,2025-06-30,organic,,,,0
518786,2025-06-30,paid_social,prospecting_video,,,0
518787,2025-06-30,paid_search,brand_search,,,0
518788,2025-06-30,referral,,,,0
518789,2025-06-30,affiliate,finance_blogs,,,0
518790,2025-06-30,referral,,,,0
518791,2025-06-30,paid_social,prospecting_video,,,0
518792,2025-06-30,paid_social,prospecting_video,,,0
518793,2025-06-30,paid_social,prospecting_video,,,0
518794,2025-06-30,paid_social,prospecting_video,,,0
518795,2025-06-30,paid_social,prospecting_video,,,0
518796,2025-06-30,paid_social,retargeting,,,0
518797,2025-06-30,referral,,,,0
518798,2025-06-30,organic,,,,0
518799,2025-06-30,paid_social,prospecting_video,,,0
518800,2025-06-30,paid_search,generic_search,,,0
518801,2025-06-30,paid_social,retargeting,2025-07-13,annual,79.99
518802,2025-06-30,paid_social,prospecting_video,,,0
518803,2025-06-30,organic,,2025-07-05,monthly,29.97
518804,2025-06-30,paid_search,generic_search,,,0
518805,2025-06-30,paid_social,retargeting,,,0
518806,2025-06-30,referral,,,,0
518807,2025-06-30,referral,,,,0
518808,2025-06-30,paid_social,prospecting_video,,,0
518809,2025-06-30,paid_search,generic_search,,,0
518810,2025-06-30,organic,,,,0
518811,2025-06-30,organic,,,,0
518812,2025-06-30,organic,,,,0
518813,2025-06-30,referral,,,,0
518814,2025-06-30,organic,,,,0
518815,2025-06-30,affiliate,finance_blogs,,,0
518816,2025-06-30,paid_search,brand_search,,,0
518817,2025-06-30,paid_search,generic_search,,,0
518818,2025-06-30,affiliate,finance_blogs,,,0
518819,2025-06-30,organic,,,,0
518820,2025-06-30,paid_social,retargeting,,,0
518821,2025-06-30,paid_social,prospecting_video,,,0
518822,2025-06-30,paid_search,generic_search,,,0
518823,2025-06-30,paid_social,prospecting_video,,,0
518824,2025-06-30,paid_social,prospecting_video,,,0
518825,2025-06-30,paid_social,prospecting_video,,,0
518826,2025-06-30,paid_social,prospecting_video,,,0
518827,2025-06-30,paid_social,retargeting,,,0
518828,2025-06-30,organic,,,,0
518829,2025-06-30,organic,,,,0
518830,2025-06-30,paid_search,brand_search,,,0
518831,2025-06-30,paid_social,prospecting_video,,,0
518832,2025-06-30,paid_social,prospecting_video,,,0
518833,2025-06-30,paid_search,generic_search,,,0
518834,2025-06-30,organic,,,,0
518835,2025-06-30,paid_search,brand_search,,,0
518836,2025-06-30,paid_search,generic_search,,,0
518837,2025-06-30,referral,,,,0
518838,2025-06-30,organic,,,,0
518839,2025-06-30,referral,,,,0
518840,2025-06-30,paid_search,generic_search,,,0
